{
  
  "name": "default",
  "globalData": {
    "ambientCoeff": 1,
    "diffuseCoeff": 1,
    "specularCoeff": 1,
    "transparentCoeff": 0
  },
  "cameraData": {
    "position": [
      10.328946687668369,
      5.520973260083955,
      3.6695019731040257
    ],
    "up": [
      -0.4238816885152003,
      0.8931108590497756,
      -0.15058986549192016
    ],
    "heightAngle": 45,
    "look": [
      -0.8415796178981994,
      -0.44983662973058547,
      -0.2989828645440218
    ]
  },
  "groups": [
    {
      "name": "light",
      "lights": [
        {
          "type": "spot",
          "color": [
            1,
            1,
            1
          ],
          
          "direction": [
            0,
            -1,
            1
          ],
          "angle": 30.0,
          "penumbra": 20.0,
          "attenuationCoeff": [0.8, 0.05, 0.0]
        }
      ],
      "translate": [
        0,
        3.36,
        -3
      ],
      "rotate": [
        1,
        0,
        0,
        0
      ],
      "scale": [
        1,
        1,
        1
      ]
      
    },
    {
      
      "name": "sphere",
      "translate": [
        0.5,
        1.26,
        -0.23
      ],
      "rotate": [
        0,
        1,
        0,
        0
      ],
      "scale": [
        1,
        1,
        1
      ],
      "primitives": [
        {
          "type": "sphere",
          "diffuse": [
            1,
            1,
            1
          ],
          "specular": [
            0.5,
            0.5,
            0.5
          ],
          "ambient": [
            0.5,
            0.2,
            0.2
          ],
          "shininess": 1}
      ]
    },
    {
      
      "name": "cylinder",
      "translate": [
        0,
        1.2,
        0.76
      ],
      "rotate": [
        0,
        1,
        0,
        0
      ],
      "scale": [
        0.65,
        2,
        0.65
      ],
      "primitives": [
        {
          "type": "cylinder",
          "diffuse": [
            1,
            1,
            1
          ],
          "specular": [
            0.5,
            0.5,
            0.5
          ],
          "ambient": [
            0.2,
            0.2,
            0.5
          ],
          "shininess": 1}
      ]
    },
    {
      
      "name": "wall",
      "translate": [
        0,
        1.5,
        2.1
      ],
      "rotate": [
        0,
        1,
        0,
        0
      ],
      "scale": [
        4,
        3,
        0.2
      ],
      "primitives": [
        {
          "type": "cube",
          "diffuse": [
            1,
            1,
            1
          ],
          "specular": [
            0.1,
            0.1,
            0.1
          ],
          "ambient": [
            0.5,
            0.5,
            0.5
          ],
          "shininess": 1}
      ]
    },
    {
      
      "name": "floor",
      "translate": [
        0,
        0.1,
        0
      ],
      "rotate": [
        0,
        1,
        0,
        0
      ],
      "scale": [
        4,
        0.2,
        4
      ],
      "primitives": [
        {
          "type": "cube",
          "diffuse": [
            1,
            1,
            1
          ],
          "specular": [
            0.1,
            0.1,
            0.1
          ],
          "ambient": [
            0.5,
            0.5,
            0.5
          ],
          "shininess": 1}
      ]
    },
    {
      "name": "Lights",
      "lights": [],
      "translate": [
        1,
        1,
        2
      ]}
  ]
}