# Blender v3.6.23 OBJ File: ''
# www.blender.org
mtllib car.mtl
o Object001_Material_#37_0
v -48.389610 42.762733 53.416885
v -49.280354 37.851803 54.262524
v -49.311352 38.219662 69.530098
v -48.392334 42.671413 68.529182
v -46.170582 45.541431 67.075790
v -46.167747 45.636467 51.347034
v -48.372578 42.573730 88.414703
v -49.292198 38.420841 86.809067
v -49.157455 38.826080 100.134186
v -46.167747 45.636467 51.347034
v -46.170582 45.541431 67.075790
v -43.232216 46.855129 66.288895
v -42.580078 46.922474 48.992897
v -46.127903 45.429970 89.186638
v -46.127903 45.429970 89.186638
v -43.180325 46.543350 89.186440
v -40.034302 46.650021 65.792587
v -37.210796 47.164364 57.155922
v -23.802624 49.003593 62.028770
v -18.316835 48.811573 70.090134
v -18.046850 49.610527 62.618309
v 0.000000 49.666729 70.697937
v 0.000000 49.775383 69.664261
v -30.840233 46.187687 95.842690
v -40.777832 46.601963 100.676254
v -42.902847 46.578884 100.102623
v -25.750069 45.696621 116.617279
v -42.570869 46.596676 119.756042
v -30.116039 46.917866 119.756050
v -42.165287 45.575165 132.639572
v -29.516376 45.748928 132.214066
v -26.844830 44.708454 130.455154
v -24.076818 42.663521 124.629990
v -26.844830 44.708454 130.455154
v -24.703243 41.587994 128.691483
v -24.076818 42.663521 124.629990
v -23.381016 37.864372 127.789566
v -23.370806 35.182129 127.585526
v -23.381016 37.864372 127.789566
v -24.703243 41.587994 128.691483
v -45.291012 44.289925 132.251144
v -45.956348 45.452934 119.756042
v -45.291012 44.289925 132.251144
v -45.956348 45.452934 119.756042
v -48.004307 42.447277 119.917274
v -47.512505 42.056225 131.300522
v -46.001179 45.425098 100.102615
v -46.001179 45.425098 100.102615
v -48.273933 42.573711 100.101418
v -48.598927 38.840954 120.052696
v -48.477932 38.649677 126.588486
v -48.208282 38.219261 128.983383
v -47.801460 30.991686 124.035080
v -48.480362 37.764683 120.127991
v -48.108589 30.602810 108.810562
v -46.691692 26.004932 124.061836
v -47.562592 26.004930 110.850609
v -48.961292 36.454666 100.270737
v -48.642406 33.248558 100.302353
v -49.046879 32.993649 85.228828
v -49.263054 35.550568 85.533089
v -49.261192 34.698357 70.207031
v -48.566536 30.971092 78.721138
v -46.849144 25.297848 71.060509
v -47.007389 24.816710 54.527470
v -49.145420 33.841618 54.756256
v -44.117733 18.104189 63.628529
v -43.701859 16.956820 54.220364
v -41.704205 10.567233 52.583027
v -42.397312 13.899839 50.389427
v -41.286579 10.625887 -15.606368
v -42.872383 13.418977 -15.502014
v -43.445366 14.380200 -16.454025
v -41.476742 10.664102 -52.102276
v -44.884579 16.883114 -17.092026
v -45.710457 17.311249 -56.495789
v -47.266090 23.931940 -17.215197
v -48.093388 21.514711 -62.404163
v -49.102280 29.373604 -62.438435
v -48.705242 31.172647 -16.863955
v -48.504955 22.455336 -69.517700
v -49.050407 28.511620 -98.158897
v -48.636112 22.631702 -81.099266
v -48.415356 21.514698 -88.214195
v -47.529884 18.103989 -93.739067
v -46.384884 14.636294 -96.743118
v -49.149284 28.147150 -110.892334
v -49.026733 27.774721 -120.222412
v -49.034676 22.169659 -137.208115
v -49.029984 20.792889 -137.181168
v -49.034668 19.213202 -136.957413
v -47.368813 14.855907 -110.902710
v -45.245750 13.274730 -99.243271
v -48.576851 15.839553 -136.986526
v -46.051910 13.381459 -110.904999
v -46.858074 14.604971 -136.986526
v -41.456993 43.321781 124.419937
v -46.672897 40.088421 122.001793
v -45.746925 39.537338 123.713699
v -46.672897 40.088421 122.001793
v -47.041553 34.761368 122.001793
v -45.949417 34.582443 123.641678
v -45.746925 39.537338 123.713699
v 0.000000 27.922176 125.245506
v -10.051767 34.582573 124.564133
v -8.503168 26.004932 124.618340
v 0.000000 26.004929 125.232628
v -23.374733 34.584068 123.137955
v -17.978018 26.004929 125.741478
v -17.978018 26.004929 125.741478
v -23.374733 34.584068 123.137955
v -25.266401 35.712334 125.543411
v -25.266401 35.712334 125.543411
v -27.989906 26.004932 124.497948
v -17.978018 26.004929 125.741478
v -40.018200 34.584236 124.220047
v -41.456993 43.321781 124.419937
v -27.151409 40.395878 125.409012
v -29.714558 42.483074 125.181076
v -45.746925 39.537338 123.713699
v -45.949417 34.582443 123.641678
v -46.691692 26.004932 124.061836
v -43.590893 46.853371 41.064121
v -43.735096 46.847534 25.292759
v -43.897381 46.847328 -16.722401
v -46.130478 45.700546 -16.722416
v -46.130478 45.700546 -16.722416
v -48.351967 42.839317 -16.722416
v -49.189804 36.992104 -16.736584
v -44.085354 47.023438 -67.211205
v -46.499592 45.700550 -67.516151
v -46.499592 45.700550 -67.516151
v -46.407726 45.737816 -95.226761
v -44.085354 47.023438 -67.211205
v -45.371540 48.184105 -95.222855
v -46.407726 45.737816 -95.226761
v -48.829918 42.839314 -62.440498
v -49.451283 36.181824 -62.437397
v -49.355019 35.410919 -95.310547
v -48.744835 42.978550 -95.230606
v -49.294712 35.123627 -110.890556
v -48.354362 44.183315 -110.430931
v -48.907063 44.175747 -129.739822
v -48.055885 46.946869 -132.438278
v -47.448143 46.371792 -110.443413
v -46.206970 47.848614 -110.440865
v -10.051767 34.582573 124.564133
v 0.000000 34.578514 125.319931
v 0.000000 35.036942 129.241196
v -23.374733 34.584068 123.137955
v -13.733847 35.167736 129.863083
v -23.370806 35.182129 127.585526
v -6.038254 48.161297 -82.016830
v 0.000000 48.230045 -82.168610
v 0.000000 47.550583 -90.947800
v -22.176086 47.562180 -81.290543
v -17.214693 47.006382 -95.187531
v -33.837109 47.161713 -78.729820
v -35.979061 46.051361 -94.995941
v -41.412556 47.053547 -71.966209
v -38.888859 47.009491 -95.230591
v -42.972466 46.849533 -95.230591
v -41.652458 46.111263 -112.664452
v -38.075382 45.790462 -112.270027
v -37.211205 43.997269 -126.884949
v -40.878624 44.562927 -128.927658
v -37.104939 42.892258 -129.273453
v -37.104939 42.892258 -129.273453
v -40.452053 41.553734 -132.065262
v -40.878624 44.562927 -128.927658
v -36.770000 40.770874 -130.764969
v -35.829769 34.522205 -135.842941
v -39.283489 34.958805 -136.534317
v -39.271488 33.080982 -135.259689
v -17.763056 32.826717 -136.798080
v -18.124672 34.456371 -137.016220
v 0.000000 34.526783 -137.466934
v 0.000000 34.298309 -137.435104
v -18.237997 46.328957 -114.002739
v 0.000000 46.532219 -114.311531
v 0.000000 45.184238 -126.905945
v -18.810265 44.806221 -128.423294
v 0.000000 44.976437 -128.882431
v 0.000000 44.826866 -129.195572
v -18.702967 43.690788 -130.763229
v -18.702967 43.690788 -130.763229
v 0.000000 43.751793 -131.217819
v 0.000000 41.857124 -132.380997
v -18.595669 41.515358 -132.108200
v 0.000000 41.565620 -132.560837
v 0.000000 40.593666 -133.234909
v -17.292496 32.144001 -136.936966
v 0.000000 32.765812 -137.405136
v -39.435101 31.948454 -134.630905
v -44.194759 48.080273 -95.228928
v -43.007355 47.533451 -111.239784
v -42.136356 46.646858 -129.709976
v -43.720154 47.011261 -133.389572
v -41.652458 46.111263 -112.664452
v -40.878624 44.562927 -128.927658
v -42.136356 46.646858 -129.709976
v -40.452053 41.553734 -132.065262
v -43.720154 47.011261 -133.389572
v -43.426346 44.428360 -135.786057
v -43.956539 46.918259 -136.858200
v -39.283489 34.958805 -136.534317
v -17.152943 48.631641 98.814056
v -16.202934 47.545612 118.275238
v 0.000000 48.057232 118.935349
v 0.000000 49.092278 102.480591
v -15.228876 43.623730 126.747589
v -15.228876 43.623730 126.747589
v -24.076818 42.663521 124.629990
v 0.000000 43.987965 127.475418
v 0.000000 46.333630 124.406906
v -14.155689 37.864372 130.067123
v 0.000000 37.869110 130.657120
v 0.000000 43.006165 128.030075
v -13.733847 35.167736 129.863083
v 0.000000 35.625393 130.499191
v 0.000000 35.167736 130.461441
v -40.661190 62.301281 -53.091679
v -41.412556 47.053547 -71.966209
v -42.808643 48.440380 -66.785210
v -42.808643 48.440380 -66.785210
v -42.059162 61.003654 -52.878254
v -40.661190 62.301281 -53.091679
v -41.336472 64.410324 -40.686920
v -39.907967 65.399429 -37.597107
v -41.451893 64.096832 -34.143726
v -24.905128 68.700287 -37.597122
v -23.872627 65.603745 -54.978214
v -38.925129 66.627373 -17.576141
v -40.468735 65.435509 -17.576141
v -10.402793 70.262756 -37.597130
v -10.402800 66.755814 -55.736668
v 0.000000 70.571609 -37.691551
v 0.000000 67.928802 -51.927418
v -10.402792 71.490730 -17.576157
v 0.000000 71.719017 -17.508133
v 0.000000 70.838837 -33.334675
v -25.396231 69.875328 -17.576141
v -37.483070 67.211037 24.108658
v -38.916515 66.261238 24.564079
v -38.598568 66.238503 27.358788
v -37.345226 66.914078 28.882271
v -25.949272 70.000748 31.568476
v -25.834536 70.640800 23.626661
v -10.107540 71.665878 33.637310
v -10.358274 72.306923 23.861723
v 0.000000 72.378716 14.702618
v 0.000000 72.556099 23.720297
v 0.000000 71.938324 33.972332
v 0.000000 72.079773 31.839682
v -49.126568 25.150637 -137.123184
v -41.456993 43.321781 124.419937
v -29.516376 44.284836 132.214066
v -42.165287 44.111069 132.639572
v -29.714558 42.483074 125.181076
v -27.934395 43.825130 131.269821
v -25.792816 40.704681 128.962051
v -27.151409 40.395878 125.409012
v -24.638397 36.418118 127.402847
v -25.792816 40.704681 128.962051
v -27.151409 40.395878 125.409012
v -25.266401 35.712334 125.543411
v -24.638397 36.418118 127.402847
v -25.266401 35.712334 125.543411
v -46.691692 26.004932 124.061836
v -48.061043 47.033451 -139.520584
v -48.867653 44.535019 -135.559921
v -48.469318 33.858482 -138.382553
v -47.360802 25.164450 -141.216354
v -49.469574 27.790632 -120.254494
v -49.149284 28.147150 -110.892334
v -49.469574 27.790632 -120.254494
v -49.026733 27.774721 -120.222412
v -49.126568 25.150637 -137.123184
v -44.972591 49.380882 -95.226196
v -44.085354 47.023438 -67.211205
v -44.194759 48.080273 -95.228928
v -45.548584 49.627975 -110.376671
v -45.548584 49.627975 -110.376671
v -46.600311 49.627369 -133.580246
v -43.956539 46.918259 -136.858200
v -47.045204 49.949703 -140.481277
v -44.168968 46.857498 -139.845383
v -44.972591 49.380882 -95.226196
v -45.548584 49.627975 -110.376671
v -46.600311 49.627369 -133.580246
v -47.045204 49.949703 -140.481277
v -44.615276 43.386780 132.251144
v -46.672897 40.088421 122.001793
v -46.320156 41.486843 131.051682
v -46.672897 40.088421 122.001793
v -44.615276 43.386780 132.251144
v -46.919521 38.242157 129.059464
v -47.041553 34.761368 122.001793
v -46.662983 31.014578 124.111160
v -46.691692 26.004932 124.061836
v -40.535824 29.162130 -136.686722
v -42.376541 24.665361 -137.366745
v -43.216827 24.665361 -140.575546
v -41.526291 29.104582 -139.744431
v -39.435101 31.948454 -134.630905
v -40.496296 32.928532 -138.342575
v -39.271488 33.080982 -135.259689
v -44.168968 46.857498 -139.845383
v -40.487183 65.220528 25.063072
v -42.089928 64.183739 -17.576141
v -42.599316 63.672752 -31.577251
v -42.691086 62.399643 -43.616959
v -41.451893 64.096832 -34.143726
v -41.336472 64.410324 -40.686920
v -42.691086 62.399643 -43.616959
v -43.356319 59.799587 -52.680210
v 0.000000 28.153208 -141.652328
v -18.252487 24.665358 -142.672562
v -16.543701 28.717264 -140.962021
v 0.000000 28.707777 -141.411911
v -20.742273 24.665358 -141.770004
v 0.000000 31.622360 -137.973129
v 0.000000 32.132401 -137.376755
v -42.376541 24.665361 -137.366745
v -40.535824 29.162130 -136.686722
v -47.360802 25.164450 -141.216354
v -41.526291 29.104582 -139.744431
v -43.216827 24.665361 -140.575546
v -40.496296 32.928532 -138.342575
v -48.469318 33.858482 -138.382553
v -48.867653 44.535019 -135.559921
v -43.426346 44.428360 -135.786057
v -44.168968 46.857498 -139.845383
v -43.426346 44.428360 -135.786057
v -48.867653 44.535019 -135.559921
v -48.061043 47.033451 -139.520584
v -44.168968 46.857498 -139.845383
v -48.061043 47.033451 -139.520584
v -47.045204 49.949703 -140.481277
v -47.232224 31.003130 124.567947
v -47.232224 31.003130 124.567947
v -47.232224 31.003130 124.567947
v -46.662983 31.014578 124.111160
v -46.919521 38.242157 129.059464
v -47.563904 38.230705 129.516251
v -47.563904 38.230705 129.516251
v -47.563904 38.230705 129.516251
v -48.208282 38.219261 128.983383
v -47.801460 30.991686 124.035080
v -46.320156 41.486843 131.051682
v -46.916332 41.771534 131.670914
v -46.916332 41.771534 131.670914
v -45.291012 44.289925 132.251144
v -47.512505 42.056225 131.300522
v -46.916332 41.771534 131.670914
v -44.953144 43.838356 132.745956
v -46.916332 41.771534 131.670914
v -46.320156 41.486843 131.051682
v -44.953144 43.838356 132.745956
v -42.165283 44.843109 133.134384
v -42.165287 44.111069 132.639572
v -42.165283 44.843109 133.134384
v -44.953144 43.838356 132.745956
v -42.165287 45.575165 132.639572
v -29.516376 44.284836 132.214066
v -29.516376 45.748928 132.214066
v -29.516376 45.016884 132.708908
v -29.516376 45.016884 132.708908
v -27.934395 43.825130 131.269821
v -27.389614 44.266792 131.357285
v -27.389614 44.266792 131.357285
v -26.844830 44.708454 130.455154
v -25.792816 40.704681 128.962051
v -27.389614 44.266792 131.357285
v -25.248032 41.146339 129.321579
v -25.248032 41.146339 129.321579
v -25.248032 41.146339 129.321579
v -26.844830 44.708454 130.455154
v -24.638397 36.418118 127.402847
v -24.166626 36.342579 128.273911
v -24.166626 36.342579 128.273911
v -25.248032 41.146339 129.321579
v -24.166626 36.342579 128.273911
v -37.345226 66.914078 28.882271
v -38.598568 66.238503 27.358788
v -43.590893 46.853371 41.064121
v -42.580078 46.922474 48.992897
v -43.668095 13.359370 128.721878
v -46.114620 21.269367 131.403091
v -46.114616 21.269365 110.771713
v -43.668091 13.359368 110.771721
v -43.668095 13.359370 128.721878
v -43.668091 13.359368 110.771721
v -14.348047 13.359370 110.771721
v -14.348050 13.359373 132.303726
v -18.392401 26.068607 129.744064
v -44.732342 26.068607 126.162254
v -44.095013 24.008034 126.162254
v -18.182993 24.008030 129.744095
v -48.446060 28.807268 110.771713
v -48.446064 28.807270 131.403091
v -15.917952 28.807272 134.984909
v -15.917949 28.807268 110.771713
v -43.668091 13.359368 110.771721
v -46.114616 21.269365 110.771713
v -15.151904 21.269367 110.771721
v -14.348047 13.359370 110.771721
v -49.300735 26.957645 129.888596
v -49.300728 26.957644 112.286201
v -47.864307 22.313473 112.286201
v -47.864315 22.313475 129.888596
v -41.546074 16.236906 126.162254
v -14.348050 16.236908 129.744095
v -15.151907 18.391830 129.744095
v -42.212582 18.391830 126.162254
v -48.446060 28.807268 110.771713
v -15.917949 28.807268 110.771713
v -15.873500 28.187605 135.757156
v -47.824547 28.348934 132.175339
v -46.586082 27.435638 132.175308
v -17.053658 27.550303 135.757156
v -45.545010 21.357721 132.043106
v -45.223457 22.477816 132.175308
v -15.151911 21.269371 135.757156
v -16.604275 22.581619 135.757156
v -14.016208 22.526340 135.757156
v -14.465586 26.277662 135.757156
v 0.000000 21.269371 135.757156
v 0.000000 22.545727 135.757156
v -43.209759 13.980889 129.494125
v -42.674522 14.706692 129.494125
v -42.674522 14.706692 129.494125
v -43.928173 19.656988 129.979538
v -45.545010 21.357721 132.043106
v -14.348049 14.131617 133.075974
v -14.348049 14.555969 133.075974
v 0.000000 13.973667 133.075974
v 0.000000 14.720960 133.075974
v -43.928173 19.656988 129.979538
v -15.151907 19.757601 133.698410
v -43.185295 19.109154 128.792435
v -42.069088 15.527681 128.762741
v -41.546074 16.236906 126.162254
v -42.212582 18.391830 126.162254
v -42.069088 15.527681 128.762741
v -14.348050 15.531404 132.330917
v -14.348050 16.236908 129.744095
v -41.546074 16.236906 126.162254
v 0.000000 15.526334 132.349533
v 0.000000 16.236908 129.744095
v -15.151908 19.097338 132.330917
v -43.185295 19.109154 128.792435
v -42.212582 18.391830 126.162254
v -15.151907 18.391830 129.744095
v -17.674696 26.862951 135.000443
v -45.811203 26.864212 131.426956
v -44.732342 26.068607 126.162254
v -18.392401 26.068607 129.744064
v -45.811203 26.864212 131.426956
v -44.680538 23.214029 131.416336
v -44.095013 24.008034 126.162254
v -44.732342 26.068607 126.162254
v -44.680538 23.214029 131.416336
v -17.303274 23.213181 135.003830
v -18.182993 24.008030 129.744095
v -44.095013 24.008034 126.162254
v -17.303274 23.213181 135.003830
v -17.674696 26.862951 135.000443
v -18.392401 26.068607 129.744064
v -18.182993 24.008030 129.744095
v -13.766588 25.646101 135.003830
v -13.395167 23.213692 135.000443
v -12.677459 24.008034 129.744095
v -12.886865 24.851250 129.744095
v 0.000000 23.213524 135.001572
v 0.000000 24.008034 129.744095
v -12.677459 24.008034 129.744095
v -13.395167 23.213692 135.000443
v -46.114620 21.269367 131.403091
v -43.668095 13.359370 128.721878
v -14.348050 13.359373 132.303726
v 0.000000 13.359373 132.303726
v -15.917952 28.807272 134.984909
v -48.446064 28.807270 131.403091
v -47.824547 28.348934 132.175339
v -15.873500 28.187605 135.757156
v -47.824547 28.348934 132.175339
v -48.446064 28.807270 131.403091
v -17.674696 26.862951 135.000443
v -46.586082 27.435638 132.175308
v -45.811203 26.864212 131.426956
v -44.680538 23.214029 131.416336
v -17.303274 23.213181 135.003830
v -13.766588 25.646101 135.003830
v -13.395167 23.213692 135.000443
v 0.000000 23.213524 135.001572
v -42.069088 15.527681 128.762741
v -43.185295 19.109154 128.792435
v -14.348050 15.531404 132.330917
v 0.000000 15.526334 132.349533
v -15.151907 19.757601 133.698410
v -43.928173 19.656988 129.979538
v -48.446060 28.807268 110.771713
v -47.864307 22.313473 112.286201
v -49.300728 26.957644 112.286201
v -46.114616 21.269365 110.771713
v -46.114620 21.269367 131.403091
v -47.864315 22.313475 129.888596
v -47.864307 22.313473 112.286201
v -50.367199 21.896183 -144.727127
v -50.367195 21.896181 -138.381821
v -50.367195 24.403627 -138.381821
v -50.367195 24.403627 -144.727127
v -49.346233 21.138935 -136.274460
v -49.346233 21.138935 -143.377029
v -48.614784 12.355332 -141.046799
v -48.614788 12.355333 -136.274460
v -46.386047 18.479452 -138.822159
v -0.040221 18.479456 -140.903580
v 0.000000 15.014816 -140.856522
v -46.225464 15.014814 -138.775040
v 0.000000 21.138939 -145.382553
v 0.000000 18.933804 -144.708939
v -46.891769 18.933804 -142.645737
v -49.346233 21.138935 -143.377029
v -48.614784 12.355332 -141.046799
v -46.633659 14.560466 -141.825882
v 0.000000 18.933804 -144.708939
v 0.000000 18.519678 -141.242050
v -0.040221 18.479456 -140.903580
v -46.891769 18.933804 -142.645737
v -46.386047 18.479452 -138.822159
v -46.633659 14.560466 -141.825882
v -46.891769 18.933804 -142.645737
v -46.386047 18.479452 -138.822159
v -46.225464 15.014814 -138.775040
v -49.346237 25.160875 -136.274460
v -49.346233 25.160875 -143.377029
v -49.346233 25.160875 -143.377029
v 0.000000 25.160879 -145.382553
v 0.000000 24.403631 -146.804886
v -50.367195 24.403627 -144.727127
v -47.106953 29.485477 120.579529
v -47.106956 29.485479 123.940552
v -47.106956 34.298439 126.561829
v -47.106956 34.298439 123.200806
v 0.000000 29.485479 124.099014
v 0.000000 29.485479 129.977219
v -24.238121 29.485479 128.930069
v -24.238121 29.485483 123.051865
v 0.000000 29.485479 129.977219
v 0.000000 34.298443 130.081314
v -24.238121 34.298443 129.034164
v -24.238121 29.485479 128.930069
v 0.000000 34.298443 130.081314
v 0.000000 34.298439 126.720291
v -24.238119 34.298439 125.673141
v -24.238121 34.298443 129.034164
v -47.106956 29.485479 123.940552
v -47.106953 29.485477 120.579529
v -47.106956 34.298439 126.561829
v -47.106956 29.485479 123.940552
v -47.106956 34.298439 123.200806
v -47.106956 34.298439 126.561829
v -27.802450 38.652882 124.432144
v -28.570770 41.017529 124.432144
v -28.570772 41.017532 129.710831
v -27.802452 38.652885 129.710831
v -28.570770 41.017529 124.432144
v -30.582258 42.478958 124.432144
v -30.582260 42.478962 129.710831
v -28.570772 41.017532 129.710831
v -33.068600 42.478958 124.432144
v -33.068600 42.478962 129.710831
v -35.080090 41.017529 124.432144
v -35.080090 41.017532 129.710831
v -35.080090 41.017529 124.432144
v -35.848408 38.652882 124.432144
v -35.848408 38.652885 129.710831
v -35.080090 41.017532 129.710831
v -35.080086 36.288231 124.432144
v -35.080086 36.288235 129.710831
v -35.080086 36.288231 124.432144
v -33.068600 34.826797 124.432144
v -33.068600 34.826801 129.710831
v -35.080086 36.288235 129.710831
v -30.582258 34.826797 124.432144
v -30.582260 34.826801 129.710831
v -28.570770 36.288235 124.432144
v -28.570772 36.288235 129.710831
v -28.570770 36.288235 124.432144
v -28.570772 36.288235 129.710831
v -28.570772 41.017532 129.710831
v -30.582260 42.478962 129.710831
v -33.068600 42.478962 129.710831
v -35.080090 41.017532 129.710831
v -35.848408 38.652885 129.710831
v -35.080086 36.288235 129.710831
v -33.068600 34.826801 129.710831
v -30.582260 34.826801 129.710831
v -28.570772 36.288235 129.710831
v -27.802452 38.652885 129.710831
v -36.941536 38.652882 124.287674
v -37.709858 41.017529 124.287674
v -37.709858 41.017532 129.566330
v -36.941536 38.652885 129.566330
v -37.709858 41.017529 124.287674
v -39.721344 42.478958 124.287674
v -39.721344 42.478962 129.566330
v -37.709858 41.017532 129.566330
v -42.207680 42.478958 124.287674
v -42.207680 42.478962 129.566360
v -44.219166 41.017536 124.287674
v -44.219166 41.017532 129.566330
v -44.219166 41.017536 124.287674
v -44.987488 38.652885 124.287674
v -44.987488 38.652889 129.566330
v -44.219166 41.017532 129.566330
v -44.219166 36.288235 124.287674
v -44.219166 36.288239 129.566330
v -44.219166 36.288235 124.287674
v -42.207680 34.826797 124.287674
v -42.207680 34.826801 129.566330
v -44.219166 36.288239 129.566330
v -39.721344 34.826797 124.287674
v -39.721344 34.826801 129.566330
v -37.709854 36.288235 124.287674
v -37.709854 36.288235 129.566330
v -37.709854 36.288235 124.287674
v -37.709854 36.288235 129.566330
v -37.709858 41.017532 129.566330
v -39.721344 42.478962 129.566330
v -42.207680 42.478962 129.566360
v -44.219166 41.017532 129.566330
v -44.987488 38.652889 129.566330
v -44.219166 36.288239 129.566330
v -42.207680 34.826801 129.566330
v -39.721344 34.826801 129.566330
v -37.709854 36.288235 129.566330
v -36.941536 38.652885 129.566330
v -43.235073 41.847237 -135.368576
v -43.677059 40.486961 -135.368576
v -44.071190 40.773308 -139.654495
v -43.722248 41.847240 -139.654495
v -44.834183 39.646255 -135.368576
v -44.984730 40.109589 -139.654495
v -44.834183 39.646255 -135.368576
v -46.264473 39.646255 -135.368576
v -46.113926 40.109589 -139.654495
v -44.984730 40.109589 -139.654495
v -46.264473 39.646255 -135.368576
v -47.421597 40.486961 -135.368607
v -47.027466 40.773308 -139.654465
v -46.113926 40.109589 -139.654495
v -47.863583 41.847240 -135.368607
v -47.376408 41.847240 -139.654465
v -47.421593 43.207527 -135.368607
v -47.027462 42.921173 -139.654465
v -47.421593 43.207527 -135.368607
v -46.264469 44.048225 -135.368576
v -46.113922 43.584900 -139.654495
v -47.027462 42.921173 -139.654465
v -44.834179 44.048225 -135.368576
v -44.984726 43.584900 -139.654495
v -43.677052 43.207527 -135.368576
v -44.071186 42.921169 -139.654495
v -43.677052 43.207527 -135.368576
v -44.071186 42.921169 -139.654495
v -44.071190 40.773308 -139.654495
v -44.984730 40.109589 -139.654495
v -46.113926 40.109589 -139.654495
v -47.027466 40.773308 -139.654465
v -47.376408 41.847240 -139.654465
v -47.027462 42.921173 -139.654465
v -46.113922 43.584900 -139.654495
v -44.984726 43.584900 -139.654495
v -44.071186 42.921169 -139.654495
v -43.722248 41.847240 -139.654495
v -43.235073 36.585155 -136.559006
v -43.677059 35.224880 -136.559006
v -44.071186 35.511234 -140.844894
v -43.722244 36.585163 -140.844894
v -44.834183 34.384174 -136.559006
v -44.984726 34.847507 -140.844894
v -44.834183 34.384174 -136.559006
v -46.264473 34.384174 -136.559006
v -46.113922 34.847507 -140.844894
v -44.984726 34.847507 -140.844894
v -47.421597 35.224880 -136.559006
v -47.027462 35.511234 -140.844894
v -47.421597 35.224880 -136.559006
v -47.863583 36.585163 -136.559006
v -47.376404 36.585163 -140.844894
v -47.027462 35.511234 -140.844894
v -47.421597 37.945450 -136.559006
v -47.027462 37.659096 -140.844894
v -47.421597 37.945450 -136.559006
v -46.264473 38.786148 -136.559006
v -46.113922 38.322823 -140.844894
v -47.027462 37.659096 -140.844894
v -44.834183 38.786148 -136.559006
v -44.984726 38.322823 -140.844894
v -43.677055 37.945450 -136.559006
v -44.071186 37.659096 -140.844894
v -43.677055 37.945450 -136.559006
v -44.071186 37.659096 -140.844894
v -44.071186 35.511234 -140.844894
v -44.984726 34.847507 -140.844894
v -46.113922 34.847507 -140.844894
v -47.027462 35.511234 -140.844894
v -47.376404 36.585163 -140.844894
v -47.027462 37.659096 -140.844894
v -46.113922 38.322823 -140.844894
v -44.984726 38.322823 -140.844894
v -44.071186 37.659096 -140.844894
v -43.722244 36.585163 -140.844894
v -43.235073 31.376713 -138.068253
v -43.677055 30.016434 -138.068253
v -44.071186 30.302788 -142.354141
v -43.722244 31.376720 -142.354141
v -43.677055 30.016434 -138.068253
v -44.834179 29.175730 -138.068253
v -44.984726 29.639061 -142.354141
v -44.071186 30.302788 -142.354141
v -46.264469 29.175730 -138.068253
v -46.113922 29.639061 -142.354141
v -47.421593 30.016434 -138.068253
v -47.027462 30.302788 -142.354141
v -47.421593 30.016434 -138.068253
v -47.863583 31.376720 -138.068253
v -47.376404 31.376720 -142.354141
v -47.027462 30.302788 -142.354141
v -47.421597 32.737003 -138.068253
v -47.027462 32.450649 -142.354141
v -47.421597 32.737003 -138.068253
v -46.264473 33.577702 -138.068253
v -46.113922 33.114376 -142.354141
v -47.027462 32.450649 -142.354141
v -44.834183 33.577702 -138.068253
v -44.984726 33.114376 -142.354141
v -43.677055 32.737003 -138.068253
v -44.071186 32.450649 -142.354141
v -43.677055 32.737003 -138.068253
v -44.071186 32.450649 -142.354141
v -44.071186 30.302788 -142.354141
v -44.984726 29.639061 -142.354141
v -46.113922 29.639061 -142.354141
v -47.027462 30.302788 -142.354141
v -47.376404 31.376720 -142.354141
v -47.027462 32.450649 -142.354141
v -46.113922 33.114376 -142.354141
v -44.984726 33.114376 -142.354141
v -44.071186 32.450649 -142.354141
v -43.722244 31.376720 -142.354141
v 0.000000 50.264397 62.655510
v 0.000000 34.578514 125.319931
v 0.000000 35.167736 130.461441
v 0.000000 47.221985 -95.221527
v 0.000000 46.628056 -111.601631
v 0.000000 43.751793 -131.217819
v 0.000000 49.632915 74.838348
v 0.000000 49.594189 87.229645
v 0.000000 49.262127 99.537918
v 0.000000 46.954136 123.100510
v 0.000000 43.987965 127.475418
v 0.000000 67.165634 -55.874851
v 0.000000 24.665361 -143.281967
v 0.000000 13.359370 110.771721
v 0.000000 13.359373 132.303726
v 0.000000 18.391834 129.744095
v 0.000000 16.236908 129.744095
v 0.000000 28.807276 134.984909
v 0.000000 28.807272 110.771713
v 0.000000 28.807272 110.771713
v 0.000000 21.269369 110.771721
v 0.000000 24.851246 129.744095
v -12.886865 24.851250 129.744095
v -12.677459 24.008034 129.744095
v 0.000000 24.008034 129.744095
v 0.000000 13.359370 110.771721
v 0.000000 28.240545 135.757156
v 0.000000 26.298235 135.757156
v 0.000000 19.710081 133.633713
v 0.000000 18.391834 129.744095
v 0.000000 19.102476 132.349777
v 0.000000 25.645891 135.002457
v -13.766588 25.646101 135.003830
v -12.886865 24.851250 129.744095
v 0.000000 24.851246 129.744095
v 0.000000 28.807276 134.984909
v 0.000000 25.645891 135.002457
v 0.000000 19.710081 133.633713
v 0.000000 12.355335 -138.278915
v -48.614788 12.355333 -136.274460
v -48.614784 12.355332 -141.046799
v 0.000000 12.355332 -143.051254
v -49.346237 25.160875 -136.274460
v -49.346233 21.138935 -136.274460
v 0.000000 21.138939 -138.279984
v 0.000000 25.160879 -138.279984
v -49.346237 25.160875 -136.274460
v 0.000000 25.160879 -138.279984
v -50.367199 21.896183 -144.727127
v -50.367195 24.403627 -144.727127
v 0.000000 24.403631 -146.804886
v 0.000000 21.896185 -146.804886
v -48.614788 12.355333 -136.274460
v 0.000000 12.355335 -138.278915
v 0.000000 12.355332 -143.051254
v 0.000000 14.560468 -143.888992
v 0.000000 14.974596 -141.126541
v 0.000000 15.014816 -140.856522
v -0.040221 18.479456 -140.903580
v 0.000000 18.519678 -141.242050
v -46.225464 15.014814 -138.775040
v 0.000000 15.014816 -140.856522
v 0.000000 14.974596 -141.126541
v -46.633659 14.560466 -141.825882
v 0.000000 14.560468 -143.888992
v -49.346233 21.138935 -143.377029
v -50.367199 21.896183 -144.727127
v 0.000000 21.896185 -146.804886
v 0.000000 21.138939 -145.382553
v 48.389610 42.762730 53.416885
v 49.311352 38.219654 69.530098
v 49.280346 37.851799 54.262524
v 48.392334 42.671413 68.529182
v 46.170589 45.541424 67.075790
v 46.167747 45.636463 51.347034
v 48.372578 42.573723 88.414703
v 49.292198 38.420837 86.809067
v 49.157448 38.826077 100.134186
v 46.167747 45.636463 51.347034
v 43.232224 46.855137 66.288895
v 46.170589 45.541424 67.075790
v 42.580078 46.922482 48.992897
v 46.127911 45.429962 89.186638
v 46.127911 45.429962 89.186638
v 43.180332 46.543354 89.186440
v 40.034309 46.650021 65.792587
v 37.210796 47.164368 57.155922
v 23.802624 49.003593 62.028770
v 18.316835 48.811573 70.090141
v 18.046850 49.610527 62.618309
v 30.840233 46.187691 95.842682
v 40.777832 46.601967 100.676254
v 42.902847 46.578888 100.102615
v 25.750069 45.696621 116.617279
v 42.570869 46.596680 119.756042
v 30.116039 46.917873 119.756042
v 42.165295 45.575172 132.639572
v 29.516376 45.748932 132.214096
v 26.844830 44.708454 130.455154
v 24.076822 42.663525 124.629974
v 26.844830 44.708454 130.455154
v 24.076822 42.663525 124.629974
v 24.703243 41.587997 128.691483
v 23.381016 37.864376 127.789566
v 23.370806 35.182137 127.585541
v 24.703243 41.587997 128.691483
v 23.381016 37.864376 127.789566
v 45.291019 44.289917 132.251175
v 45.956348 45.452930 119.756042
v 45.291019 44.289917 132.251175
v 48.004299 42.447277 119.917274
v 45.956348 45.452930 119.756042
v 47.512505 42.056221 131.300522
v 46.001179 45.425095 100.102615
v 46.001179 45.425095 100.102615
v 48.273926 42.573711 100.101418
v 48.598919 38.840946 120.052696
v 48.477928 38.649670 126.588486
v 48.208275 38.219257 128.983383
v 47.801453 30.991682 124.035080
v 48.480354 37.764675 120.127991
v 48.108589 30.602810 108.810562
v 46.691689 26.004932 124.061836
v 47.562592 26.004930 110.850609
v 48.961285 36.454659 100.270737
v 48.642399 33.248550 100.302353
v 49.046879 32.993649 85.228828
v 49.263054 35.550564 85.533096
v 49.261192 34.698349 70.207031
v 48.566528 30.971088 78.721138
v 46.849144 25.297848 71.060509
v 47.007381 24.816710 54.527470
v 49.145412 33.841614 54.756256
v 44.117733 18.104189 63.628529
v 43.701859 16.956820 54.220364
v 41.704205 10.567233 52.583027
v 42.397312 13.899839 50.389427
v 41.286579 10.625887 -15.606368
v 42.872383 13.418975 -15.502014
v 43.445366 14.380200 -16.454025
v 41.476742 10.664102 -52.102295
v 44.884579 16.883114 -17.092026
v 45.710457 17.311249 -56.495819
v 47.266083 23.931940 -17.215197
v 48.093380 21.514711 -62.404148
v 49.102272 29.373604 -62.438419
v 48.705235 31.172644 -16.863955
v 48.504955 22.455336 -69.517670
v 49.050407 28.511620 -98.158882
v 48.636112 22.631702 -81.099251
v 48.415348 21.514698 -88.214195
v 47.529884 18.103989 -93.739037
v 46.384884 14.636294 -96.743134
v 49.149273 28.147150 -110.892326
v 49.026733 27.774721 -120.222389
v 49.034676 22.169659 -137.208115
v 49.029984 20.792891 -137.181168
v 49.034668 19.213202 -136.957413
v 47.368813 14.855907 -110.902695
v 45.245750 13.274730 -99.243301
v 48.576851 15.839555 -136.986526
v 46.051910 13.381461 -110.905014
v 46.858074 14.604971 -136.986496
v 41.456993 43.321789 124.419937
v 45.746918 39.537334 123.713699
v 46.672890 40.088421 122.001793
v 45.949409 34.582443 123.641678
v 47.041546 34.761364 122.001793
v 8.503168 26.004932 124.618340
v 10.051767 34.582573 124.564133
v 23.374733 34.584076 123.137970
v 17.978022 26.004932 125.741478
v 17.978022 26.004932 125.741478
v 25.266407 35.712341 125.543396
v 23.374733 34.584076 123.137970
v 25.266407 35.712341 125.543396
v 17.978022 26.004932 125.741478
v 27.989910 26.004929 124.497948
v 40.018192 34.584240 124.220047
v 41.456993 43.321789 124.419937
v 27.151409 40.395878 125.409012
v 29.714558 42.483078 125.181076
v 45.746918 39.537334 123.713699
v 45.949409 34.582443 123.641678
v 46.691689 26.004932 124.061836
v 43.590904 46.853371 41.064121
v 43.735096 46.847530 25.292759
v 43.897381 46.847321 -16.722401
v 46.130478 45.700546 -16.722416
v 48.351967 42.839317 -16.722416
v 46.130478 45.700546 -16.722416
v 49.189796 36.992100 -16.736584
v 44.085354 47.023434 -67.211220
v 46.499592 45.700542 -67.516121
v 46.499592 45.700542 -67.516121
v 46.407734 45.737816 -95.226761
v 44.085354 47.023434 -67.211220
v 46.407734 45.737816 -95.226761
v 45.371540 48.184101 -95.222855
v 48.829918 42.839314 -62.440498
v 49.451275 36.181824 -62.437382
v 49.355019 35.410915 -95.310516
v 48.744843 42.978546 -95.230606
v 49.294704 35.123627 -110.890526
v 48.354362 44.183311 -110.430916
v 48.907070 44.175743 -129.739822
v 48.055885 46.946861 -132.438278
v 47.448143 46.371788 -110.443398
v 46.206970 47.848606 -110.440895
v 10.051767 34.582573 124.564133
v 23.374733 34.584076 123.137970
v 13.733847 35.167736 129.863083
v 23.370806 35.182137 127.585541
v 6.038253 48.161297 -82.016830
v 22.176086 47.562183 -81.290543
v 17.214693 47.006382 -95.187531
v 33.837120 47.161720 -78.729851
v 35.979069 46.051365 -94.995972
v 41.412563 47.053551 -71.966225
v 38.888866 47.009499 -95.230621
v 42.972473 46.849541 -95.230621
v 41.652458 46.111267 -112.664452
v 38.075382 45.790466 -112.270027
v 37.211212 43.997272 -126.884964
v 40.878632 44.562931 -128.927689
v 37.104946 42.892258 -129.273483
v 37.104946 42.892258 -129.273483
v 40.878632 44.562931 -128.927689
v 40.452045 41.553741 -132.065262
v 36.769993 40.770878 -130.764969
v 35.829762 34.522213 -135.842941
v 39.283485 34.958805 -136.534317
v 39.271481 33.080990 -135.259689
v 17.763056 32.826717 -136.798080
v 18.124672 34.456371 -137.016220
v 18.237997 46.328957 -114.002739
v 18.810265 44.806221 -128.423294
v 18.702967 43.690788 -130.763229
v 18.702967 43.690788 -130.763229
v 18.595669 41.515358 -132.108200
v 17.292496 32.144001 -136.936966
v 39.435097 31.948462 -134.630905
v 44.194759 48.080273 -95.228943
v 43.007355 47.533451 -111.239799
v 42.136364 46.646858 -129.709976
v 43.720154 47.011257 -133.389572
v 41.652458 46.111267 -112.664452
v 42.136364 46.646858 -129.709976
v 40.878632 44.562931 -128.927689
v 40.452045 41.553741 -132.065262
v 43.720154 47.011257 -133.389572
v 43.426346 44.428360 -135.786057
v 43.956539 46.918255 -136.858200
v 39.283485 34.958805 -136.534317
v 17.152943 48.631641 98.814064
v 16.202934 47.545612 118.275238
v 15.228876 43.623730 126.747604
v 15.228876 43.623730 126.747604
v 24.076822 42.663525 124.629974
v 14.155689 37.864372 130.067123
v 13.733847 35.167736 129.863083
v 40.661198 62.301281 -53.091679
v 42.808643 48.440384 -66.785240
v 41.412563 47.053551 -71.966225
v 42.059170 61.003654 -52.878269
v 41.336472 64.410324 -40.686935
v 41.336472 64.410324 -40.686935
v 40.661198 62.301281 -53.091679
v 39.907967 65.399429 -37.597107
v 39.907967 65.399429 -37.597107
v 41.451900 64.096832 -34.143726
v 24.905132 68.700287 -37.597107
v 23.872627 65.603745 -54.978230
v 38.925129 66.627373 -17.576134
v 38.925129 66.627373 -17.576134
v 40.468735 65.435509 -17.576134
v 10.402793 70.262756 -37.597130
v 10.402800 66.755814 -55.736668
v 10.402792 71.490730 -17.576157
v 25.396235 69.875328 -17.576134
v 37.483070 67.211037 24.108658
v 37.483070 67.211037 24.108658
v 40.468735 65.435509 -17.576134
v 38.916515 66.261238 24.564079
v 38.598568 66.238503 27.358791
v 37.345226 66.914078 28.882278
v 25.949276 70.000748 31.568476
v 25.834536 70.640800 23.626669
v 10.107540 71.665878 33.637310
v 10.358274 72.306923 23.861723
v 49.126568 25.150637 -137.123184
v 41.456993 43.321789 124.419937
v 42.165295 44.111076 132.639572
v 29.516376 44.284840 132.214096
v 29.714558 42.483078 125.181076
v 27.934395 43.825134 131.269821
v 25.792816 40.704681 128.962051
v 27.151409 40.395878 125.409012
v 24.638397 36.418121 127.402847
v 27.151409 40.395878 125.409012
v 25.792816 40.704681 128.962051
v 25.266407 35.712341 125.543396
v 25.266407 35.712341 125.543396
v 24.638397 36.418121 127.402847
v 46.691689 26.004932 124.061836
v 48.867653 44.535015 -135.559921
v 48.061043 47.033447 -139.520584
v 48.469311 33.858479 -138.382553
v 47.360802 25.164450 -141.216354
v 49.469574 27.790632 -120.254478
v 49.149273 28.147150 -110.892326
v 49.026733 27.774721 -120.222389
v 49.469574 27.790632 -120.254478
v 49.126568 25.150637 -137.123184
v 44.972591 49.380882 -95.226196
v 44.194759 48.080273 -95.228943
v 44.085354 47.023434 -67.211220
v 45.548584 49.627975 -110.376686
v 45.548584 49.627975 -110.376686
v 46.600311 49.627369 -133.580215
v 43.956539 46.918255 -136.858200
v 47.045204 49.949703 -140.481277
v 44.168968 46.857494 -139.845383
v 44.972591 49.380882 -95.226196
v 45.548584 49.627975 -110.376686
v 46.600311 49.627369 -133.580215
v 47.045204 49.949703 -140.481277
v 44.615284 43.386780 132.251144
v 46.672890 40.088421 122.001793
v 46.320156 41.486839 131.051682
v 44.615284 43.386780 132.251144
v 46.672890 40.088421 122.001793
v 46.919514 38.242149 129.059464
v 47.041546 34.761364 122.001793
v 46.662975 31.014574 124.111160
v 46.691689 26.004932 124.061836
v 40.535816 29.162130 -136.686722
v 43.216827 24.665361 -140.575546
v 42.376541 24.665361 -137.366745
v 41.526291 29.104582 -139.744431
v 39.435097 31.948462 -134.630905
v 40.496288 32.928539 -138.342575
v 39.271481 33.080990 -135.259689
v 44.168968 46.857494 -139.845383
v 40.487183 65.220528 25.063080
v 42.089928 64.183739 -17.576141
v 38.916515 66.261238 24.564079
v 42.089928 64.183739 -17.576141
v 42.599323 63.672752 -31.577251
v 42.599323 63.672752 -31.577251
v 41.451900 64.096832 -34.143726
v 42.691086 62.399643 -43.616974
v 42.691086 62.399643 -43.616974
v 43.356327 59.799595 -52.680225
v 42.808643 48.440384 -66.785240
v 43.356327 59.799595 -52.680225
v 44.085354 47.023434 -67.211220
v 16.543701 28.717264 -140.962021
v 18.252491 24.665361 -142.672562
v 20.742273 24.665361 -141.770004
v 42.376541 24.665361 -137.366745
v 40.535816 29.162130 -136.686722
v 47.360802 25.164450 -141.216354
v 43.216827 24.665361 -140.575546
v 41.526291 29.104582 -139.744431
v 40.496288 32.928539 -138.342575
v 48.469311 33.858479 -138.382553
v 48.867653 44.535015 -135.559921
v 43.426346 44.428360 -135.786057
v 44.168968 46.857494 -139.845383
v 48.867653 44.535015 -135.559921
v 43.426346 44.428360 -135.786057
v 48.061043 47.033447 -139.520584
v 44.168968 46.857494 -139.845383
v 47.045204 49.949703 -140.481277
v 48.061043 47.033447 -139.520584
v 47.232216 31.003126 124.567947
v 47.232216 31.003126 124.567947
v 47.232216 31.003126 124.567947
v 46.919514 38.242149 129.059464
v 46.662975 31.014574 124.111160
v 47.563896 38.230705 129.516251
v 47.563896 38.230705 129.516251
v 47.563896 38.230705 129.516251
v 47.801453 30.991682 124.035080
v 48.208275 38.219257 128.983383
v 46.320156 41.486839 131.051682
v 46.916332 41.771530 131.670944
v 46.916332 41.771530 131.670944
v 45.291019 44.289917 132.251175
v 46.916332 41.771530 131.670944
v 47.512505 42.056221 131.300522
v 44.953152 43.838356 132.745987
v 46.320156 41.486839 131.051682
v 46.916332 41.771530 131.670944
v 44.953152 43.838356 132.745987
v 42.165291 44.843117 133.134415
v 42.165295 44.111076 132.639572
v 44.953152 43.838356 132.745987
v 42.165291 44.843117 133.134415
v 42.165295 45.575172 132.639572
v 29.516376 44.284840 132.214096
v 29.516376 45.748932 132.214096
v 29.516376 45.016884 132.708908
v 29.516376 45.016884 132.708908
v 27.934395 43.825134 131.269821
v 27.389614 44.266800 131.357315
v 27.389614 44.266800 131.357315
v 26.844830 44.708454 130.455154
v 25.792816 40.704681 128.962051
v 25.248032 41.146339 129.321579
v 27.389614 44.266800 131.357315
v 25.248032 41.146339 129.321579
v 25.248032 41.146339 129.321579
v 26.844830 44.708454 130.455154
v 24.638397 36.418121 127.402847
v 24.166626 36.342579 128.273911
v 25.248032 41.146339 129.321579
v 24.166626 36.342579 128.273911
v 24.166626 36.342579 128.273911
v 37.345226 66.914078 28.882278
v 42.580078 46.922482 48.992897
v 43.590904 46.853371 41.064121
v 38.598568 66.238503 27.358791
v 43.668087 13.359370 128.721878
v 43.668091 13.359368 110.771721
v 46.114616 21.269365 110.771713
v 46.114620 21.269367 131.403091
v 43.668087 13.359370 128.721878
v 14.348050 13.359373 132.303726
v 14.348049 13.359370 110.771721
v 43.668091 13.359368 110.771721
v 18.392401 26.068607 129.744064
v 18.182993 24.008034 129.744095
v 44.095005 24.008034 126.162254
v 44.732334 26.068607 126.162254
v 48.446060 28.807268 110.771713
v 15.917949 28.807272 110.771713
v 15.917952 28.807276 134.984940
v 48.446064 28.807270 131.403091
v 43.668091 13.359368 110.771721
v 14.348049 13.359370 110.771721
v 15.151904 21.269367 110.771721
v 46.114616 21.269365 110.771713
v 49.300728 26.957645 129.888596
v 47.864307 22.313475 129.888596
v 47.864307 22.313473 112.286201
v 49.300728 26.957644 112.286201
v 41.546066 16.236906 126.162254
v 42.212574 18.391830 126.162254
v 15.151907 18.391832 129.744095
v 14.348050 16.236908 129.744095
v 15.917949 28.807272 110.771713
v 48.446060 28.807268 110.771713
v 15.873500 28.187609 135.757156
v 17.053658 27.550303 135.757156
v 46.586082 27.435638 132.175339
v 47.824547 28.348934 132.175308
v 45.223457 22.477816 132.175339
v 45.545010 21.357721 132.043106
v 16.604275 22.581619 135.757156
v 15.151911 21.269371 135.757156
v 14.465586 26.277662 135.757156
v 14.016208 22.526340 135.757156
v 45.545010 21.357721 132.043106
v 43.928173 19.656988 129.979568
v 42.674515 14.706692 129.494125
v 42.674515 14.706692 129.494125
v 43.209755 13.980889 129.494125
v 14.348051 14.555969 133.075974
v 14.348051 14.131617 133.076004
v 15.151909 19.757603 133.698441
v 43.928173 19.656988 129.979568
v 43.185287 19.109154 128.792435
v 42.212574 18.391830 126.162254
v 41.546066 16.236906 126.162254
v 42.069080 15.527681 128.762741
v 42.069080 15.527681 128.762741
v 41.546066 16.236906 126.162254
v 14.348050 16.236908 129.744095
v 14.348050 15.531405 132.330917
v 15.151908 19.097338 132.330917
v 15.151907 18.391832 129.744095
v 42.212574 18.391830 126.162254
v 43.185287 19.109154 128.792435
v 17.674696 26.862955 135.000443
v 18.392401 26.068607 129.744064
v 44.732334 26.068607 126.162254
v 45.811203 26.864212 131.426987
v 45.811203 26.864212 131.426987
v 44.732334 26.068607 126.162254
v 44.095005 24.008034 126.162254
v 44.680538 23.214029 131.416336
v 44.680538 23.214029 131.416336
v 44.095005 24.008034 126.162254
v 18.182993 24.008034 129.744095
v 17.303274 23.213184 135.003830
v 17.303274 23.213184 135.003830
v 18.182993 24.008034 129.744095
v 18.392401 26.068607 129.744064
v 17.674696 26.862955 135.000443
v 13.766588 25.646105 135.003830
v 12.886865 24.851250 129.744095
v 12.677459 24.008034 129.744095
v 13.395167 23.213692 135.000443
v 13.395167 23.213692 135.000443
v 12.677459 24.008034 129.744095
v 43.668087 13.359370 128.721878
v 46.114620 21.269367 131.403091
v 14.348050 13.359373 132.303726
v 15.873500 28.187609 135.757156
v 47.824547 28.348934 132.175308
v 48.446064 28.807270 131.403091
v 15.917952 28.807276 134.984940
v 48.446064 28.807270 131.403091
v 47.824547 28.348934 132.175308
v 46.586082 27.435638 132.175339
v 17.674696 26.862955 135.000443
v 45.811203 26.864212 131.426987
v 44.680538 23.214029 131.416336
v 17.303274 23.213184 135.003830
v 13.766588 25.646105 135.003830
v 13.395167 23.213692 135.000443
v 43.185287 19.109154 128.792435
v 42.069080 15.527681 128.762741
v 14.348050 15.531405 132.330917
v 43.928173 19.656988 129.979568
v 15.151909 19.757603 133.698441
v 48.446060 28.807268 110.771713
v 49.300728 26.957644 112.286201
v 47.864307 22.313473 112.286201
v 46.114616 21.269365 110.771713
v 47.864307 22.313473 112.286201
v 47.864307 22.313475 129.888596
v 46.114620 21.269367 131.403091
v 50.367199 21.896183 -144.727127
v 50.367195 24.403631 -144.727127
v 50.367195 24.403631 -138.381821
v 50.367195 21.896183 -138.381821
v 49.346233 21.138937 -136.274460
v 48.614788 12.355333 -136.274460
v 48.614784 12.355332 -141.046799
v 49.346233 21.138937 -143.377029
v 46.386047 18.479452 -138.822159
v 46.225464 15.014814 -138.775040
v 0.000000 15.014816 -140.856522
v 0.040222 18.479456 -140.903580
v 49.346233 21.138937 -143.377029
v 46.891769 18.933804 -142.645706
v 48.614784 12.355332 -141.046799
v 46.633659 14.560466 -141.825851
v 46.891769 18.933804 -142.645706
v 46.386047 18.479452 -138.822159
v 0.040222 18.479456 -140.903580
v 46.633659 14.560466 -141.825851
v 46.225464 15.014814 -138.775040
v 46.386047 18.479452 -138.822159
v 46.891769 18.933804 -142.645706
v 49.346233 25.160875 -136.274460
v 49.346233 25.160875 -143.377029
v 49.346233 25.160875 -143.377029
v 50.367195 24.403631 -144.727127
v 47.106953 29.485477 120.579529
v 47.106949 34.298439 123.200806
v 47.106949 34.298439 126.561829
v 47.106949 29.485479 123.940552
v 24.238121 29.485479 123.051865
v 24.238121 29.485476 128.930069
v 24.238121 29.485476 128.930069
v 24.238121 34.298443 129.034164
v 24.238121 34.298443 129.034164
v 24.238123 34.298439 125.673141
v 47.106953 29.485477 120.579529
v 47.106949 29.485479 123.940552
v 47.106949 29.485479 123.940552
v 47.106949 34.298439 126.561829
v 47.106949 34.298439 126.561829
v 47.106949 34.298439 123.200806
v 27.802454 38.652885 124.432144
v 27.802452 38.652889 129.710831
v 28.570772 41.017540 129.710831
v 28.570774 41.017536 124.432144
v 28.570774 41.017536 124.432144
v 28.570772 41.017540 129.710831
v 30.582260 42.478966 129.710831
v 30.582262 42.478962 124.432144
v 33.068596 42.478966 129.710831
v 33.068592 42.478962 124.432144
v 35.080082 41.017532 129.710831
v 35.080082 41.017536 124.432144
v 35.080082 41.017536 124.432144
v 35.080082 41.017532 129.710831
v 35.848400 38.652889 129.710831
v 35.848400 38.652885 124.432144
v 35.080078 36.288239 129.710831
v 35.080078 36.288235 124.432144
v 35.080078 36.288235 124.432144
v 35.080078 36.288239 129.710831
v 33.068592 34.826809 129.710831
v 33.068592 34.826805 124.432144
v 30.582260 34.826809 129.710831
v 30.582262 34.826805 124.432144
v 28.570772 36.288239 129.710831
v 28.570774 36.288239 124.432144
v 28.570774 36.288239 124.432144
v 28.570772 36.288239 129.710831
v 28.570772 36.288239 129.710831
v 30.582260 34.826809 129.710831
v 33.068592 34.826809 129.710831
v 35.080078 36.288239 129.710831
v 35.848400 38.652889 129.710831
v 35.080082 41.017532 129.710831
v 33.068596 42.478966 129.710831
v 30.582260 42.478966 129.710831
v 28.570772 41.017540 129.710831
v 27.802452 38.652889 129.710831
v 36.941528 38.652885 124.287674
v 36.941528 38.652889 129.566330
v 37.709850 41.017540 129.566330
v 37.709850 41.017536 124.287674
v 37.709850 41.017536 124.287674
v 37.709850 41.017540 129.566330
v 39.721336 42.478966 129.566330
v 39.721336 42.478962 124.287674
v 42.207672 42.478966 129.566360
v 42.207672 42.478962 124.287674
v 44.219158 41.017532 129.566330
v 44.219158 41.017529 124.287674
v 44.219158 41.017529 124.287674
v 44.219158 41.017532 129.566330
v 44.987480 38.652885 129.566330
v 44.987480 38.652882 124.287674
v 44.219158 36.288235 129.566330
v 44.219158 36.288231 124.287674
v 44.219158 36.288231 124.287674
v 44.219158 36.288235 129.566330
v 42.207672 34.826809 129.566330
v 42.207672 34.826805 124.287674
v 39.721336 34.826809 129.566330
v 39.721336 34.826805 124.287674
v 37.709846 36.288239 129.566330
v 37.709846 36.288239 124.287674
v 37.709846 36.288239 124.287674
v 37.709846 36.288239 129.566330
v 37.709846 36.288239 129.566330
v 39.721336 34.826809 129.566330
v 42.207672 34.826809 129.566330
v 44.219158 36.288235 129.566330
v 44.987480 38.652885 129.566330
v 44.219158 41.017532 129.566330
v 42.207672 42.478966 129.566360
v 39.721336 42.478966 129.566330
v 37.709850 41.017540 129.566330
v 36.941528 38.652889 129.566330
v 43.235065 41.847240 -135.368576
v 43.722240 41.847237 -139.654495
v 44.071182 40.773308 -139.654495
v 43.677052 40.486954 -135.368576
v 43.677052 40.486954 -135.368576
v 44.071182 40.773308 -139.654495
v 44.984722 40.109581 -139.654495
v 44.834175 39.646252 -135.368576
v 46.113918 40.109581 -139.654495
v 46.264465 39.646252 -135.368576
v 47.027458 40.773308 -139.654465
v 47.421589 40.486954 -135.368607
v 47.421589 40.486954 -135.368607
v 47.027458 40.773308 -139.654465
v 47.376400 41.847237 -139.654465
v 47.863575 41.847237 -135.368607
v 47.027462 42.921169 -139.654465
v 47.421593 43.207520 -135.368607
v 47.421593 43.207520 -135.368607
v 47.027462 42.921169 -139.654465
v 46.113922 43.584892 -139.654495
v 46.264469 44.048218 -135.368576
v 44.984726 43.584892 -139.654495
v 44.834179 44.048218 -135.368576
v 44.071186 42.921165 -139.654495
v 43.677052 43.207520 -135.368576
v 43.677052 43.207520 -135.368576
v 44.071186 42.921165 -139.654495
v 44.071186 42.921165 -139.654495
v 44.984726 43.584892 -139.654495
v 46.113922 43.584892 -139.654495
v 47.027462 42.921169 -139.654465
v 47.376400 41.847237 -139.654465
v 47.027458 40.773308 -139.654465
v 46.113918 40.109581 -139.654495
v 44.984722 40.109581 -139.654495
v 44.071182 40.773308 -139.654495
v 43.722240 41.847237 -139.654495
v 43.235065 36.585163 -136.559006
v 43.722244 36.585155 -140.844894
v 44.071186 35.511234 -140.844894
v 43.677052 35.224876 -136.559006
v 43.677052 35.224876 -136.559006
v 44.071186 35.511234 -140.844894
v 44.984726 34.847504 -140.844894
v 44.834175 34.384174 -136.559006
v 46.113922 34.847504 -140.844894
v 46.264465 34.384174 -136.559006
v 47.027462 35.511234 -140.844894
v 47.421589 35.224876 -136.559006
v 47.421589 35.224876 -136.559006
v 47.027462 35.511234 -140.844894
v 47.376404 36.585155 -140.844894
v 47.863575 36.585155 -136.559006
v 47.027462 37.659096 -140.844894
v 47.421589 37.945446 -136.559006
v 47.421589 37.945446 -136.559006
v 47.027462 37.659096 -140.844894
v 46.113922 38.322819 -140.844894
v 46.264465 38.786148 -136.559006
v 44.984726 38.322823 -140.844894
v 44.834175 38.786148 -136.559006
v 44.071186 37.659088 -140.844894
v 43.677048 37.945446 -136.559006
v 43.677048 37.945446 -136.559006
v 44.071186 37.659088 -140.844894
v 44.071186 37.659088 -140.844894
v 44.984726 38.322823 -140.844894
v 46.113922 38.322819 -140.844894
v 47.027462 37.659096 -140.844894
v 47.376404 36.585155 -140.844894
v 47.027462 35.511234 -140.844894
v 46.113922 34.847504 -140.844894
v 44.984726 34.847504 -140.844894
v 44.071186 35.511234 -140.844894
v 43.722244 36.585155 -140.844894
v 43.235065 31.376720 -138.068253
v 43.722244 31.376713 -142.354141
v 44.071186 30.302788 -142.354141
v 43.677055 30.016434 -138.068253
v 43.677055 30.016434 -138.068253
v 44.071186 30.302788 -142.354141
v 44.984726 29.639061 -142.354141
v 44.834179 29.175730 -138.068253
v 46.113922 29.639061 -142.354141
v 46.264469 29.175730 -138.068253
v 47.027462 30.302788 -142.354141
v 47.421593 30.016434 -138.068253
v 47.421593 30.016434 -138.068253
v 47.027462 30.302788 -142.354141
v 47.376404 31.376713 -142.354141
v 47.863575 31.376713 -138.068253
v 47.027462 32.450649 -142.354141
v 47.421589 32.737000 -138.068253
v 47.421589 32.737000 -138.068253
v 47.027462 32.450649 -142.354141
v 46.113922 33.114372 -142.354141
v 46.264465 33.577702 -138.068253
v 44.984726 33.114372 -142.354141
v 44.834175 33.577702 -138.068253
v 44.071186 32.450642 -142.354141
v 43.677048 32.737000 -138.068253
v 43.677048 32.737000 -138.068253
v 44.071186 32.450642 -142.354141
v 44.071186 32.450642 -142.354141
v 44.984726 33.114372 -142.354141
v 46.113922 33.114372 -142.354141
v 47.027462 32.450649 -142.354141
v 47.376404 31.376713 -142.354141
v 47.027462 30.302788 -142.354141
v 46.113922 29.639061 -142.354141
v 44.984726 29.639061 -142.354141
v 44.071186 30.302788 -142.354141
v 43.722244 31.376713 -142.354141
v 12.677459 24.008034 129.744095
v 12.886865 24.851250 129.744095
v 12.886865 24.851250 129.744095
v 13.766588 25.646105 135.003830
v 48.614784 12.355332 -141.046799
v 48.614788 12.355333 -136.274460
v 49.346233 25.160875 -136.274460
v 49.346233 21.138937 -136.274460
v 49.346233 25.160875 -136.274460
v 50.367199 21.896183 -144.727127
v 50.367195 24.403631 -144.727127
v 48.614788 12.355333 -136.274460
v 0.000000 14.974596 -141.126541
v 0.000000 18.519678 -141.242050
v 0.040222 18.479456 -140.903580
v 0.000000 15.014816 -140.856522
v 46.225464 15.014814 -138.775040
v 46.633659 14.560466 -141.825851
v 49.346233 21.138937 -143.377029
v 50.367199 21.896183 -144.727127
v -36.473858 48.378838 56.061733
v -40.886883 47.992069 49.043278
v -23.616850 50.048721 60.657661
v -18.044889 50.629810 61.223778
v 0.000000 51.301884 61.274704
v 18.044889 50.629810 61.223778
v 23.616850 50.048721 60.657661
v 36.473858 48.378838 56.061733
v 40.886883 47.992069 49.043278
v 36.162502 66.411453 30.698698
v 26.015162 68.991043 32.967808
v 25.949276 70.000748 31.568476
v 10.107540 71.665878 33.637310
v 10.155211 70.643890 35.028847
v 10.155211 70.643890 35.028847
v 0.000000 71.938324 33.972332
v 0.000000 70.899551 35.351852
v -10.107540 71.665878 33.637310
v -10.155211 70.643890 35.028847
v -26.015158 68.991043 32.967808
v -26.015158 68.991043 32.967808
v -36.162502 66.411453 30.698694
v -35.891846 47.741932 54.042885
v -39.550152 47.241207 47.928261
v -23.469748 49.277264 58.419727
v -18.043224 49.839195 58.968254
v 0.000000 50.526752 59.030869
v 18.043224 49.839195 58.968254
v 23.469746 49.277264 58.419727
v 35.891846 47.741936 54.042885
v 39.550152 47.241211 47.928261
v 40.886883 47.992069 49.043278
v 36.162502 66.411453 30.698698
v 35.228096 64.418564 30.977282
v 39.550152 47.241211 47.928261
v 36.162502 66.411453 30.698698
v 26.015162 68.991043 32.967808
v 26.067146 66.599533 32.918159
v 35.228096 64.418564 30.977282
v 10.192972 68.242676 34.973064
v 0.000000 68.483978 35.285725
v -10.192972 68.242676 34.973064
v -26.067142 66.599533 32.918159
v -36.162502 66.411453 30.698694
v -35.228096 64.418564 30.977278
v -36.162502 66.411453 30.698694
v -40.886883 47.992069 49.043278
v -39.550152 47.241207 47.928261
v -35.228096 64.418564 30.977278
v -43.897381 46.847328 -16.722401
v -43.735096 46.847534 25.292759
v -43.604755 47.910076 24.209476
v -43.727501 47.905415 -15.703626
v -40.487183 65.220528 25.063072
v -40.662148 64.131889 24.005157
v -42.089928 64.183739 -17.576141
v -42.215015 63.152679 -16.452490
v 43.735096 46.847530 25.292759
v 43.897381 46.847321 -16.722401
v 43.727501 47.905411 -15.703618
v 43.604755 47.910080 24.209476
v 42.215015 63.152679 -16.452490
v 40.487183 65.220528 25.063080
v 40.662148 64.131889 24.005157
v -42.594669 48.683819 23.273088
v -42.683868 48.675373 -14.856343
v -39.911118 63.080292 23.090302
v -41.421669 62.149956 -15.516227
v 42.683868 48.675373 -14.856343
v 42.594669 48.683826 23.273088
v 41.421669 62.149956 -15.516227
v 39.911118 63.080292 23.090302
v -44.085354 47.023438 -67.211205
v -43.825279 47.940823 -17.869045
v -43.961220 48.099930 -64.329521
v -42.193825 63.054695 -18.614279
v -42.599316 63.672752 -31.577251
v -42.685005 62.586281 -31.498173
v -42.773903 61.327087 -43.404831
v -43.356319 59.799587 -52.680210
v -43.427235 58.821796 -52.140965
v 43.961220 48.099926 -64.329544
v 43.825279 47.940823 -17.869045
v 43.427242 58.821804 -52.140980
v 42.773903 61.327087 -43.404846
v 42.685013 62.586281 -31.498173
v 42.193825 63.054695 -18.614279
v -43.961220 48.099930 -64.329521
v -43.825279 47.940823 -17.869045
v -42.567684 48.602665 -18.680136
v -42.667465 48.749966 -62.347466
v -43.825279 47.940823 -17.869045
v -42.193825 63.054695 -18.614279
v -41.058205 62.175491 -19.350136
v -42.567684 48.602665 -18.680136
v -42.193825 63.054695 -18.614279
v -42.685005 62.586281 -31.498173
v -41.536743 61.736568 -31.459385
v -41.058205 62.175491 -19.350136
v -42.773903 61.327087 -43.404831
v -41.623646 60.487034 -43.273804
v -43.427235 58.821796 -52.140965
v -42.268723 58.047447 -51.783115
v -43.427235 58.821796 -52.140965
v -43.961220 48.099930 -64.329521
v -42.667465 48.749966 -62.347466
v -42.667465 48.749966 -62.347466
v 43.825279 47.940823 -17.869045
v 43.961220 48.099926 -64.329544
v 42.667465 48.749969 -62.347485
v 42.567684 48.602665 -18.680136
v 42.268730 58.047447 -51.783131
v 42.268730 58.047447 -51.783131
v 42.667465 48.749969 -62.347485
v 43.961220 48.099926 -64.329544
v 41.623646 60.487034 -43.273819
v 41.536751 61.736568 -31.459385
v 41.058205 62.175491 -19.350136
v 42.193825 63.054695 -18.614279
v 43.825279 47.940823 -17.869045
v 42.567684 48.602665 -18.680136
v 41.058205 62.175491 -19.350136
v -6.018486 48.952999 -80.907455
v 0.000000 49.025120 -81.061325
v -22.059633 48.358860 -80.186493
v -33.355068 48.015537 -77.738800
v -40.076443 47.807831 -71.622398
v -39.426331 61.860825 -54.414742
v -23.857759 64.825226 -56.097050
v -10.392197 65.965332 -56.847050
v 0.000000 66.371567 -56.982822
v 10.392197 65.965332 -56.847050
v 23.857759 64.825226 -56.097065
v 39.426338 61.860825 -54.414772
v 40.076443 47.807838 -71.622398
v 33.355076 48.015537 -77.738800
v 22.059633 48.358864 -80.186493
v 6.018487 48.952999 -80.907455
v 0.000000 49.025120 -81.061325
v -6.018486 48.952999 -80.907455
v -6.009700 48.438240 -79.803787
v 0.000000 48.511913 -79.958618
v -22.059633 48.358860 -80.186493
v -22.007820 47.845978 -79.084976
v -33.355068 48.015537 -77.738800
v -33.140736 47.528042 -76.687469
v -40.076443 47.807831 -71.622398
v -39.482506 47.276096 -70.858727
v -40.076443 47.807831 -71.622398
v -39.426331 61.860825 -54.414742
v -38.877258 60.797871 -54.391804
v -39.482506 47.276096 -70.858727
v -39.426331 61.860825 -54.414742
v -23.857759 64.825226 -56.097050
v -23.851131 63.612522 -55.983662
v -38.877258 60.797871 -54.391804
v -10.392197 65.965332 -56.847050
v -10.387486 64.747360 -56.729939
v 0.000000 66.371567 -56.982822
v 0.000000 65.151917 -56.864597
v 10.392197 65.965332 -56.847050
v 10.387486 64.747360 -56.729939
v 23.857759 64.825226 -56.097065
v 23.851128 63.612522 -55.983662
v 39.426338 61.860825 -54.414772
v 38.877266 60.797871 -54.391823
v 39.426338 61.860825 -54.414772
v 40.076443 47.807838 -71.622398
v 39.482506 47.276096 -70.858749
v 38.877266 60.797871 -54.391823
v 40.076443 47.807838 -71.622398
v 33.355076 48.015537 -77.738800
v 33.140743 47.528046 -76.687485
v 39.482506 47.276096 -70.858749
v 22.059633 48.358864 -80.186493
v 22.007820 47.845985 -79.084976
v 6.018487 48.952999 -80.907455
v 6.009701 48.438240 -79.803787
v -43.480999 48.388187 38.203419
v -43.221897 48.291542 26.778904
v -39.849991 64.313728 26.752403
v 43.221897 48.291546 26.778900
v 43.481007 48.388187 38.203419
v 39.849991 64.313728 26.752407
v -43.221897 48.291542 26.778904
v -43.480999 48.388187 38.203419
v -42.255020 48.898701 36.776863
v -42.045986 48.820736 27.560070
v -39.325684 61.746735 27.538694
v -42.255020 48.898701 36.776863
v -42.045986 48.820736 27.560070
v 43.481007 48.388187 38.203419
v 43.221897 48.291546 26.778900
v 42.045986 48.820736 27.560070
v 42.255028 48.898701 36.776863
v 39.325684 61.746735 27.538698
v 42.045986 48.820736 27.560070
v 42.255028 48.898701 36.776863
v 41.704205 10.567233 52.583027
v -41.704205 10.567233 52.583027
v -41.286579 10.625887 -15.606368
v 41.286579 10.625887 -15.606368
v -41.476742 10.664102 -52.102276
v 41.476742 10.664102 -52.102295
v 45.245750 13.274730 -99.243301
v -45.245750 13.274730 -99.243271
v -46.051910 13.381459 -110.904999
v 46.051910 13.381461 -110.905014
v -46.858074 14.604971 -136.986526
v 46.858074 14.604971 -136.986496
v 46.384884 14.636294 -96.743134
v -46.384884 14.636294 -96.743118
v 47.529884 18.103989 -93.739037
v -47.529884 18.103989 -93.739067
v 48.415348 21.514698 -88.214195
v -48.415356 21.514698 -88.214195
v 48.636112 22.631702 -81.099251
v -48.636112 22.631702 -81.099266
v 48.504955 22.455336 -69.517670
v -48.504955 22.455336 -69.517700
v 48.093380 21.514711 -62.404148
v -48.093388 21.514711 -62.404163
v 45.710457 17.311249 -56.495819
v -45.710457 17.311249 -56.495789
v 41.476742 10.664102 -52.102295
v -41.476742 10.664102 -52.102276
v -45.710457 17.311249 -56.495789
v 45.710457 17.311249 -56.495819
v 44.117733 18.104189 63.628529
v -44.117733 18.104189 63.628529
v 46.849144 25.297848 71.060509
v -46.849144 25.297848 71.060509
v 48.566528 30.971088 78.721138
v -48.566536 30.971092 78.721138
v 49.046879 32.993649 85.228828
v -49.046879 32.993649 85.228828
v 48.642399 33.248550 100.302353
v -48.642406 33.248558 100.302353
v 48.108589 30.602810 108.810562
v -48.108589 30.602810 108.810562
v 47.562592 26.004930 110.850609
v -47.562592 26.004930 110.850609
v -48.108589 30.602810 108.810562
v 48.108589 30.602810 108.810562
v -32.541130 14.550876 57.145645
v -32.541138 14.550883 113.087166
v -32.541138 35.572933 113.087158
v -32.541130 31.187077 57.145645
v 0.000001 14.550878 57.145649
v -0.000008 14.550885 113.087166
v -32.541138 14.550883 113.087166
v -32.541130 14.550876 57.145645
v 32.541130 14.550878 57.145653
v 32.541130 31.187080 57.145653
v 32.541122 35.572937 113.087166
v 32.541122 14.550885 113.087173
v 32.541130 14.550878 57.145653
v 32.541122 14.550885 113.087173
v -36.211739 16.965353 -57.872040
v -36.211739 22.621548 -58.869373
v -45.906986 22.621548 -58.869373
v -45.906986 16.965353 -57.872040
v -36.211739 27.595522 -61.741108
v -45.906986 27.595522 -61.741108
v -36.211735 27.595518 -87.078194
v -36.211731 22.621544 -89.949913
v -45.906979 22.621544 -89.949913
v -45.906982 27.595518 -87.078194
v -36.211731 16.965351 -90.947258
v -45.906979 16.965351 -90.947258
v -36.211731 11.309157 -89.949913
v -45.906979 11.309155 -89.949913
v -36.211731 6.335182 -87.078194
v -45.906979 6.335182 -87.078194
v -36.211731 6.335182 -87.078194
v -36.211735 2.643361 -82.678459
v -45.906979 2.643361 -82.678459
v -45.906979 6.335182 -87.078194
v -36.211731 2.178877 -77.281380
v -45.906979 2.178877 -77.281380
v -36.211735 2.178878 -71.537918
v -45.906982 2.178878 -71.537918
v -36.211731 2.643356 -66.140854
v -45.906982 2.643356 -66.140854
v -36.211735 6.335173 -61.741119
v -45.906979 6.335173 -61.741119
v -36.211735 6.335173 -61.741119
v -36.211739 11.309147 -58.869385
v -45.906982 11.309147 -58.869385
v -45.906979 6.335173 -61.741119
v -36.211735 6.335173 -61.741119
v -36.211731 2.643356 -66.140854
v -36.211735 2.178878 -71.537918
v -36.211731 2.178877 -77.281380
v -36.211735 2.643361 -82.678459
v -36.211731 6.335182 -87.078194
v -36.211731 11.309157 -89.949913
v -36.211731 16.965351 -90.947258
v -36.211731 22.621544 -89.949913
v -36.211735 27.595518 -87.078194
v -36.211735 31.287338 -82.678467
v -36.211735 33.251713 -77.281387
v -36.211735 33.251717 -71.537926
v -36.211739 31.287344 -66.140846
v -36.211739 27.595522 -61.741108
v -36.211739 22.621548 -58.869373
v -36.211739 16.965353 -57.872040
v -36.211739 11.309147 -58.869385
v -44.813896 19.498623 -67.449539
v -44.813896 21.726347 -68.735703
v -44.813896 23.379820 -70.706238
v -44.813896 24.259617 -73.123459
v -44.813896 24.259617 -75.695824
v -44.813896 23.379818 -78.113045
v -44.813892 21.726343 -80.083580
v -44.813896 19.498623 -81.369766
v -44.813896 16.965351 -81.816429
v -44.813896 14.432079 -81.369766
v -44.813896 12.204359 -80.083580
v -44.813896 10.550881 -78.113052
v -44.813896 9.671086 -75.695824
v -44.813896 9.671085 -73.123474
v -44.813896 10.550882 -70.706253
v -44.813896 12.204356 -68.735725
v -44.813896 14.432073 -67.449539
v -44.813896 16.965353 -67.002853
v -45.906986 16.965353 -57.872040
v -45.906986 22.621548 -58.869373
v -45.906986 20.789455 -63.903019
v -45.906986 16.965353 -63.228718
v -45.906986 27.595522 -61.741108
v -45.906982 24.152317 -65.844543
v -45.906982 27.595518 -87.078194
v -45.906979 22.621544 -89.949913
v -45.906979 20.789454 -84.916283
v -45.906979 24.152315 -82.974747
v -45.906979 16.965351 -90.947258
v -45.906979 16.965351 -85.590569
v -45.906979 11.309155 -89.949913
v -45.906979 13.141248 -84.916283
v -45.906979 6.335182 -87.078194
v -45.906979 9.778389 -82.974747
v -45.906979 2.643361 -82.678459
v -45.906979 7.282382 -80.000114
v -45.906979 2.178877 -77.281380
v -45.906979 5.954284 -76.351212
v -45.906982 2.178878 -71.537918
v -45.906982 5.954281 -72.468109
v -45.906982 2.643356 -66.140854
v -45.906982 7.282380 -68.819183
v -45.906979 6.335173 -61.741119
v -45.906982 9.778382 -65.844559
v -45.906982 11.309147 -58.869385
v -45.906982 13.141239 -63.903015
v -45.906986 16.965353 -63.228718
v -45.906986 20.789455 -63.903019
v -43.450855 20.244074 -65.401443
v -43.450859 16.965355 -64.823303
v -45.906982 24.152317 -65.844543
v -43.450855 23.127329 -67.066086
v -45.906979 24.152315 -82.974747
v -45.906979 20.789454 -84.916283
v -43.450851 20.244072 -83.417870
v -43.450851 23.127331 -81.753220
v -45.906979 16.965351 -85.590569
v -43.450851 16.965351 -83.995979
v -45.906979 13.141248 -84.916283
v -43.450851 13.686631 -83.417870
v -45.906979 9.778389 -82.974747
v -43.450851 10.803371 -81.753212
v -45.906979 9.778389 -82.974747
v -45.906979 7.282382 -80.000114
v -43.450851 8.663340 -79.202827
v -43.450851 10.803371 -81.753212
v -45.906979 5.954284 -76.351212
v -43.450851 7.524651 -76.074318
v -45.906982 5.954281 -72.468109
v -43.450851 7.524652 -72.744995
v -45.906982 7.282380 -68.819183
v -43.450851 8.663337 -69.616486
v -45.906982 9.778382 -65.844559
v -43.450859 10.803369 -67.066101
v -45.906982 9.778382 -65.844559
v -45.906982 13.141239 -63.903015
v -43.450859 13.686625 -65.401451
v -43.450859 10.803369 -67.066101
v -43.450859 16.965355 -64.823303
v -43.450855 20.244074 -65.401443
v -43.450855 23.127329 -67.066086
v -43.450855 25.267365 -69.616486
v -43.450851 25.267363 -79.202812
v -43.450851 23.127331 -81.753220
v -43.450851 20.244072 -83.417870
v -43.450851 16.965351 -83.995979
v -43.450851 13.686631 -83.417870
v -43.450851 10.803371 -81.753212
v -43.450851 8.663340 -79.202827
v -43.450851 7.524651 -76.074318
v -43.450851 7.524652 -72.744995
v -43.450851 8.663337 -69.616486
v -43.450859 10.803369 -67.066101
v -43.450859 13.686625 -65.401451
v -36.211746 16.965364 106.721642
v -36.211746 22.621557 105.724297
v -45.906994 22.621557 105.724297
v -45.906994 16.965363 106.721642
v -36.211746 27.595531 102.852577
v -45.906994 27.595531 102.852577
v -36.211746 27.595531 102.852577
v -36.211746 31.287352 98.452827
v -45.906994 31.287352 98.452827
v -45.906994 27.595531 102.852577
v -36.211746 33.251728 93.055748
v -45.906994 33.251728 93.055740
v -36.211746 33.251728 87.312302
v -45.906994 33.251728 87.312302
v -36.211742 31.287350 81.915215
v -45.906986 31.287350 81.915215
v -36.211742 27.595528 77.515488
v -45.906990 27.595528 77.515488
v -36.211742 27.595528 77.515488
v -36.211739 22.621553 74.643761
v -45.906986 22.621553 74.643753
v -45.906990 27.595528 77.515488
v -36.211739 16.965361 73.646416
v -45.906986 16.965359 73.646416
v -36.211739 11.309167 74.643753
v -45.906986 11.309165 74.643753
v -36.211739 6.335191 77.515488
v -45.906986 6.335191 77.515488
v -36.211739 6.335191 77.515488
v -36.211739 2.643372 81.915222
v -45.906982 2.643372 81.915222
v -45.906986 6.335191 77.515488
v -36.211735 2.178899 87.312294
v -45.906982 2.178899 87.312294
v -36.211739 2.178900 93.055748
v -45.906986 2.178900 93.055740
v -36.211739 2.643367 98.452827
v -45.906990 2.643367 98.452827
v -36.211742 6.335183 102.852570
v -45.906986 6.335183 102.852570
v -36.211742 6.335183 102.852570
v -36.211746 11.309157 105.724297
v -45.906990 11.309155 105.724297
v -45.906986 6.335183 102.852570
v -36.211742 6.335183 102.852570
v -36.211739 2.643367 98.452827
v -36.211739 2.178900 93.055748
v -36.211735 2.178899 87.312294
v -36.211739 2.643372 81.915222
v -36.211739 6.335191 77.515488
v -36.211739 11.309167 74.643753
v -36.211739 16.965361 73.646416
v -36.211739 22.621553 74.643761
v -36.211742 27.595528 77.515488
v -36.211742 31.287350 81.915215
v -36.211746 33.251728 87.312302
v -36.211746 33.251728 93.055748
v -36.211746 31.287352 98.452827
v -36.211746 27.595531 102.852577
v -36.211746 22.621557 105.724297
v -36.211746 16.965364 106.721642
v -36.211746 11.309157 105.724297
v -44.813904 19.498632 97.144142
v -44.813904 21.726355 95.857964
v -44.813904 23.379831 93.887421
v -44.813904 24.259626 91.470207
v -44.813904 24.259626 88.897850
v -44.813904 23.379826 86.480637
v -44.813900 21.726353 84.510101
v -44.813900 19.498632 83.223923
v -44.813900 16.965361 82.777237
v -44.813900 14.432088 83.223923
v -44.813900 12.204370 84.510101
v -44.813900 10.550892 86.480637
v -44.813900 9.671098 88.897850
v -44.813904 9.671094 91.470200
v -44.813904 10.550889 93.887421
v -44.813904 12.204364 95.857956
v -44.813904 14.432084 97.144135
v -44.813904 16.965363 97.590820
v -45.906994 16.965363 106.721642
v -45.906994 22.621557 105.724297
v -45.906994 20.789465 100.690674
v -45.906994 16.965361 101.364960
v -45.906994 27.595531 102.852577
v -45.906994 24.152328 98.749123
v -45.906994 31.287352 98.452827
v -45.906994 26.648335 95.774490
v -45.906994 33.251728 93.055740
v -45.906994 27.976427 92.125572
v -45.906994 33.251728 87.312302
v -45.906994 27.976423 88.242485
v -45.906986 31.287350 81.915215
v -45.906990 26.648329 84.593559
v -45.906990 27.595528 77.515488
v -45.906990 24.152327 81.618942
v -45.906986 22.621553 74.643753
v -45.906990 20.789463 79.677391
v -45.906986 16.965359 73.646416
v -45.906990 16.965361 79.003098
v -45.906986 11.309165 74.643753
v -45.906990 13.141256 79.677391
v -45.906986 6.335191 77.515488
v -45.906990 9.778398 81.618942
v -45.906982 2.643372 81.915222
v -45.906990 7.282389 84.593559
v -45.906982 2.178899 87.312294
v -45.906986 5.954291 88.242477
v -45.906986 2.178900 93.055740
v -45.906994 5.954291 92.125572
v -45.906990 2.643367 98.452827
v -45.906994 7.282387 95.774490
v -45.906986 6.335183 102.852570
v -45.906994 9.778393 98.749115
v -45.906990 11.309155 105.724297
v -45.906994 13.141248 100.690674
v -45.906994 16.965361 101.364960
v -45.906994 20.789465 100.690674
v -43.450863 20.244083 99.192245
v -43.450863 16.965363 99.770370
v -45.906994 24.152328 98.749123
v -43.450863 23.127340 97.527596
v -45.906994 24.152328 98.749123
v -45.906994 26.648335 95.774490
v -43.450863 25.267376 94.977196
v -43.450863 23.127340 97.527596
v -45.906994 27.976427 92.125572
v -43.450859 26.406061 91.848679
v -45.906994 27.976423 88.242485
v -43.450859 26.406057 88.519379
v -45.906990 26.648329 84.593559
v -43.450863 25.267370 85.390862
v -45.906990 24.152327 81.618942
v -43.450859 23.127338 82.840469
v -45.906990 24.152327 81.618942
v -45.906990 20.789463 79.677391
v -43.450859 20.244081 81.175819
v -43.450859 23.127338 82.840469
v -45.906990 16.965361 79.003098
v -43.450859 16.965361 80.597694
v -45.906990 13.141256 79.677391
v -43.450859 13.686640 81.175819
v -45.906990 9.778398 81.618942
v -43.450859 10.803381 82.840469
v -45.906990 9.778398 81.618942
v -45.906990 7.282389 84.593559
v -43.450859 8.663348 85.390854
v -43.450859 10.803381 82.840469
v -45.906986 5.954291 88.242477
v -43.450863 7.524662 88.519371
v -45.906994 5.954291 92.125572
v -43.450863 7.524662 91.848671
v -45.906994 7.282387 95.774490
v -43.450863 8.663345 94.977196
v -45.906994 9.778393 98.749115
v -43.450863 10.803377 97.527588
v -45.906994 9.778393 98.749115
v -45.906994 13.141248 100.690674
v -43.450863 13.686633 99.192238
v -43.450863 10.803377 97.527588
v -43.450863 16.965363 99.770370
v -43.450863 20.244083 99.192245
v -43.450863 23.127340 97.527596
v -43.450863 25.267376 94.977196
v -43.450859 26.406061 91.848679
v -43.450859 26.406057 88.519379
v -43.450863 25.267370 85.390862
v -43.450859 23.127338 82.840469
v -43.450859 20.244081 81.175819
v -43.450859 16.965361 80.597694
v -43.450859 13.686640 81.175819
v -43.450859 10.803381 82.840469
v -43.450859 8.663348 85.390854
v -43.450863 7.524662 88.519371
v -43.450863 7.524662 91.848671
v -43.450863 8.663345 94.977196
v -43.450863 10.803377 97.527588
v -43.450863 13.686633 99.192238
v 36.211739 22.621548 -58.869373
v 36.211739 16.965353 -57.872040
v 45.906986 22.621548 -58.869373
v 45.906986 16.965353 -57.872040
v 36.211739 27.595522 -61.741108
v 45.906986 27.595522 -61.741108
v 36.211731 22.621544 -89.949913
v 36.211735 27.595518 -87.078194
v 45.906979 22.621544 -89.949913
v 45.906982 27.595518 -87.078194
v 36.211731 16.965351 -90.947258
v 45.906979 16.965351 -90.947258
v 36.211731 11.309157 -89.949913
v 45.906979 11.309155 -89.949913
v 36.211731 6.335182 -87.078194
v 45.906979 6.335182 -87.078194
v 36.211735 2.643361 -82.678459
v 36.211731 6.335182 -87.078194
v 45.906979 2.643361 -82.678459
v 45.906979 6.335182 -87.078194
v 36.211731 2.178877 -77.281380
v 45.906979 2.178877 -77.281380
v 36.211735 2.178878 -71.537918
v 45.906982 2.178878 -71.537918
v 36.211731 2.643356 -66.140854
v 45.906982 2.643356 -66.140854
v 36.211735 6.335173 -61.741119
v 45.906979 6.335173 -61.741119
v 36.211739 11.309147 -58.869385
v 36.211735 6.335173 -61.741119
v 45.906982 11.309147 -58.869385
v 45.906979 6.335173 -61.741119
v 36.211731 2.643356 -66.140854
v 36.211735 6.335173 -61.741119
v 36.211735 2.178878 -71.537918
v 36.211731 2.178877 -77.281380
v 36.211735 2.643361 -82.678459
v 36.211731 6.335182 -87.078194
v 36.211731 11.309157 -89.949913
v 36.211731 16.965351 -90.947258
v 36.211731 22.621544 -89.949913
v 36.211735 27.595518 -87.078194
v 36.211735 31.287338 -82.678467
v 36.211735 33.251713 -77.281387
v 36.211735 33.251717 -71.537926
v 36.211739 31.287344 -66.140846
v 36.211739 27.595522 -61.741108
v 36.211739 22.621548 -58.869373
v 36.211739 16.965353 -57.872040
v 36.211739 11.309147 -58.869385
v 44.813896 21.726347 -68.735703
v 44.813896 19.498623 -67.449539
v 44.813896 23.379820 -70.706238
v 44.813896 24.259617 -73.123459
v 44.813896 24.259617 -75.695824
v 44.813896 23.379818 -78.113045
v 44.813892 21.726343 -80.083580
v 44.813896 19.498623 -81.369766
v 44.813896 16.965351 -81.816429
v 44.813896 14.432079 -81.369766
v 44.813896 12.204359 -80.083580
v 44.813896 10.550881 -78.113052
v 44.813896 9.671086 -75.695824
v 44.813896 9.671085 -73.123474
v 44.813896 10.550882 -70.706253
v 44.813896 12.204356 -68.735725
v 44.813896 14.432073 -67.449539
v 44.813896 16.965353 -67.002853
v 45.906986 22.621548 -58.869373
v 45.906986 16.965353 -57.872040
v 45.906986 20.789455 -63.903019
v 45.906986 16.965353 -63.228718
v 45.906986 27.595522 -61.741108
v 45.906982 24.152317 -65.844543
v 45.906979 22.621544 -89.949913
v 45.906982 27.595518 -87.078194
v 45.906979 20.789454 -84.916283
v 45.906979 24.152315 -82.974747
v 45.906979 16.965351 -90.947258
v 45.906979 16.965351 -85.590569
v 45.906979 11.309155 -89.949913
v 45.906979 13.141248 -84.916283
v 45.906979 6.335182 -87.078194
v 45.906979 9.778389 -82.974747
v 45.906979 2.643361 -82.678459
v 45.906979 7.282382 -80.000114
v 45.906979 2.178877 -77.281380
v 45.906979 5.954284 -76.351212
v 45.906982 2.178878 -71.537918
v 45.906982 5.954281 -72.468109
v 45.906982 2.643356 -66.140854
v 45.906982 7.282380 -68.819183
v 45.906979 6.335173 -61.741119
v 45.906982 9.778382 -65.844559
v 45.906982 11.309147 -58.869385
v 45.906982 13.141239 -63.903015
v 45.906986 20.789455 -63.903019
v 45.906986 16.965353 -63.228718
v 43.450855 20.244074 -65.401443
v 43.450859 16.965355 -64.823303
v 45.906982 24.152317 -65.844543
v 43.450855 23.127329 -67.066086
v 45.906979 20.789454 -84.916283
v 45.906979 24.152315 -82.974747
v 43.450851 20.244072 -83.417870
v 43.450851 23.127331 -81.753220
v 45.906979 16.965351 -85.590569
v 43.450851 16.965351 -83.995979
v 45.906979 13.141248 -84.916283
v 43.450851 13.686631 -83.417870
v 45.906979 9.778389 -82.974747
v 43.450851 10.803371 -81.753212
v 45.906979 7.282382 -80.000114
v 45.906979 9.778389 -82.974747
v 43.450851 8.663340 -79.202827
v 43.450851 10.803371 -81.753212
v 45.906979 5.954284 -76.351212
v 43.450851 7.524651 -76.074318
v 45.906982 5.954281 -72.468109
v 43.450851 7.524652 -72.744995
v 45.906982 7.282380 -68.819183
v 43.450851 8.663337 -69.616486
v 45.906982 9.778382 -65.844559
v 43.450859 10.803369 -67.066101
v 45.906982 13.141239 -63.903015
v 45.906982 9.778382 -65.844559
v 43.450859 13.686625 -65.401451
v 43.450859 10.803369 -67.066101
v 43.450855 20.244074 -65.401443
v 43.450859 16.965355 -64.823303
v 43.450855 23.127329 -67.066086
v 43.450855 25.267365 -69.616486
v 43.450851 23.127331 -81.753220
v 43.450851 25.267363 -79.202812
v 43.450851 20.244072 -83.417870
v 43.450851 16.965351 -83.995979
v 43.450851 13.686631 -83.417870
v 43.450851 10.803371 -81.753212
v 43.450851 8.663340 -79.202827
v 43.450851 7.524651 -76.074318
v 43.450851 7.524652 -72.744995
v 43.450851 8.663337 -69.616486
v 43.450859 10.803369 -67.066101
v 43.450859 13.686625 -65.401451
v 36.211746 22.621557 105.724297
v 36.211746 16.965364 106.721642
v 45.906994 22.621557 105.724297
v 45.906994 16.965363 106.721642
v 36.211746 27.595531 102.852577
v 45.906994 27.595531 102.852577
v 36.211746 31.287352 98.452827
v 36.211746 27.595531 102.852577
v 45.906994 31.287352 98.452827
v 45.906994 27.595531 102.852577
v 36.211746 33.251728 93.055748
v 45.906994 33.251728 93.055740
v 36.211746 33.251728 87.312302
v 45.906994 33.251728 87.312302
v 36.211742 31.287350 81.915215
v 45.906986 31.287350 81.915215
v 36.211742 27.595528 77.515488
v 45.906990 27.595528 77.515488
v 36.211739 22.621553 74.643761
v 36.211742 27.595528 77.515488
v 45.906986 22.621553 74.643753
v 45.906990 27.595528 77.515488
v 36.211739 16.965361 73.646416
v 45.906986 16.965359 73.646416
v 36.211739 11.309167 74.643753
v 45.906986 11.309165 74.643753
v 36.211739 6.335191 77.515488
v 45.906986 6.335191 77.515488
v 36.211739 2.643372 81.915222
v 36.211739 6.335191 77.515488
v 45.906982 2.643372 81.915222
v 45.906986 6.335191 77.515488
v 36.211735 2.178899 87.312294
v 45.906982 2.178899 87.312294
v 36.211739 2.178900 93.055748
v 45.906986 2.178900 93.055740
v 36.211739 2.643367 98.452827
v 45.906990 2.643367 98.452827
v 36.211742 6.335183 102.852570
v 45.906986 6.335183 102.852570
v 36.211746 11.309157 105.724297
v 36.211742 6.335183 102.852570
v 45.906990 11.309155 105.724297
v 45.906986 6.335183 102.852570
v 36.211739 2.643367 98.452827
v 36.211742 6.335183 102.852570
v 36.211739 2.178900 93.055748
v 36.211735 2.178899 87.312294
v 36.211739 2.643372 81.915222
v 36.211739 6.335191 77.515488
v 36.211739 11.309167 74.643753
v 36.211739 16.965361 73.646416
v 36.211739 22.621553 74.643761
v 36.211742 27.595528 77.515488
v 36.211742 31.287350 81.915215
v 36.211746 33.251728 87.312302
v 36.211746 33.251728 93.055748
v 36.211746 31.287352 98.452827
v 36.211746 27.595531 102.852577
v 36.211746 22.621557 105.724297
v 36.211746 16.965364 106.721642
v 36.211746 11.309157 105.724297
v 44.813904 21.726355 95.857964
v 44.813904 19.498632 97.144142
v 44.813904 23.379831 93.887421
v 44.813904 24.259626 91.470207
v 44.813904 24.259626 88.897850
v 44.813904 23.379826 86.480637
v 44.813900 21.726353 84.510101
v 44.813900 19.498632 83.223923
v 44.813900 16.965361 82.777237
v 44.813900 14.432088 83.223923
v 44.813900 12.204370 84.510101
v 44.813900 10.550892 86.480637
v 44.813900 9.671098 88.897850
v 44.813904 9.671094 91.470200
v 44.813904 10.550889 93.887421
v 44.813904 12.204364 95.857956
v 44.813904 14.432084 97.144135
v 44.813904 16.965363 97.590820
v 45.906994 22.621557 105.724297
v 45.906994 16.965363 106.721642
v 45.906994 20.789465 100.690674
v 45.906994 16.965361 101.364960
v 45.906994 27.595531 102.852577
v 45.906994 24.152328 98.749123
v 45.906994 31.287352 98.452827
v 45.906994 26.648335 95.774490
v 45.906994 33.251728 93.055740
v 45.906994 27.976427 92.125572
v 45.906994 33.251728 87.312302
v 45.906994 27.976423 88.242485
v 45.906986 31.287350 81.915215
v 45.906990 26.648329 84.593559
v 45.906990 27.595528 77.515488
v 45.906990 24.152327 81.618942
v 45.906986 22.621553 74.643753
v 45.906990 20.789463 79.677391
v 45.906986 16.965359 73.646416
v 45.906990 16.965361 79.003098
v 45.906986 11.309165 74.643753
v 45.906990 13.141256 79.677391
v 45.906986 6.335191 77.515488
v 45.906990 9.778398 81.618942
v 45.906982 2.643372 81.915222
v 45.906990 7.282389 84.593559
v 45.906982 2.178899 87.312294
v 45.906986 5.954291 88.242477
v 45.906986 2.178900 93.055740
v 45.906994 5.954291 92.125572
v 45.906990 2.643367 98.452827
v 45.906994 7.282387 95.774490
v 45.906986 6.335183 102.852570
v 45.906994 9.778393 98.749115
v 45.906990 11.309155 105.724297
v 45.906994 13.141248 100.690674
v 45.906994 20.789465 100.690674
v 45.906994 16.965361 101.364960
v 43.450863 20.244083 99.192245
v 43.450863 16.965363 99.770370
v 45.906994 24.152328 98.749123
v 43.450863 23.127340 97.527596
v 45.906994 26.648335 95.774490
v 45.906994 24.152328 98.749123
v 43.450863 25.267376 94.977196
v 43.450863 23.127340 97.527596
v 45.906994 27.976427 92.125572
v 43.450859 26.406061 91.848679
v 45.906994 27.976423 88.242485
v 43.450859 26.406057 88.519379
v 45.906990 26.648329 84.593559
v 43.450863 25.267370 85.390862
v 45.906990 24.152327 81.618942
v 43.450859 23.127338 82.840469
v 45.906990 20.789463 79.677391
v 45.906990 24.152327 81.618942
v 43.450859 20.244081 81.175819
v 43.450859 23.127338 82.840469
v 45.906990 16.965361 79.003098
v 43.450859 16.965361 80.597694
v 45.906990 13.141256 79.677391
v 43.450859 13.686640 81.175819
v 45.906990 9.778398 81.618942
v 43.450859 10.803381 82.840469
v 45.906990 7.282389 84.593559
v 45.906990 9.778398 81.618942
v 43.450859 8.663348 85.390854
v 43.450859 10.803381 82.840469
v 45.906986 5.954291 88.242477
v 43.450863 7.524662 88.519371
v 45.906994 5.954291 92.125572
v 43.450863 7.524662 91.848671
v 45.906994 7.282387 95.774490
v 43.450863 8.663345 94.977196
v 45.906994 9.778393 98.749115
v 43.450863 10.803377 97.527588
v 45.906994 13.141248 100.690674
v 45.906994 9.778393 98.749115
v 43.450863 13.686633 99.192238
v 43.450863 10.803377 97.527588
v 43.450863 20.244083 99.192245
v 43.450863 16.965363 99.770370
v 43.450863 23.127340 97.527596
v 43.450863 25.267376 94.977196
v 43.450859 26.406061 91.848679
v 43.450859 26.406057 88.519379
v 43.450863 25.267370 85.390862
v 43.450859 23.127338 82.840469
v 43.450859 20.244081 81.175819
v 43.450859 16.965361 80.597694
v 43.450859 13.686640 81.175819
v 43.450859 10.803381 82.840469
v 43.450859 8.663348 85.390854
v 43.450863 7.524662 88.519371
v 43.450863 7.524662 91.848671
v 43.450863 8.663345 94.977196
v 43.450863 10.803377 97.527588
v 43.450863 13.686633 99.192238
v -42.594669 48.683819 23.273088
v 42.594669 48.683826 23.273088
v 42.683868 48.675373 -14.856343
v 42.683868 48.675373 -14.856343
v -42.683868 48.675373 -14.856343
v -42.594669 48.683819 23.273088
v -42.567684 48.602665 -18.680136
v 42.567684 48.602665 -18.680136
v 42.667465 48.749969 -62.347485
v 42.667465 48.749969 -62.347485
v -42.667465 48.749966 -62.347466
v -42.567684 48.602665 -18.680136
v -41.421669 62.149956 -15.516227
v -42.683868 48.675373 -14.856343
v -42.567684 48.602665 -18.680136
v -42.567684 48.602665 -18.680136
v -41.058205 62.175491 -19.350136
v -41.421669 62.149956 -15.516227
v 41.421669 62.149956 -15.516227
v 41.058205 62.175491 -19.350136
v 42.567684 48.602665 -18.680136
v 42.567684 48.602665 -18.680136
v 42.683868 48.675373 -14.856343
v 41.421669 62.149956 -15.516227
v 42.667465 48.749969 -62.347485
v 42.268730 58.047447 -51.783131
v 38.877266 60.797871 -54.391823
v 38.877266 60.797871 -54.391823
v 39.482506 47.276096 -70.858749
v 42.667465 48.749969 -62.347485
v -42.667465 48.749966 -62.347466
v -39.482506 47.276096 -70.858727
v -38.877258 60.797871 -54.391804
v -38.877258 60.797871 -54.391804
v -42.268723 58.047447 -51.783115
v -42.667465 48.749966 -62.347466
v -38.877258 60.797871 -54.391804
v -23.851131 63.612522 -55.983662
v -41.623646 60.487034 -43.273804
v -41.623646 60.487034 -43.273804
v -42.268723 58.047447 -51.783115
v -38.877258 60.797871 -54.391804
v 38.877266 60.797871 -54.391823
v 42.268730 58.047447 -51.783131
v 41.623646 60.487034 -43.273819
v 41.623646 60.487034 -43.273819
v 23.851128 63.612522 -55.983662
v 38.877266 60.797871 -54.391823
v 39.325684 61.746735 27.538698
v 39.911118 63.080292 23.090302
v 42.594669 48.683826 23.273088
v 42.594669 48.683826 23.273088
v 42.045986 48.820736 27.560070
v 39.325684 61.746735 27.538698
v 35.228096 64.418564 30.977282
v 39.325684 61.746735 27.538698
v 42.255028 48.898701 36.776863
v 42.255028 48.898701 36.776863
v 39.550152 47.241211 47.928261
v 35.228096 64.418564 30.977282
v -42.594669 48.683819 23.273088
v -39.911118 63.080292 23.090302
v -39.325684 61.746735 27.538694
v -39.325684 61.746735 27.538694
v -42.045986 48.820736 27.560070
v -42.594669 48.683819 23.273088
v -35.228096 64.418564 30.977278
v -39.550152 47.241207 47.928261
v -42.255020 48.898701 36.776863
v -42.255020 48.898701 36.776863
v -39.325684 61.746735 27.538694
v -35.228096 64.418564 30.977278
v -42.567684 48.602665 -18.680136
v -42.683868 48.675373 -14.856343
v 42.683868 48.675373 -14.856343
v 42.567684 48.602665 -18.680136
v -42.567684 48.602665 -18.680136
v -35.228096 64.418564 30.977278
v -39.325684 61.746735 27.538694
v -39.911118 63.080292 23.090302
v -39.911118 63.080292 23.090302
v -26.067142 66.599533 32.918159
v -35.228096 64.418564 30.977278
v 35.228096 64.418564 30.977282
v 26.067146 66.599533 32.918159
v 39.911118 63.080292 23.090302
v 39.911118 63.080292 23.090302
v 39.325684 61.746735 27.538698
v 35.228096 64.418564 30.977282
v -35.891846 47.741932 54.042885
v -23.469748 49.277264 58.419727
v -18.043224 49.839195 58.968254
v -18.043224 49.839195 58.968254
v 0.000000 50.526752 59.030869
v 18.043224 49.839195 58.968254
v -35.891846 47.741932 54.042885
v -18.043224 49.839195 58.968254
v 18.043224 49.839195 58.968254
v 18.043224 49.839195 58.968254
v 23.469746 49.277264 58.419727
v 35.891846 47.741936 54.042885
v 35.891846 47.741936 54.042885
v 39.550152 47.241211 47.928261
v 42.255028 48.898701 36.776863
v 18.043224 49.839195 58.968254
v 35.891846 47.741936 54.042885
v 42.255028 48.898701 36.776863
v -35.891846 47.741932 54.042885
v 18.043224 49.839195 58.968254
v 42.255028 48.898701 36.776863
v 42.045986 48.820736 27.560070
v 42.594669 48.683826 23.273088
v -42.594669 48.683819 23.273088
v 42.255028 48.898701 36.776863
v 42.045986 48.820736 27.560070
v -42.594669 48.683819 23.273088
v -35.891846 47.741932 54.042885
v 42.255028 48.898701 36.776863
v -42.594669 48.683819 23.273088
v -35.891846 47.741932 54.042885
v -42.594669 48.683819 23.273088
v -42.045986 48.820736 27.560070
v -35.891846 47.741932 54.042885
v -42.045986 48.820736 27.560070
v -42.255020 48.898701 36.776863
v -35.891846 47.741932 54.042885
v -42.255020 48.898701 36.776863
v -39.550152 47.241207 47.928261
v 0.000000 65.151917 -56.864597
v 10.192972 68.242676 34.973064
v 0.000000 68.483978 35.285725
v -10.387486 64.747360 -56.729939
v 10.387486 64.747360 -56.729939
v 26.067146 66.599533 32.918159
v 10.192972 68.242676 34.973064
v 0.000000 65.151917 -56.864597
v -10.387486 64.747360 -56.729939
v 0.000000 68.483978 35.285725
v -10.192972 68.242676 34.973064
v -23.851131 63.612522 -55.983662
v 39.911118 63.080292 23.090302
v 26.067146 66.599533 32.918159
v 10.387486 64.747360 -56.729939
v 23.851128 63.612522 -55.983662
v -41.623646 60.487034 -43.273804
v -23.851131 63.612522 -55.983662
v -10.192972 68.242676 34.973064
v -26.067142 66.599533 32.918159
v -41.058205 62.175491 -19.350136
v -41.536743 61.736568 -31.459385
v -41.623646 60.487034 -43.273804
v -41.058205 62.175491 -19.350136
v -41.623646 60.487034 -43.273804
v -26.067142 66.599533 32.918159
v -41.421669 62.149956 -15.516227
v -41.058205 62.175491 -19.350136
v -26.067142 66.599533 32.918159
v -41.421669 62.149956 -15.516227
v -26.067142 66.599533 32.918159
v -39.911118 63.080292 23.090302
v 23.851128 63.612522 -55.983662
v 41.623646 60.487034 -43.273819
v 41.536751 61.736568 -31.459385
v 23.851128 63.612522 -55.983662
v 41.536751 61.736568 -31.459385
v 41.058205 62.175491 -19.350136
v 39.911118 63.080292 23.090302
v 23.851128 63.612522 -55.983662
v 41.058205 62.175491 -19.350136
v 39.911118 63.080292 23.090302
v 41.058205 62.175491 -19.350136
v 41.421669 62.149956 -15.516227
v -22.007820 47.845978 -79.084976
v -33.140736 47.528042 -76.687469
v -39.482506 47.276096 -70.858727
v -39.482506 47.276096 -70.858727
v -42.667465 48.749966 -62.347466
v 42.667465 48.749969 -62.347485
v -22.007820 47.845978 -79.084976
v -39.482506 47.276096 -70.858727
v 42.667465 48.749969 -62.347485
v 42.667465 48.749969 -62.347485
v 39.482506 47.276096 -70.858749
v 33.140743 47.528046 -76.687485
v 33.140743 47.528046 -76.687485
v 22.007820 47.845985 -79.084976
v 6.009701 48.438240 -79.803787
v 42.667465 48.749969 -62.347485
v 33.140743 47.528046 -76.687485
v 6.009701 48.438240 -79.803787
v -22.007820 47.845978 -79.084976
v 42.667465 48.749969 -62.347485
v 6.009701 48.438240 -79.803787
v -22.007820 47.845978 -79.084976
v 6.009701 48.438240 -79.803787
v 0.000000 48.511913 -79.958618
v -6.009700 48.438240 -79.803787
v -22.007820 47.845978 -79.084976
v 0.000000 48.511913 -79.958618
vt 0.933504 0.745113
vt 0.928353 0.735655
vt 0.910792 0.735655
vt 0.915943 0.745113
vt 0.679003 0.267469
vt 0.679003 0.286304
vt 0.756667 0.282949
vt 0.756667 0.264114
vt 0.739757 0.179466
vt 0.739757 0.190236
vt 0.817421 0.193591
vt 0.817421 0.182822
vt 0.829944 0.266961
vt 0.829944 0.256192
vt 0.890698 0.201513
vt 0.890698 0.190743
vt 0.302001 0.229886
vt 0.297318 0.236332
vt 0.297318 0.244298
vt 0.302001 0.250744
vt 0.309578 0.253205
vt 0.317155 0.250744
vt 0.321837 0.244298
vt 0.321837 0.236332
vt 0.317155 0.229886
vt 0.309578 0.227424
vt 0.481457 0.229886
vt 0.476774 0.236332
vt 0.476774 0.244298
vt 0.481457 0.250744
vt 0.489034 0.253205
vt 0.496611 0.250744
vt 0.501293 0.244298
vt 0.501293 0.236332
vt 0.496611 0.229886
vt 0.489034 0.227424
vt 0.286423 0.242137
vt 0.284297 0.245064
vt 0.284297 0.248682
vt 0.286423 0.251610
vt 0.289865 0.252728
vt 0.293306 0.251610
vt 0.295433 0.248682
vt 0.295433 0.245064
vt 0.293306 0.242137
vt 0.289865 0.241019
vt 0.818452 0.028136
vt 0.821379 0.030262
vt 0.824998 0.030262
vt 0.827925 0.028136
vt 0.829043 0.024694
vt 0.827925 0.021253
vt 0.824998 0.019127
vt 0.821379 0.019127
vt 0.818452 0.021253
vt 0.817334 0.024694
vt 0.895138 0.052538
vt 0.892211 0.050412
vt 0.888593 0.050412
vt 0.885665 0.052538
vt 0.884548 0.055980
vt 0.885665 0.059421
vt 0.888593 0.061547
vt 0.892211 0.061547
vt 0.895138 0.059421
vt 0.896256 0.055980
vt 0.712710 0.258894
vt 0.754002 0.258894
vt 0.753331 0.256192
vt 0.712710 0.256192
vt 0.416157 0.155692
vt 0.571929 0.162115
vt 0.571929 0.146823
vt 0.416157 0.140401
vt 0.898503 0.722019
vt 0.898536 0.739579
vt 0.908003 0.744713
vt 0.907970 0.727152
vt 0.601339 0.264114
vt 0.601339 0.282949
vt 0.662093 0.182822
vt 0.662093 0.193591
vt 0.528062 0.256192
vt 0.528062 0.266961
vt 0.588816 0.190743
vt 0.588816 0.201513
vt 0.953984 0.624110
vt 0.947539 0.619427
vt 0.939572 0.619427
vt 0.933127 0.624110
vt 0.930665 0.631686
vt 0.933127 0.639263
vt 0.939572 0.643946
vt 0.947539 0.643946
vt 0.953984 0.639263
vt 0.956446 0.631686
vt 0.066687 0.102373
vt 0.060241 0.097690
vt 0.052275 0.097690
vt 0.045829 0.102373
vt 0.043367 0.109950
vt 0.045829 0.117526
vt 0.052275 0.122209
vt 0.060241 0.122209
vt 0.066687 0.117526
vt 0.069148 0.109950
vt 0.325282 0.346373
vt 0.322355 0.344246
vt 0.318736 0.344246
vt 0.315809 0.346373
vt 0.314691 0.349814
vt 0.315809 0.353255
vt 0.318736 0.355382
vt 0.322355 0.355382
vt 0.325282 0.353255
vt 0.326400 0.349814
vt 0.286424 0.228543
vt 0.284297 0.231470
vt 0.284297 0.235088
vt 0.286424 0.238015
vt 0.289865 0.239133
vt 0.293306 0.238015
vt 0.295433 0.235088
vt 0.295433 0.231470
vt 0.293306 0.228543
vt 0.289865 0.227424
vt 0.897880 0.083613
vt 0.894953 0.081486
vt 0.891334 0.081486
vt 0.888407 0.083613
vt 0.887289 0.087054
vt 0.888407 0.090495
vt 0.891334 0.092622
vt 0.894953 0.092622
vt 0.897880 0.090495
vt 0.898998 0.087054
vt 0.672088 0.256192
vt 0.671417 0.258894
vt 0.260385 0.146823
vt 0.260385 0.162115
vt 0.274842 0.819741
vt 0.312320 0.819741
vt 0.312407 0.806420
vt 0.274756 0.806420
vt 0.932707 0.722019
vt 0.912288 0.722019
vt 0.912288 0.731560
vt 0.932707 0.729569
vt 0.373358 0.239302
vt 0.347968 0.239302
vt 0.347968 0.251180
vt 0.373358 0.251180
vt 0.162735 0.031829
vt 0.162735 0.024278
vt 0.142316 0.022287
vt 0.142316 0.031829
vt 0.373358 0.227424
vt 0.347968 0.227424
vt 0.977487 0.472765
vt 0.963390 0.460936
vt 0.946096 0.454641
vt 0.927693 0.454642
vt 0.910400 0.460936
vt 0.896302 0.472765
vt 0.887100 0.488703
vt 0.883905 0.506826
vt 0.887100 0.524950
vt 0.896302 0.540888
vt 0.910400 0.552717
vt 0.927693 0.559011
vt 0.946096 0.559011
vt 0.963390 0.552717
vt 0.977487 0.540888
vt 0.986689 0.524950
vt 0.989885 0.506826
vt 0.986689 0.488703
vt 0.002000 0.092589
vt 0.005196 0.110713
vt 0.021324 0.104842
vt 0.019164 0.092589
vt 0.014397 0.126651
vt 0.027546 0.115618
vt 0.095583 0.126651
vt 0.104784 0.110713
vt 0.088655 0.104842
vt 0.082434 0.115618
vt 0.107980 0.092589
vt 0.090816 0.092589
vt 0.104784 0.074466
vt 0.088655 0.080336
vt 0.095583 0.058528
vt 0.082434 0.069561
vt 0.081485 0.046699
vt 0.072903 0.061563
vt 0.064192 0.040404
vt 0.061211 0.057307
vt 0.045788 0.040404
vt 0.048769 0.057307
vt 0.028495 0.046699
vt 0.037077 0.061563
vt 0.014397 0.058528
vt 0.027546 0.069561
vt 0.005196 0.074466
vt 0.021324 0.080336
vt 0.976376 0.911754
vt 0.962279 0.899924
vt 0.944985 0.893630
vt 0.926582 0.893630
vt 0.909289 0.899924
vt 0.895191 0.911754
vt 0.885989 0.927691
vt 0.882794 0.945815
vt 0.885989 0.963939
vt 0.895191 0.979876
vt 0.909289 0.991706
vt 0.926582 0.998000
vt 0.944985 0.998000
vt 0.962279 0.991706
vt 0.976376 0.979876
vt 0.985578 0.963939
vt 0.988774 0.945815
vt 0.985578 0.927691
vt 0.883905 0.638673
vt 0.887100 0.656796
vt 0.903229 0.650926
vt 0.901068 0.638673
vt 0.896302 0.672734
vt 0.909450 0.661701
vt 0.910399 0.684563
vt 0.918981 0.669699
vt 0.927693 0.690858
vt 0.930673 0.673954
vt 0.946096 0.690858
vt 0.943116 0.673954
vt 0.963389 0.684563
vt 0.954807 0.669699
vt 0.977487 0.672734
vt 0.964339 0.661701
vt 0.986689 0.656796
vt 0.970560 0.650926
vt 0.989884 0.638673
vt 0.972721 0.638673
vt 0.986689 0.620549
vt 0.970560 0.626419
vt 0.977487 0.604611
vt 0.964339 0.615644
vt 0.963389 0.592782
vt 0.954807 0.607646
vt 0.946096 0.586488
vt 0.943116 0.603391
vt 0.927693 0.586488
vt 0.930673 0.603391
vt 0.910399 0.592782
vt 0.918981 0.607646
vt 0.896302 0.604611
vt 0.909450 0.615644
vt 0.887100 0.620549
vt 0.903229 0.626419
vt 0.963390 0.460936
vt 0.977487 0.472765
vt 0.946096 0.454641
vt 0.927693 0.454642
vt 0.910400 0.460936
vt 0.896302 0.472765
vt 0.887100 0.488703
vt 0.883905 0.506826
vt 0.887100 0.524950
vt 0.896302 0.540888
vt 0.910400 0.552717
vt 0.927693 0.559011
vt 0.946096 0.559011
vt 0.963390 0.552717
vt 0.977487 0.540888
vt 0.986689 0.524950
vt 0.989885 0.506826
vt 0.986689 0.488703
vt 0.005196 0.110713
vt 0.002000 0.092589
vt 0.021324 0.104842
vt 0.019164 0.092589
vt 0.014397 0.126651
vt 0.027546 0.115618
vt 0.104784 0.110713
vt 0.095583 0.126651
vt 0.088655 0.104842
vt 0.082434 0.115618
vt 0.107980 0.092589
vt 0.090816 0.092589
vt 0.104784 0.074466
vt 0.088655 0.080336
vt 0.095583 0.058528
vt 0.082434 0.069561
vt 0.081485 0.046699
vt 0.072903 0.061563
vt 0.064192 0.040404
vt 0.061211 0.057307
vt 0.045788 0.040404
vt 0.048769 0.057307
vt 0.028495 0.046699
vt 0.037077 0.061563
vt 0.014397 0.058528
vt 0.027546 0.069561
vt 0.005196 0.074466
vt 0.021324 0.080336
vt 0.962279 0.899924
vt 0.976376 0.911754
vt 0.944985 0.893630
vt 0.926582 0.893630
vt 0.909289 0.899924
vt 0.895191 0.911754
vt 0.885989 0.927691
vt 0.882794 0.945815
vt 0.885989 0.963939
vt 0.895191 0.979876
vt 0.909289 0.991706
vt 0.926582 0.998000
vt 0.944985 0.998000
vt 0.962279 0.991706
vt 0.976376 0.979876
vt 0.985578 0.963939
vt 0.988774 0.945815
vt 0.985578 0.927691
vt 0.887100 0.656796
vt 0.883905 0.638673
vt 0.903229 0.650926
vt 0.901068 0.638673
vt 0.896302 0.672734
vt 0.909450 0.661701
vt 0.910399 0.684563
vt 0.918981 0.669699
vt 0.927693 0.690858
vt 0.930673 0.673954
vt 0.946096 0.690858
vt 0.943116 0.673954
vt 0.963389 0.684563
vt 0.954807 0.669699
vt 0.977487 0.672734
vt 0.964339 0.661701
vt 0.986689 0.656796
vt 0.970560 0.650926
vt 0.989884 0.638673
vt 0.972721 0.638673
vt 0.986689 0.620549
vt 0.970560 0.626419
vt 0.977487 0.604611
vt 0.964339 0.615644
vt 0.963389 0.592782
vt 0.954807 0.607646
vt 0.946096 0.586488
vt 0.943116 0.603391
vt 0.927693 0.586488
vt 0.930673 0.603391
vt 0.910399 0.592782
vt 0.918981 0.607646
vt 0.896302 0.604611
vt 0.909450 0.615644
vt 0.887100 0.620549
vt 0.903229 0.626419
vt 0.192268 0.081704
vt 0.192688 0.081776
vt 0.192458 0.081776
vt 0.192458 0.081776
vt 0.192498 0.081704
vt 0.192268 0.081704
vt 0.192778 0.081629
vt 0.193087 0.081723
vt 0.193350 0.081723
vt 0.193350 0.081723
vt 0.193041 0.081629
vt 0.192778 0.081629
vt 0.192502 0.081748
vt 0.192498 0.081704
vt 0.192778 0.081629
vt 0.192778 0.081629
vt 0.192173 0.081475
vt 0.192502 0.081748
vt 0.192454 0.081820
vt 0.192431 0.081820
vt 0.193087 0.081723
vt 0.193087 0.081723
vt 0.192458 0.081776
vt 0.192454 0.081820
vt 0.193350 0.081723
vt 0.192235 0.081806
vt 0.193590 0.081519
vt 0.193590 0.081519
vt 0.192473 0.081845
vt 0.193350 0.081723
vt 0.193041 0.081629
vt 0.193341 0.082137
vt 0.192965 0.081666
vt 0.192965 0.081666
vt 0.192721 0.081735
vt 0.193041 0.081629
vt 0.192965 0.081666
vt 0.193212 0.081528
vt 0.192670 0.081743
vt 0.192670 0.081743
vt 0.192721 0.081735
vt 0.192965 0.081666
vt 0.193590 0.081519
vt 0.192235 0.081806
vt 0.192286 0.081814
vt 0.192286 0.081814
vt 0.193499 0.081528
vt 0.193590 0.081519
vt 0.192713 0.081819
vt 0.192687 0.081823
vt 0.192688 0.081776
vt 0.192688 0.081776
vt 0.193905 0.082069
vt 0.192713 0.081819
vt 0.192634 0.081668
vt 0.192713 0.081819
vt 0.193850 0.082068
vt 0.193850 0.082068
vt 0.192624 0.082397
vt 0.192634 0.081668
vt 0.192268 0.081704
vt 0.192269 0.081751
vt 0.192243 0.081747
vt 0.192243 0.081747
vt 0.193305 0.081662
vt 0.192268 0.081704
vt 0.193059 0.081668
vt 0.192624 0.082137
vt 0.193361 0.081661
vt 0.193361 0.081661
vt 0.192243 0.081747
vt 0.193059 0.081668
vt 0.192778 0.081629
vt 0.192498 0.081704
vt 0.192458 0.081776
vt 0.193087 0.081723
vt 0.192778 0.081629
vt 0.193059 0.081668
vt 0.192243 0.081747
vt 0.192269 0.081751
vt 0.192269 0.081751
vt 0.193003 0.081675
vt 0.193059 0.081668
vt 0.192634 0.081668
vt 0.192689 0.081675
vt 0.192687 0.081823
vt 0.192687 0.081823
vt 0.192713 0.081819
vt 0.192634 0.081668
vt 0.192587 0.082149
vt 0.192561 0.082190
vt 0.192558 0.082208
vt 0.192558 0.082208
vt 0.192557 0.082267
vt 0.192558 0.082326
vt 0.192587 0.082149
vt 0.192558 0.082208
vt 0.192558 0.082326
vt 0.192558 0.082326
vt 0.192561 0.082344
vt 0.192587 0.082385
vt 0.192587 0.082385
vt 0.192624 0.082397
vt 0.193850 0.082068
vt 0.192558 0.082326
vt 0.192587 0.082385
vt 0.193850 0.082068
vt 0.192587 0.082149
vt 0.192558 0.082326
vt 0.193850 0.082068
vt 0.193905 0.082069
vt 0.192688 0.081776
vt 0.192268 0.081704
vt 0.193850 0.082068
vt 0.193905 0.082069
vt 0.192268 0.081704
vt 0.192587 0.082149
vt 0.193850 0.082068
vt 0.192268 0.081704
vt 0.192587 0.082149
vt 0.192268 0.081704
vt 0.193305 0.081662
vt 0.192587 0.082149
vt 0.193305 0.081662
vt 0.193361 0.081661
vt 0.192587 0.082149
vt 0.193361 0.081661
vt 0.192624 0.082137
vt 0.192173 0.081475
vt 0.192598 0.081747
vt 0.192670 0.081743
vt 0.192173 0.081475
vt 0.192670 0.081743
vt 0.192494 0.081597
vt 0.192502 0.081748
vt 0.192173 0.081475
vt 0.192494 0.081597
vt 0.192502 0.081748
vt 0.192494 0.081597
vt 0.192269 0.081751
vt 0.192116 0.082364
vt 0.192286 0.081814
vt 0.192358 0.081819
vt 0.192116 0.082364
vt 0.192358 0.081819
vt 0.192431 0.081820
vt 0.192687 0.081823
vt 0.192116 0.082364
vt 0.192431 0.081820
vt 0.192687 0.081823
vt 0.192431 0.081820
vt 0.192454 0.081820
vt 0.193390 0.082195
vt 0.193376 0.082158
vt 0.193341 0.082137
vt 0.193341 0.082137
vt 0.193041 0.081629
vt 0.193350 0.081723
vt 0.193390 0.082195
vt 0.193341 0.082137
vt 0.193350 0.081723
vt 0.193350 0.081723
vt 0.192473 0.081845
vt 0.193376 0.082375
vt 0.193376 0.082375
vt 0.193390 0.082339
vt 0.193395 0.082286
vt 0.193350 0.081723
vt 0.193376 0.082375
vt 0.193395 0.082286
vt 0.193390 0.082195
vt 0.193350 0.081723
vt 0.193395 0.082286
vt 0.193390 0.082195
vt 0.193395 0.082286
vt 0.193396 0.082267
vt 0.193395 0.082247
vt 0.193390 0.082195
vt 0.193396 0.082267
vt 0.254602 0.667829
vt 0.251892 0.652093
vt 0.202972 0.653272
vt 0.206179 0.667536
vt 0.210836 0.676733
vt 0.261234 0.677037
vt 0.142461 0.667223
vt 0.147606 0.653917
vt 0.104909 0.655215
vt 0.262479 0.699326
vt 0.212080 0.699317
vt 0.214602 0.708732
vt 0.270022 0.710821
vt 0.139988 0.676375
vt 0.141233 0.699453
vt 0.141233 0.708898
vt 0.216192 0.718979
vt 0.243866 0.728026
vt 0.228252 0.770988
vt 0.202422 0.788566
vt 0.226363 0.789431
vt 0.200474 0.847257
vt 0.203786 0.847257
vt 0.119905 0.748438
vt 0.104417 0.716596
vt 0.106255 0.709787
vt 0.053339 0.764748
vt 0.043282 0.710851
vt 0.043282 0.750759
vt 0.002000 0.712150
vt 0.003363 0.752680
vt 0.008999 0.761241
vt 0.027665 0.770110
vt 0.898785 0.789313
vt 0.893470 0.799494
vt 0.903442 0.808539
vt 0.885031 0.808410
vt 0.867117 0.432868
vt 0.867149 0.441462
vt 0.871386 0.453393
vt 0.003245 0.702135
vt 0.043282 0.700003
vt 0.002000 0.672722
vt 0.042037 0.676449
vt 0.041520 0.666818
vt 0.005046 0.665565
vt 0.106255 0.699859
vt 0.105011 0.676360
vt 0.105015 0.667223
vt 0.041086 0.655263
vt 0.020144 0.654650
vt 0.012471 0.653271
vt 0.028326 0.630112
vt 0.040845 0.651814
vt 0.077109 0.628866
vt 0.028240 0.614133
vt 0.070572 0.614133
vt 0.104472 0.647617
vt 0.104371 0.637344
vt 0.152669 0.636527
vt 0.151695 0.644720
vt 0.200802 0.641989
vt 0.173522 0.630046
vt 0.198068 0.611868
vt 0.251043 0.610326
vt 0.250310 0.639244
vt 0.221881 0.588818
vt 0.252027 0.585141
vt 0.257274 0.564668
vt 0.264302 0.575346
vt 0.475767 0.564856
vt 0.475432 0.573805
vt 0.478483 0.576885
vt 0.592707 0.564978
vt 0.480527 0.584905
vt 0.606785 0.586277
vt 0.480922 0.607491
vt 0.625717 0.599746
vt 0.625827 0.624927
vt 0.479796 0.630692
vt 0.648510 0.602760
vt 0.740282 0.622165
vt 0.685620 0.603325
vt 0.708418 0.599746
vt 0.726121 0.588817
vt 0.735746 0.577706
vt 0.781083 0.620998
vt 0.810979 0.619804
vt 0.865405 0.601845
vt 0.865318 0.597433
vt 0.864601 0.592371
vt 0.781117 0.578410
vt 0.743757 0.573343
vt 0.864695 0.581562
vt 0.781124 0.573685
vt 0.864695 0.577606
vt 0.878891 0.056775
vt 0.860471 0.056554
vt 0.865425 0.060343
vt 0.200759 0.109857
vt 0.183701 0.109219
vt 0.182932 0.114449
vt 0.198789 0.115272
vt 0.118406 0.570811
vt 0.150614 0.592152
vt 0.145652 0.564668
vt 0.118406 0.564668
vt 0.193304 0.592157
vt 0.176012 0.564668
vt 0.437678 0.132598
vt 0.409883 0.125340
vt 0.406572 0.133183
vt 0.906147 0.785486
vt 0.914874 0.754381
vt 0.882794 0.754381
vt 0.953415 0.781871
vt 0.958025 0.809868
vt 0.912187 0.800493
vt 0.920400 0.807181
vt 0.971771 0.797742
vt 0.972420 0.781866
vt 0.974798 0.754381
vt 0.295427 0.707583
vt 0.345962 0.707121
vt 0.480588 0.706601
vt 0.480588 0.699445
vt 0.479343 0.677242
vt 0.479343 0.668074
vt 0.479388 0.649339
vt 0.642364 0.705998
vt 0.643341 0.698262
vt 0.642097 0.677242
vt 0.732132 0.698557
vt 0.641120 0.681481
vt 0.730875 0.685200
vt 0.730888 0.677362
vt 0.625833 0.668074
vt 0.625823 0.646742
vt 0.731156 0.644272
vt 0.730900 0.668521
vt 0.781078 0.643352
vt 0.779605 0.672381
vt 0.841475 0.672357
vt 0.850121 0.681236
vt 0.779645 0.679393
vt 0.779637 0.684125
vt 0.406797 0.088052
vt 0.439005 0.085631
vt 0.439005 0.073066
vt 0.364108 0.092622
vt 0.394999 0.071073
vt 0.364120 0.078371
vt 0.689805 0.827909
vt 0.690291 0.847257
vt 0.718421 0.847257
vt 0.687478 0.776200
vt 0.732006 0.792098
vt 0.679272 0.738836
vt 0.731393 0.731973
vt 0.657600 0.714562
vt 0.732144 0.722649
vt 0.732144 0.709564
vt 0.788006 0.713794
vt 0.786742 0.725255
vt 0.833572 0.728024
vt 0.840117 0.716273
vt 0.841225 0.728365
vt 0.412127 0.421812
vt 0.401402 0.417523
vt 0.400035 0.427165
vt 0.413200 0.415014
vt 0.416213 0.394992
vt 0.405146 0.396391
vt 0.405185 0.390374
vt 0.474102 0.389560
vt 0.472943 0.394781
vt 0.531019 0.395007
vt 0.531019 0.394275
vt 0.792294 0.788819
vt 0.793284 0.847257
vt 0.833639 0.847257
vt 0.838501 0.786985
vt 0.839972 0.847257
vt 0.840976 0.847257
vt 0.845999 0.787329
vt 0.471091 0.424370
vt 0.531019 0.424566
vt 0.531019 0.418495
vt 0.471434 0.417400
vt 0.531019 0.417561
vt 0.531019 0.414447
vt 0.475610 0.387372
vt 0.531019 0.389365
vt 0.404660 0.386746
vt 0.732139 0.705648
vt 0.783441 0.709452
vt 0.842624 0.712243
vt 0.854414 0.707168
vt 0.200759 0.126250
vt 0.148869 0.119345
vt 0.146115 0.125924
vt 0.139183 0.109334
vt 0.134289 0.126651
vt 0.126925 0.118094
vt 0.123194 0.125938
vt 0.125663 0.087683
vt 0.110384 0.792295
vt 0.048026 0.795339
vt 0.045911 0.847257
vt 0.098636 0.847257
vt 0.020879 0.798461
vt 0.841028 0.459916
vt 0.869379 0.456840
vt 0.018547 0.847257
vt 0.028379 0.847257
vt 0.837589 0.441462
vt 0.792232 0.441477
vt 0.792232 0.457938
vt 0.836238 0.432822
vt 0.792232 0.434288
vt 0.792232 0.432822
vt 0.975966 0.408784
vt 0.898222 0.408029
vt 0.913860 0.415157
vt 0.640999 0.710089
vt 0.596439 0.712491
vt 0.597122 0.716970
vt 0.557375 0.714806
vt 0.547475 0.719383
vt 0.536409 0.714436
vt 0.547475 0.767456
vt 0.603167 0.770764
vt 0.483323 0.722533
vt 0.483323 0.717587
vt 0.547475 0.813924
vt 0.605597 0.813924
vt 0.547777 0.847257
vt 0.593392 0.847257
vt 0.483323 0.813924
vt 0.483105 0.847257
vt 0.533817 0.847257
vt 0.483323 0.765882
vt 0.349756 0.727153
vt 0.348297 0.722560
vt 0.339342 0.723579
vt 0.334461 0.727595
vt 0.325853 0.764110
vt 0.351301 0.764478
vt 0.319224 0.814870
vt 0.350547 0.814067
vt 0.379895 0.847257
vt 0.351001 0.847257
vt 0.318151 0.847257
vt 0.324984 0.847257
vt 0.865133 0.611396
vt 0.612295 0.087514
vt 0.653918 0.068669
vt 0.614070 0.061139
vt 0.649852 0.090844
vt 0.658466 0.072433
vt 0.664119 0.080788
vt 0.658080 0.091375
vt 0.024815 0.419648
vt 0.038354 0.425153
vt 0.037790 0.413740
vt 0.022778 0.413609
vt 0.360059 0.078956
vt 0.358046 0.084915
vt 0.155417 0.114767
vt 0.872814 0.681513
vt 0.860123 0.673508
vt 0.869168 0.639298
vt 0.878248 0.611441
vt 0.811082 0.619855
vt 0.665474 0.323386
vt 0.635476 0.322360
vt 0.635579 0.323779
vt 0.581425 0.323459
vt 0.644765 0.121041
vt 0.734844 0.120211
vt 0.645067 0.116885
vt 0.596296 0.118206
vt 0.780676 0.701310
vt 0.855025 0.697940
vt 0.865528 0.706411
vt 0.877137 0.696514
vt 0.875100 0.705730
vt 0.730886 0.689035
vt 0.779431 0.689827
vt 0.853780 0.689825
vt 0.875892 0.690858
vt 0.606122 0.061171
vt 0.594596 0.092622
vt 0.943332 0.285279
vt 0.959254 0.260633
vt 0.936206 0.286304
vt 0.955429 0.283693
vt 0.974838 0.267597
vt 0.983041 0.278666
vt 0.997761 0.285071
vt 0.125869 0.069104
vt 0.124229 0.054624
vt 0.113955 0.054240
vt 0.116085 0.068553
vt 0.132118 0.078271
vt 0.120116 0.080965
vt 0.129969 0.081822
vt 0.113636 0.125385
vt 0.346698 0.717528
vt 0.483323 0.712392
vt 0.528186 0.710760
vt 0.566763 0.710466
vt 0.268387 0.347232
vt 0.289353 0.348236
vt 0.298742 0.341794
vt 0.595804 0.708334
vt 0.531019 0.374585
vt 0.472534 0.363409
vt 0.478009 0.376392
vt 0.531019 0.376362
vt 0.464556 0.363409
vt 0.531019 0.385701
vt 0.531019 0.387335
vt 0.395235 0.363409
vt 0.401133 0.377818
vt 0.805764 0.032946
vt 0.793882 0.052122
vt 0.807882 0.046151
vt 0.781768 0.055900
vt 0.777789 0.030489
vt 0.743555 0.030555
vt 0.744580 0.047963
vt 0.371491 0.266196
vt 0.373358 0.253106
vt 0.355908 0.253066
vt 0.358988 0.265645
vt 0.866232 0.471501
vt 0.878164 0.475172
vt 0.878248 0.465277
vt 0.026619 0.630149
vt 0.982477 0.280017
vt 0.189629 0.006815
vt 0.187844 0.006436
vt 0.183371 0.029173
vt 0.010763 0.653307
vt 0.185390 0.029607
vt 0.185390 0.029607
vt 0.187409 0.030042
vt 0.191413 0.007195
vt 0.179134 0.038859
vt 0.003859 0.664653
vt 0.180786 0.040182
vt 0.173877 0.046854
vt 0.182438 0.041506
vt 0.180786 0.040182
vt 0.605294 0.059439
vt 0.598552 0.061884
vt 0.600137 0.064136
vt 0.173153 0.045198
vt 0.163721 0.046299
vt 0.164255 0.044015
vt 0.163721 0.046299
vt 0.173153 0.045198
vt 0.163187 0.048583
vt 0.124664 0.035328
vt 0.123595 0.039896
vt 0.124130 0.037612
vt 0.124130 0.037612
vt 0.120063 0.032739
vt 0.118041 0.033720
vt 0.118041 0.033720
vt 0.116019 0.034700
vt 0.115658 0.021441
vt 0.896025 0.787657
vt 0.891184 0.798570
vt 0.113636 0.022421
vt 0.873132 0.451978
vt 0.878248 0.463392
vt 0.115184 0.007224
vt 0.869667 0.436586
vt 0.024469 0.422428
vt 0.039725 0.426358
vt 0.361570 0.076165
vt 0.066439 0.356259
vt 0.071320 0.354094
vt 0.027405 0.291980
vt 0.002000 0.292202
vt 0.315843 0.747018
vt 0.290497 0.738427
vt 0.290497 0.804534
vt 0.315843 0.804534
vt 0.200759 0.100806
vt 0.200759 0.092658
vt 0.190056 0.092658
vt 0.190056 0.102431
vt 0.796876 0.338714
vt 0.881274 0.338714
vt 0.879232 0.332111
vt 0.796204 0.332111
vt 0.204203 0.193538
vt 0.204203 0.142977
vt 0.136320 0.134200
vt 0.136320 0.193538
vt 0.930476 0.877544
vt 0.931369 0.873953
vt 0.920067 0.873953
vt 0.919774 0.877544
vt 0.272271 0.743280
vt 0.272271 0.799681
vt 0.287152 0.799681
vt 0.287152 0.743280
vt 0.285207 0.553713
vt 0.372356 0.553713
vt 0.369780 0.546808
vt 0.283072 0.546808
vt 0.932220 0.870532
vt 0.920347 0.870532
vt 0.586093 0.354273
vt 0.688471 0.354790
vt 0.684502 0.351864
vt 0.589874 0.352231
vt 0.681166 0.332389
vt 0.680136 0.335978
vt 0.583780 0.332106
vt 0.588434 0.336310
vt 0.580141 0.336133
vt 0.581581 0.348153
vt 0.535231 0.332106
vt 0.535231 0.336195
vt 0.673684 0.308752
vt 0.671969 0.311078
vt 0.119436 0.610775
vt 0.134730 0.615258
vt 0.142256 0.611161
vt 0.581205 0.309235
vt 0.581205 0.310595
vt 0.535231 0.308729
vt 0.535231 0.311123
vt 0.675986 0.326939
vt 0.583780 0.327262
vt 0.131681 0.618131
vt 0.121001 0.613931
vt 0.119996 0.622510
vt 0.126400 0.625089
vt 0.529982 0.126412
vt 0.441158 0.114978
vt 0.441158 0.123267
vt 0.528306 0.134744
vt 0.395184 0.114919
vt 0.395184 0.123267
vt 0.885424 0.351877
vt 0.975249 0.340539
vt 0.972132 0.332111
vt 0.885424 0.343588
vt 0.896354 0.199974
vt 0.987227 0.198848
vt 0.985710 0.181695
vt 0.900554 0.183502
vt 0.782347 0.481490
vt 0.782381 0.493186
vt 0.799216 0.490642
vt 0.799216 0.484039
vt 0.882172 0.160832
vt 0.970635 0.162115
vt 0.965888 0.145700
vt 0.882091 0.143892
vt 0.780461 0.493185
vt 0.780451 0.481490
vt 0.763608 0.484036
vt 0.763608 0.490638
vt 0.942322 0.866236
vt 0.942311 0.858442
vt 0.925469 0.860987
vt 0.925469 0.863689
vt 0.468057 0.005948
vt 0.468057 0.022795
vt 0.508678 0.022795
vt 0.510978 0.005952
vt 0.682992 0.332106
vt 0.675152 0.306760
vt 0.581205 0.306760
vt 0.535231 0.306760
vt 0.586235 0.356259
vt 0.690462 0.356259
vt 0.202906 0.141085
vt 0.136228 0.132307
vt 0.267813 0.735952
vt 0.266344 0.738427
vt 0.591864 0.350029
vt 0.989421 0.201513
vt 0.682019 0.350033
vt 0.678397 0.338337
vt 0.590674 0.338334
vt 0.579342 0.346130
vt 0.578152 0.338336
vt 0.535231 0.338335
vt 0.670029 0.313708
vt 0.673605 0.325184
vt 0.581205 0.313720
vt 0.535231 0.313704
vt 0.885424 0.356259
vt 0.977629 0.344343
vt 0.266344 0.804534
vt 0.932007 0.873480
vt 0.932532 0.871372
vt 0.608737 0.346280
vt 0.674845 0.346280
vt 0.669992 0.340674
vt 0.613590 0.340674
vt 0.915238 0.825986
vt 0.935570 0.825986
vt 0.935570 0.817951
vt 0.915238 0.817951
vt 0.942322 0.828412
vt 0.919564 0.828412
vt 0.927031 0.856557
vt 0.942322 0.856557
vt 0.352662 0.218271
vt 0.501164 0.218271
vt 0.501293 0.207169
vt 0.353177 0.207169
vt 0.830575 0.427165
vt 0.830575 0.420099
vt 0.680323 0.420099
vt 0.672459 0.427165
vt 0.674802 0.399020
vt 0.681150 0.406086
vt 0.822710 0.374501
vt 0.822710 0.385610
vt 0.822839 0.386695
vt 0.972961 0.381112
vt 0.971341 0.393364
vt 0.020821 0.414041
vt 0.006571 0.413609
vt 0.009901 0.425489
vt 0.020892 0.423925
vt 0.942322 0.815525
vt 0.919564 0.815525
vt 0.579888 0.190529
vt 0.421772 0.196956
vt 0.421772 0.201513
vt 0.583160 0.194855
vt 0.847059 0.311033
vt 0.847059 0.326455
vt 0.924723 0.326455
vt 0.924723 0.311033
vt 0.998000 0.326455
vt 0.998000 0.311033
vt 0.997369 0.802292
vt 0.997369 0.794715
vt 0.980455 0.794715
vt 0.980455 0.802292
vt 0.020766 0.581582
vt 0.027211 0.581582
vt 0.027211 0.564668
vt 0.020766 0.564668
vt 0.035178 0.581582
vt 0.035178 0.564668
vt 0.041623 0.581582
vt 0.041623 0.564668
vt 0.858933 0.223580
vt 0.858933 0.216003
vt 0.842019 0.216003
vt 0.842019 0.223580
vt 0.858933 0.208426
vt 0.842019 0.208426
vt 0.227272 0.109737
vt 0.220827 0.109737
vt 0.220827 0.126651
vt 0.227272 0.126651
vt 0.212860 0.109737
vt 0.212860 0.126651
vt 0.206415 0.109737
vt 0.206415 0.126651
vt 0.997369 0.809868
vt 0.980455 0.809868
vt 0.883905 0.573254
vt 0.883905 0.580831
vt 0.900818 0.580831
vt 0.900818 0.573254
vt 0.548363 0.009552
vt 0.541918 0.009552
vt 0.541918 0.026466
vt 0.548363 0.026466
vt 0.533951 0.009552
vt 0.533951 0.026466
vt 0.527506 0.009552
vt 0.527506 0.026466
vt 0.995532 0.393364
vt 0.995532 0.385787
vt 0.978618 0.385787
vt 0.978618 0.393364
vt 0.995532 0.378210
vt 0.978618 0.378210
vt 0.230716 0.176624
vt 0.224271 0.176624
vt 0.224271 0.193538
vt 0.230716 0.193538
vt 0.216304 0.176624
vt 0.216304 0.193538
vt 0.209859 0.176624
vt 0.209859 0.193538
vt 0.883905 0.565677
vt 0.900818 0.565677
vt 0.976292 0.155062
vt 0.976292 0.159421
vt 0.990025 0.158504
vt 0.990025 0.155062
vt 0.976292 0.162115
vt 0.990025 0.160630
vt 0.984028 0.260633
vt 0.984028 0.265216
vt 0.997761 0.264733
vt 0.997761 0.261115
vt 0.743555 0.013421
vt 0.743555 0.016115
vt 0.757288 0.017033
vt 0.757288 0.014906
vt 0.743555 0.020474
vt 0.757288 0.020474
vt 0.743555 0.024833
vt 0.757288 0.023915
vt 0.029055 0.594043
vt 0.029055 0.597750
vt 0.042787 0.598233
vt 0.042787 0.595306
vt 0.029055 0.602333
vt 0.042787 0.601851
vt 0.029055 0.606041
vt 0.042787 0.604778
vt 0.976292 0.150704
vt 0.990025 0.151621
vt 0.921471 0.243483
vt 0.921471 0.247842
vt 0.935204 0.246924
vt 0.935204 0.243483
vt 0.921471 0.250536
vt 0.935204 0.249051
vt 0.989884 0.586488
vt 0.985301 0.586488
vt 0.985784 0.600221
vt 0.989402 0.600221
vt 0.981594 0.586488
vt 0.982857 0.600221
vt 0.003262 0.054137
vt 0.007621 0.054137
vt 0.007621 0.040404
vt 0.004180 0.040404
vt 0.011980 0.054137
vt 0.011062 0.040404
vt 0.696119 0.293378
vt 0.696119 0.297086
vt 0.709851 0.297568
vt 0.709851 0.294641
vt 0.696119 0.301669
vt 0.709851 0.301186
vt 0.696119 0.305376
vt 0.709851 0.304113
vt 0.921471 0.239124
vt 0.935204 0.240042
vt 0.985526 0.542833
vt 0.981167 0.542833
vt 0.982085 0.556566
vt 0.985526 0.556566
vt 0.103667 0.610775
vt 0.099959 0.610775
vt 0.099477 0.624508
vt 0.102404 0.624508
vt 0.095376 0.610775
vt 0.095859 0.624508
vt 0.091669 0.610775
vt 0.092931 0.624508
vt 0.885167 0.600221
vt 0.889525 0.600221
vt 0.889525 0.586488
vt 0.886084 0.586488
vt 0.893884 0.600221
vt 0.892967 0.586488
vt 0.997019 0.356259
vt 0.997019 0.352551
vt 0.983286 0.352069
vt 0.983286 0.354996
vt 0.997019 0.347968
vt 0.983286 0.348450
vt 0.997019 0.344260
vt 0.983286 0.345523
vt 0.989885 0.542833
vt 0.988967 0.556566
vt 0.226244 0.847257
vt 0.118406 0.592139
vt 0.439005 0.069156
vt 0.732115 0.847257
vt 0.784601 0.847257
vt 0.847455 0.847257
vt 0.187208 0.847257
vt 0.147503 0.847257
vt 0.108065 0.847257
vt 0.032565 0.847257
vt 0.792232 0.461083
vt 0.606040 0.847257
vt 0.531019 0.363409
vt 0.184819 0.092658
vt 0.184819 0.102431
vt 0.418330 0.546808
vt 0.418330 0.553713
vt 0.103101 0.134200
vt 0.103101 0.193538
vt 0.914536 0.870532
vt 0.914536 0.873953
vt 0.914536 0.877544
vt 0.535231 0.354443
vt 0.535231 0.348219
vt 0.535231 0.327109
vt 0.836874 0.343588
vt 0.836874 0.351937
vt 0.838067 0.134740
vt 0.882178 0.134744
vt 0.879359 0.117890
vt 0.838067 0.117890
vt 0.535231 0.356259
vt 0.535231 0.346129
vt 0.836874 0.356051
vt 0.956446 0.651644
vt 0.956446 0.649818
vt 0.938434 0.649818
vt 0.938434 0.651644
vt 0.579888 0.167771
vt 0.421772 0.174197
vt 0.555473 0.546808
vt 0.555473 0.554843
vt 0.716861 0.554843
vt 0.716861 0.546808
vt 0.956179 0.645832
vt 0.938434 0.645832
vt 0.830575 0.399020
vt 0.830575 0.406086
vt 0.887402 0.828775
vt 0.886533 0.828872
vt 0.886269 0.839971
vt 0.887348 0.840140
vt 0.875126 0.145729
vt 0.727010 0.152398
vt 0.727010 0.153263
vt 0.876434 0.155504
vt 0.727010 0.162115
vt 0.677549 0.109262
vt 0.680821 0.104936
vt 0.519433 0.098279
vt 0.519433 0.102836
vt 0.625646 0.535983
vt 0.677276 0.521426
vt 0.628356 0.520247
vt 0.674069 0.535690
vt 0.669412 0.544886
vt 0.619014 0.545191
vt 0.737787 0.535377
vt 0.732642 0.522070
vt 0.775339 0.523369
vt 0.262479 0.995188
vt 0.214602 0.985782
vt 0.212080 0.995198
vt 0.270022 0.983693
vt 0.740260 0.544529
vt 0.141233 0.995061
vt 0.141233 0.985616
vt 0.216192 0.975536
vt 0.243866 0.966488
vt 0.228252 0.923526
vt 0.202422 0.905948
vt 0.226363 0.905083
vt 0.119905 0.946076
vt 0.104417 0.977918
vt 0.106255 0.984727
vt 0.053339 0.929766
vt 0.043282 0.983663
vt 0.043282 0.943755
vt 0.002000 0.982364
vt 0.003363 0.941834
vt 0.008999 0.933274
vt 0.027665 0.924404
vt 0.338601 0.088712
vt 0.333979 0.107946
vt 0.343935 0.098884
vt 0.352390 0.107784
vt 0.717346 0.432868
vt 0.713077 0.453393
vt 0.717314 0.441462
vt 0.003245 0.992379
vt 0.043282 0.994511
vt 0.878248 0.540876
vt 0.838728 0.534972
vt 0.838211 0.544602
vt 0.875202 0.533719
vt 0.106255 0.994655
vt 0.775237 0.544513
vt 0.775233 0.535377
vt 0.839162 0.523416
vt 0.860104 0.522803
vt 0.867777 0.521424
vt 0.851922 0.498266
vt 0.839403 0.519968
vt 0.803139 0.497020
vt 0.852008 0.482287
vt 0.809676 0.482287
vt 0.775776 0.515770
vt 0.775877 0.505497
vt 0.727579 0.504680
vt 0.728554 0.512873
vt 0.679446 0.510143
vt 0.706726 0.498200
vt 0.682180 0.480022
vt 0.629205 0.478480
vt 0.629938 0.507397
vt 0.658367 0.456972
vt 0.628221 0.453295
vt 0.622974 0.432822
vt 0.615946 0.443500
vt 0.404481 0.433009
vt 0.404815 0.441959
vt 0.401765 0.445039
vt 0.287540 0.433132
vt 0.399721 0.453059
vt 0.273463 0.454431
vt 0.399326 0.475645
vt 0.254531 0.467900
vt 0.254421 0.493081
vt 0.400452 0.498846
vt 0.231738 0.470914
vt 0.139965 0.490319
vt 0.194628 0.471479
vt 0.171830 0.467900
vt 0.154127 0.456971
vt 0.144502 0.445860
vt 0.099165 0.489151
vt 0.069269 0.487958
vt 0.014843 0.469998
vt 0.014930 0.465587
vt 0.015647 0.460525
vt 0.099132 0.446563
vt 0.136491 0.441497
vt 0.015553 0.449715
vt 0.099124 0.441839
vt 0.015553 0.445759
vt 0.350777 0.207169
vt 0.338651 0.209432
vt 0.340416 0.214918
vt 0.322774 0.209663
vt 0.323347 0.214918
vt 0.091160 0.564668
vt 0.086198 0.592152
vt 0.043509 0.592157
vt 0.060801 0.564668
vt 0.772012 0.415639
vt 0.803119 0.416167
vt 0.799794 0.408330
vt 0.329036 0.084880
vt 0.352390 0.053775
vt 0.320310 0.053775
vt 0.281768 0.081265
vt 0.277158 0.109262
vt 0.322996 0.099887
vt 0.314784 0.106575
vt 0.263412 0.097136
vt 0.262763 0.081259
vt 0.260385 0.053775
vt 0.295427 0.986932
vt 0.345962 0.987394
vt 0.480588 0.987914
vt 0.480588 0.995069
vt 0.400905 0.536228
vt 0.400905 0.545396
vt 0.400860 0.517492
vt 0.642364 0.988516
vt 0.643341 0.996252
vt 0.238151 0.545396
vt 0.732132 0.995957
vt 0.239128 0.549635
vt 0.149361 0.545516
vt 0.149373 0.553354
vt 0.254415 0.536228
vt 0.254425 0.514896
vt 0.149092 0.512426
vt 0.149348 0.536674
vt 0.099170 0.511505
vt 0.100643 0.540535
vt 0.038773 0.540510
vt 0.030127 0.549389
vt 0.100603 0.547547
vt 0.100611 0.552279
vt 0.471213 0.088052
vt 0.513903 0.092622
vt 0.483011 0.071073
vt 0.513890 0.078371
vt 0.689805 0.866605
vt 0.687478 0.918314
vt 0.732006 0.902417
vt 0.679272 0.955678
vt 0.731393 0.962542
vt 0.657601 0.979952
vt 0.732145 0.971865
vt 0.732145 0.984950
vt 0.788006 0.980720
vt 0.786742 0.969259
vt 0.833572 0.966490
vt 0.840117 0.978241
vt 0.841225 0.966149
vt 0.649911 0.421812
vt 0.662003 0.427165
vt 0.660636 0.417523
vt 0.648838 0.415015
vt 0.645825 0.394992
vt 0.656891 0.396391
vt 0.656853 0.390374
vt 0.587935 0.389560
vt 0.589094 0.394781
vt 0.792294 0.905696
vt 0.838501 0.907529
vt 0.845999 0.907185
vt 0.590947 0.424370
vt 0.590603 0.417400
vt 0.586428 0.387372
vt 0.657377 0.386746
vt 0.732139 0.988867
vt 0.783441 0.985062
vt 0.842624 0.982271
vt 0.854414 0.987346
vt 0.882794 0.887695
vt 0.937437 0.887269
vt 0.934670 0.880695
vt 0.944338 0.870666
vt 0.949264 0.887973
vt 0.956612 0.879403
vt 0.960357 0.887240
vt 0.957818 0.848990
vt 0.110384 0.902219
vt 0.048026 0.899175
vt 0.020879 0.896054
vt 0.743435 0.459916
vt 0.715084 0.456840
vt 0.746874 0.441462
vt 0.748225 0.432822
vt 0.062478 0.411433
vt 0.018601 0.367020
vt 0.002000 0.362576
vt 0.063162 0.407275
vt 0.102226 0.418191
vt 0.557375 0.979708
vt 0.597122 0.977544
vt 0.547475 0.975131
vt 0.112126 0.421360
vt 0.123191 0.417186
vt 0.547475 0.927059
vt 0.603167 0.923750
vt 0.176277 0.425295
vt 0.483323 0.971982
vt 0.176277 0.421476
vt 0.547475 0.880590
vt 0.605597 0.880590
vt 0.483323 0.880590
vt 0.483323 0.928632
vt 0.309844 0.427165
vt 0.349756 0.967361
vt 0.483323 0.976928
vt 0.348297 0.971954
vt 0.339342 0.970935
vt 0.334461 0.966919
vt 0.325853 0.930404
vt 0.351301 0.930036
vt 0.319224 0.879644
vt 0.350547 0.880447
vt 0.015116 0.479550
vt 0.476973 0.056539
vt 0.475149 0.030167
vt 0.435315 0.037771
vt 0.439422 0.059938
vt 0.430774 0.041543
vt 0.425136 0.049909
vt 0.431195 0.060485
vt 0.056508 0.419652
vt 0.043522 0.413767
vt 0.042980 0.425182
vt 0.058534 0.413609
vt 0.519964 0.084915
vt 0.517952 0.078957
vt 0.295290 0.208317
vt 0.020125 0.541661
vt 0.007434 0.549667
vt 0.011080 0.507452
vt 0.002000 0.479594
vt 0.069166 0.488009
vt 0.124849 0.200221
vt 0.154744 0.200613
vt 0.154847 0.199194
vt 0.208898 0.200294
vt 0.766298 0.199656
vt 0.765980 0.195501
vt 0.676216 0.199159
vt 0.814756 0.196642
vt 0.780676 0.993205
vt 0.855025 0.996575
vt 0.865528 0.988103
vt 0.877137 0.998000
vt 0.875100 0.988784
vt 0.149362 0.557189
vt 0.100817 0.557980
vt 0.026468 0.557978
vt 0.004355 0.559011
vt 0.483097 0.030185
vt 0.494681 0.061614
vt 0.824462 0.036931
vt 0.817334 0.035919
vt 0.840430 0.061547
vt 0.836562 0.038494
vt 0.856001 0.054554
vt 0.864183 0.043470
vt 0.878891 0.037038
vt 0.957578 0.830411
vt 0.969464 0.815525
vt 0.959190 0.815928
vt 0.967361 0.829843
vt 0.951346 0.839590
vt 0.963353 0.842262
vt 0.953501 0.843137
vt 0.969914 0.886670
vt 0.346698 0.976987
vt 0.483323 0.982122
vt 0.311304 0.424122
vt 0.176277 0.417465
vt 0.131415 0.415828
vt 0.528186 0.983754
vt 0.536409 0.980078
vt 0.566764 0.984048
vt 0.092837 0.411748
vt 0.063796 0.403417
vt 0.640999 0.984425
vt 0.595804 0.986180
vt 0.017236 0.362480
vt 0.584028 0.376392
vt 0.589504 0.363409
vt 0.597481 0.363409
vt 0.666802 0.363409
vt 0.660904 0.377818
vt 0.819428 0.069713
vt 0.817334 0.082922
vt 0.831346 0.088866
vt 0.843467 0.092622
vt 0.847399 0.067204
vt 0.881633 0.067206
vt 0.880640 0.084617
vt 0.461738 0.228802
vt 0.474277 0.244864
vt 0.474889 0.227424
vt 0.461821 0.241316
vt 0.233965 0.457007
vt 0.245992 0.463208
vt 0.245890 0.453314
vt 0.853629 0.498302
vt 0.863617 0.042120
vt 0.958815 0.748342
vt 0.952516 0.725996
vt 0.957031 0.748725
vt 0.869485 0.521461
vt 0.954534 0.725558
vt 0.954534 0.725558
vt 0.960599 0.747959
vt 0.956552 0.725119
vt 0.948260 0.716317
vt 0.876389 0.532807
vt 0.949910 0.714991
vt 0.942989 0.708333
vt 0.949910 0.714991
vt 0.951560 0.713665
vt 0.483922 0.028451
vt 0.489088 0.033139
vt 0.490669 0.030883
vt 0.942268 0.709989
vt 0.932834 0.708906
vt 0.933373 0.711189
vt 0.942268 0.709989
vt 0.932834 0.708906
vt 0.932296 0.706623
vt 0.893797 0.719950
vt 0.892720 0.715384
vt 0.893259 0.717667
vt 0.893259 0.717667
vt 0.889202 0.722547
vt 0.887178 0.721570
vt 0.887178 0.721570
vt 0.885154 0.720593
vt 0.884818 0.733854
vt 0.346219 0.097955
vt 0.341358 0.087051
vt 0.882794 0.732877
vt 0.711331 0.451978
vt 0.706215 0.463392
vt 0.884370 0.748071
vt 0.714796 0.436586
vt 0.041611 0.426389
vt 0.056859 0.422431
vt 0.516440 0.076165
vt 0.325140 0.426213
vt 0.389579 0.362156
vt 0.364173 0.361934
vt 0.320258 0.424049
vt 0.307072 0.936053
vt 0.307072 0.878537
vt 0.281727 0.878537
vt 0.281727 0.944644
vt 0.168880 0.100806
vt 0.179582 0.102431
vt 0.179582 0.092658
vt 0.168880 0.092658
vt 0.889403 0.414932
vt 0.890074 0.408330
vt 0.807047 0.408330
vt 0.805004 0.414932
vt 0.002000 0.193538
vt 0.069882 0.193538
vt 0.069882 0.134200
vt 0.002000 0.142977
vt 0.898597 0.877544
vt 0.909299 0.877544
vt 0.909006 0.873953
vt 0.897704 0.873953
vt 0.263501 0.939792
vt 0.278382 0.939792
vt 0.278382 0.883390
vt 0.263501 0.883390
vt 0.551452 0.553713
vt 0.553588 0.546808
vt 0.466880 0.546808
vt 0.464304 0.553713
vt 0.908726 0.870532
vt 0.896853 0.870532
vt 0.484369 0.354273
vt 0.480587 0.352231
vt 0.385959 0.351864
vt 0.381991 0.354790
vt 0.390325 0.335978
vt 0.389295 0.332389
vt 0.482027 0.336310
vt 0.486681 0.332106
vt 0.488880 0.348153
vt 0.490320 0.336133
vt 0.144141 0.611203
vt 0.151674 0.615287
vt 0.166960 0.610775
vt 0.398492 0.311078
vt 0.396777 0.308752
vt 0.489256 0.310595
vt 0.489256 0.309235
vt 0.486681 0.327262
vt 0.394475 0.326939
vt 0.154729 0.618154
vt 0.160022 0.625102
vt 0.166422 0.622511
vt 0.165401 0.613934
vt 0.260385 0.126412
vt 0.262061 0.134744
vt 0.349209 0.123267
vt 0.349209 0.114978
vt 0.788324 0.351877
vt 0.788324 0.343588
vt 0.701616 0.332111
vt 0.698499 0.340539
vt 0.928664 0.284593
vt 0.924434 0.268129
vt 0.839274 0.266480
vt 0.837790 0.283635
vt 0.917084 0.619427
vt 0.919633 0.636296
vt 0.926235 0.636296
vt 0.928780 0.619461
vt 0.915100 0.250536
vt 0.915814 0.233611
vt 0.832008 0.232287
vt 0.826651 0.248513
vt 0.761722 0.481490
vt 0.744869 0.484037
vt 0.744869 0.490640
vt 0.761712 0.493185
vt 0.386096 0.125340
vt 0.369243 0.127887
vt 0.369243 0.130589
vt 0.386085 0.133134
vt 0.425136 0.005952
vt 0.427436 0.022795
vt 0.395309 0.306760
vt 0.387470 0.332106
vt 0.489256 0.306760
vt 0.069975 0.132307
vt 0.003297 0.141085
vt 0.379999 0.356259
vt 0.484226 0.356259
vt 0.257574 0.944644
vt 0.259043 0.947119
vt 0.835600 0.286304
vt 0.478597 0.350029
vt 0.388442 0.350033
vt 0.392065 0.338337
vt 0.479787 0.338334
vt 0.491120 0.346130
vt 0.492310 0.338336
vt 0.396856 0.325184
vt 0.400432 0.313708
vt 0.489256 0.313720
vt 0.696119 0.344343
vt 0.788324 0.356259
vt 0.257574 0.878537
vt 0.896541 0.871372
vt 0.897065 0.873480
vt 0.408834 0.340674
vt 0.413687 0.346280
vt 0.470089 0.346280
vt 0.474942 0.340674
vt 0.886269 0.846096
vt 0.886269 0.854130
vt 0.906600 0.854130
vt 0.906600 0.846096
vt 0.913353 0.843670
vt 0.913353 0.815525
vt 0.898061 0.815525
vt 0.890595 0.843670
vt 0.193304 0.605144
vt 0.192789 0.594043
vt 0.044673 0.594043
vt 0.044802 0.605144
vt 0.988690 0.427165
vt 0.980826 0.420099
vt 0.986347 0.399020
vt 0.979999 0.406086
vt 0.672459 0.381112
vt 0.674079 0.393364
vt 0.822581 0.386695
vt 0.742931 0.492918
vt 0.742984 0.483035
vt 0.731989 0.481490
vt 0.728681 0.493376
vt 0.913353 0.856557
vt 0.890595 0.856557
vt 0.263657 0.190529
vt 0.260385 0.194855
vt 0.769395 0.311033
vt 0.769395 0.326455
vt 0.696119 0.311033
vt 0.696119 0.326455
vt 0.329168 0.257744
vt 0.346082 0.257744
vt 0.346082 0.250167
vt 0.329168 0.250167
vt 0.329168 0.248282
vt 0.346082 0.248282
vt 0.346082 0.241836
vt 0.329168 0.241836
vt 0.346082 0.233870
vt 0.329168 0.233870
vt 0.346082 0.227424
vt 0.329168 0.227424
vt 0.883905 0.448985
vt 0.900819 0.448985
vt 0.900819 0.441408
vt 0.883905 0.441408
vt 0.900819 0.433831
vt 0.883905 0.433831
vt 0.996428 0.887973
vt 0.996428 0.871059
vt 0.989982 0.871059
vt 0.989982 0.887973
vt 0.982016 0.871059
vt 0.982016 0.887973
vt 0.975570 0.871059
vt 0.975570 0.887973
vt 0.329168 0.265321
vt 0.346082 0.265321
vt 0.105756 0.027171
vt 0.088842 0.027171
vt 0.088842 0.034748
vt 0.105756 0.034748
vt 0.197070 0.031669
vt 0.197070 0.048583
vt 0.203515 0.048583
vt 0.203515 0.031669
vt 0.211482 0.048583
vt 0.211482 0.031669
vt 0.217927 0.048583
vt 0.217927 0.031669
vt 0.966255 0.748725
vt 0.983169 0.748725
vt 0.983169 0.741148
vt 0.966255 0.741148
vt 0.983169 0.733571
vt 0.966255 0.733571
vt 0.069148 0.072132
vt 0.052234 0.072132
vt 0.052234 0.078577
vt 0.069148 0.078577
vt 0.052234 0.086544
vt 0.069148 0.086544
vt 0.052234 0.092989
vt 0.069148 0.092989
vt 0.105756 0.019594
vt 0.088842 0.019594
vt 0.103621 0.040404
vt 0.103621 0.054137
vt 0.107063 0.054137
vt 0.107980 0.040404
vt 0.105552 0.610775
vt 0.106815 0.624508
vt 0.109742 0.624508
vt 0.109260 0.610775
vt 0.113361 0.624508
vt 0.113843 0.610775
vt 0.116288 0.624508
vt 0.117551 0.610775
vt 0.981167 0.674680
vt 0.982085 0.688413
vt 0.985526 0.688413
vt 0.985526 0.674680
vt 0.988967 0.688413
vt 0.989884 0.674680
vt 0.669776 0.019178
vt 0.683509 0.017915
vt 0.683509 0.014988
vt 0.669776 0.015470
vt 0.683509 0.011369
vt 0.669776 0.010887
vt 0.683509 0.008442
vt 0.669776 0.007179
vt 0.099263 0.040404
vt 0.100180 0.054137
vt 0.899620 0.862801
vt 0.913353 0.862801
vt 0.913353 0.859360
vt 0.899620 0.858442
vt 0.514071 0.049616
vt 0.500338 0.050879
vt 0.500338 0.053806
vt 0.514071 0.053324
vt 0.500338 0.057424
vt 0.514071 0.057907
vt 0.500338 0.060351
vt 0.514071 0.061614
vt 0.695501 0.416747
vt 0.709234 0.415829
vt 0.709234 0.412388
vt 0.695501 0.412388
vt 0.709234 0.408947
vt 0.695501 0.408029
vt 0.013436 0.606041
vt 0.027169 0.604778
vt 0.027169 0.601851
vt 0.013436 0.602333
vt 0.027169 0.598233
vt 0.013436 0.597750
vt 0.027169 0.595306
vt 0.013436 0.594043
vt 0.899620 0.867160
vt 0.913353 0.866242
vt 0.045990 0.085865
vt 0.045990 0.072132
vt 0.042549 0.072132
vt 0.041632 0.085865
vt 0.608329 0.005062
vt 0.594596 0.006325
vt 0.594596 0.009252
vt 0.608329 0.008770
vt 0.594596 0.012870
vt 0.608329 0.013353
vt 0.594596 0.015798
vt 0.608329 0.017060
vt 0.884001 0.867160
vt 0.897734 0.866242
vt 0.897734 0.862801
vt 0.884001 0.862801
vt 0.897734 0.859360
vt 0.884001 0.858442
vt 0.474889 0.246749
vt 0.461156 0.248012
vt 0.461156 0.250940
vt 0.474889 0.250457
vt 0.461156 0.254558
vt 0.474889 0.255040
vt 0.461156 0.257485
vt 0.474889 0.258748
vt 0.050349 0.085865
vt 0.049431 0.072132
vt 0.796774 0.117890
vt 0.793956 0.134744
vt 0.920422 0.651644
vt 0.920422 0.649818
vt 0.263657 0.167771
vt 0.878248 0.546808
vt 0.878248 0.554843
vt 0.920689 0.645832
vt 0.886269 0.815525
vt 0.886344 0.826890
vt 0.887423 0.826719
vt 0.887138 0.815620
vt 0.578894 0.145729
vt 0.577586 0.155504
vt 0.361318 0.109262
vt 0.358046 0.104936
vt 0.247372 0.730387
vt 0.269860 0.716247
vt 0.232646 0.771584
vt 0.230832 0.789437
vt 0.230668 0.847257
vt 0.230832 0.905077
vt 0.232646 0.922931
vt 0.247372 0.964127
vt 0.269860 0.978267
vt 0.328640 0.963130
vt 0.321370 0.930615
vt 0.308248 0.280096
vt 0.359009 0.285431
vt 0.358856 0.282157
vt 0.314766 0.879797
vt 0.391395 0.286304
vt 0.391395 0.282976
vt 0.423782 0.285431
vt 0.423935 0.282157
vt 0.321370 0.763899
vt 0.474753 0.276861
vt 0.328640 0.731385
vt 0.253841 0.732252
vt 0.273433 0.720530
vt 0.239816 0.772055
vt 0.238059 0.789443
vt 0.237858 0.847257
vt 0.238059 0.905071
vt 0.239816 0.922459
vt 0.253841 0.962262
vt 0.273433 0.973984
vt 0.260385 0.209575
vt 0.275523 0.268595
vt 0.278517 0.262209
vt 0.264668 0.207169
vt 0.275523 0.268595
vt 0.308037 0.276861
vt 0.307871 0.269198
vt 0.278517 0.262209
vt 0.358735 0.274463
vt 0.391395 0.275236
vt 0.424056 0.274463
vt 0.474920 0.269198
vt 0.507268 0.268595
vt 0.504274 0.262209
vt 0.507268 0.268595
vt 0.522406 0.209575
vt 0.518122 0.207169
vt 0.504274 0.262209
vt 0.212566 0.291961
vt 0.077940 0.291961
vt 0.081411 0.295366
vt 0.209301 0.295351
vt 0.078676 0.350832
vt 0.082066 0.347344
vt 0.215301 0.347510
vt 0.211701 0.344207
vt 0.313639 0.361916
vt 0.179013 0.361915
vt 0.182277 0.365306
vt 0.310167 0.365321
vt 0.179878 0.414161
vt 0.312903 0.420787
vt 0.309513 0.417299
vt 0.084412 0.297845
vt 0.206587 0.297818
vt 0.084997 0.343974
vt 0.208701 0.340994
vt 0.184992 0.367773
vt 0.307167 0.367800
vt 0.182878 0.410948
vt 0.306581 0.413929
vt 0.374343 0.292525
vt 0.216240 0.295465
vt 0.365109 0.295974
vt 0.218628 0.343893
vt 0.260164 0.345873
vt 0.259910 0.342392
vt 0.298062 0.338357
vt 0.327782 0.333463
vt 0.326054 0.330329
vt 0.026470 0.365929
vt 0.175339 0.365419
vt 0.065524 0.400284
vt 0.093517 0.408312
vt 0.131668 0.412346
vt 0.172951 0.413847
vt 0.501293 0.220156
vt 0.352424 0.220592
vt 0.355023 0.224621
vt 0.494942 0.224302
vt 0.037555 0.120840
vt 0.037867 0.072132
vt 0.033932 0.074517
vt 0.033792 0.118275
vt 0.218628 0.343893
vt 0.259910 0.342392
vt 0.259786 0.339669
vt 0.220986 0.341075
vt 0.298062 0.338357
vt 0.297642 0.335665
vt 0.326054 0.330329
vt 0.324908 0.327848
vt 0.306003 0.279456
vt 0.266911 0.279277
vt 0.273419 0.283171
vt 0.358758 0.298057
vt 0.516605 0.320039
vt 0.665474 0.320475
vt 0.659123 0.316329
vt 0.519204 0.316009
vt 0.066671 0.397803
vt 0.140500 0.017008
vt 0.174276 0.019587
vt 0.181057 0.016191
vt 0.093937 0.405620
vt 0.131793 0.409624
vt 0.170593 0.411030
vt 0.075775 0.072132
vt 0.076177 0.120839
vt 0.079935 0.118267
vt 0.079715 0.074510
vt 0.686250 0.827973
vt 0.686743 0.847257
vt 0.683940 0.776573
vt 0.676097 0.740380
vt 0.656499 0.718844
vt 0.601362 0.720927
vt 0.606752 0.770812
vt 0.609155 0.813958
vt 0.609590 0.847257
vt 0.609155 0.880556
vt 0.606752 0.923702
vt 0.601362 0.973588
vt 0.656499 0.975671
vt 0.676097 0.954134
vt 0.683940 0.917941
vt 0.686250 0.866542
vt 0.686743 0.847257
vt 0.686250 0.827973
vt 0.682714 0.828001
vt 0.683210 0.847257
vt 0.683940 0.776573
vt 0.680410 0.776739
vt 0.676097 0.740380
vt 0.672728 0.741067
vt 0.656499 0.718844
vt 0.654052 0.720747
vt 0.385243 0.263491
vt 0.456429 0.263047
vt 0.454315 0.260376
vt 0.386043 0.260618
vt 0.535638 0.120291
vt 0.585523 0.129789
vt 0.585545 0.125903
vt 0.537398 0.116885
vt 0.628670 0.133442
vt 0.628685 0.129540
vt 0.661969 0.134744
vt 0.661969 0.130836
vt 0.695267 0.133442
vt 0.695252 0.129540
vt 0.738414 0.129789
vt 0.738393 0.125903
vt 0.788299 0.120291
vt 0.786540 0.116885
vt 0.263555 0.433134
vt 0.192368 0.432822
vt 0.193173 0.435692
vt 0.261446 0.435809
vt 0.656499 0.975671
vt 0.676097 0.954134
vt 0.672728 0.953447
vt 0.654052 0.973768
vt 0.683940 0.917941
vt 0.680410 0.917775
vt 0.686250 0.866542
vt 0.682714 0.866513
vt 0.036572 0.296898
vt 0.073178 0.296588
vt 0.073263 0.347927
vt 0.318400 0.366543
vt 0.355007 0.366853
vt 0.318316 0.417881
vt 0.632921 0.260543
vt 0.669532 0.259938
vt 0.664810 0.256192
vt 0.635274 0.256680
vt 0.070744 0.339702
vt 0.041143 0.298534
vt 0.070675 0.298284
vt 0.919834 0.657284
vt 0.956446 0.657822
vt 0.954086 0.653963
vt 0.924549 0.653529
vt 0.320835 0.409656
vt 0.320904 0.368239
vt 0.350436 0.368488
vt 0.274652 0.844631
vt 0.312510 0.844631
vt 0.166491 0.071371
vt 0.199521 0.071371
vt 0.199815 0.066077
vt 0.166196 0.066077
vt 0.200109 0.054240
vt 0.165902 0.054240
vt 0.166075 0.072505
vt 0.199937 0.072505
vt 0.165657 0.073869
vt 0.200355 0.073869
vt 0.165334 0.076376
vt 0.200678 0.076376
vt 0.165253 0.079606
vt 0.200759 0.079606
vt 0.165301 0.084862
vt 0.200711 0.084862
vt 0.165451 0.088091
vt 0.200561 0.088091
vt 0.166321 0.090773
vt 0.199691 0.090773
vt 0.807428 0.229237
vt 0.541628 0.229237
vt 0.528062 0.250536
vt 0.820994 0.250536
vt 0.273557 0.848663
vt 0.313605 0.848663
vt 0.272317 0.851376
vt 0.314845 0.851376
vt 0.271538 0.854172
vt 0.315625 0.854172
vt 0.271320 0.856547
vt 0.315843 0.856547
vt 0.271503 0.862049
vt 0.315659 0.862049
vt 0.271746 0.865155
vt 0.315417 0.865155
vt 0.834613 0.208847
vt 0.529812 0.208847
vt 0.528062 0.223580
vt 0.836363 0.223580
vt 0.703837 0.055900
vt 0.721961 0.055900
vt 0.721961 0.024834
vt 0.703837 0.024834
vt 0.737898 0.055900
vt 0.737898 0.024834
vt 0.737898 0.061556
vt 0.721961 0.061556
vt 0.721961 0.092622
vt 0.737898 0.092622
vt 0.703837 0.061556
vt 0.703837 0.092622
vt 0.685714 0.061556
vt 0.685714 0.092622
vt 0.669776 0.061556
vt 0.669776 0.092622
vt 0.002000 0.034748
vt 0.016098 0.034748
vt 0.016098 0.003682
vt 0.002000 0.003682
vt 0.033391 0.034748
vt 0.033391 0.003682
vt 0.051794 0.034748
vt 0.051794 0.003682
vt 0.069088 0.034748
vt 0.069088 0.003682
vt 0.083185 0.034748
vt 0.083185 0.003682
vt 0.669776 0.055900
vt 0.685713 0.055900
vt 0.685713 0.024834
vt 0.669776 0.024834
vt 0.366461 0.043130
vt 0.370583 0.050268
vt 0.376897 0.055566
vt 0.384642 0.058385
vt 0.392884 0.058385
vt 0.400630 0.055566
vt 0.406943 0.050268
vt 0.411065 0.043130
vt 0.412496 0.035013
vt 0.411065 0.026896
vt 0.406943 0.019758
vt 0.400630 0.014459
vt 0.392884 0.011640
vt 0.384642 0.011640
vt 0.376897 0.014459
vt 0.370583 0.019758
vt 0.366461 0.026896
vt 0.365030 0.035013
vt 0.153612 0.077268
vt 0.153612 0.065015
vt 0.145742 0.066762
vt 0.145742 0.077268
vt 0.153612 0.054240
vt 0.145742 0.057524
vt 0.457945 0.316009
vt 0.447170 0.316009
vt 0.445422 0.323879
vt 0.454661 0.323879
vt 0.434916 0.316009
vt 0.434916 0.323879
vt 0.422663 0.316009
vt 0.424411 0.323879
vt 0.411888 0.316009
vt 0.415172 0.323879
vt 0.459831 0.323879
vt 0.469362 0.323879
vt 0.471917 0.316009
vt 0.463745 0.316009
vt 0.481054 0.323879
vt 0.481941 0.316009
vt 0.493496 0.323879
vt 0.492609 0.316009
vt 0.505188 0.323879
vt 0.502633 0.316009
vt 0.514719 0.323879
vt 0.510805 0.316009
vt 0.153612 0.100297
vt 0.153612 0.089521
vt 0.145742 0.087774
vt 0.145742 0.097012
vt 0.358046 0.035013
vt 0.359899 0.045519
vt 0.365233 0.054757
vt 0.373405 0.061614
vt 0.404121 0.061614
vt 0.412293 0.054757
vt 0.417627 0.045519
vt 0.419480 0.035013
vt 0.417627 0.024507
vt 0.412293 0.015269
vt 0.404121 0.008411
vt 0.394097 0.004763
vt 0.383429 0.004763
vt 0.373405 0.008411
vt 0.365233 0.015269
vt 0.359899 0.024507
vt 0.628657 0.053783
vt 0.646781 0.053783
vt 0.646781 0.022717
vt 0.628657 0.022717
vt 0.662719 0.053783
vt 0.662719 0.022717
vt 0.260385 0.048119
vt 0.274483 0.048119
vt 0.274483 0.017053
vt 0.260385 0.017053
vt 0.291776 0.048119
vt 0.291776 0.017053
vt 0.310179 0.048119
vt 0.310179 0.017053
vt 0.327473 0.048119
vt 0.327473 0.017053
vt 0.341571 0.048119
vt 0.341571 0.017053
vt 0.811678 0.061556
vt 0.795740 0.061556
vt 0.795740 0.092622
vt 0.811678 0.092622
vt 0.777616 0.061556
vt 0.777616 0.092622
vt 0.759493 0.061556
vt 0.759493 0.092622
vt 0.743555 0.061556
vt 0.743555 0.092622
vt 0.375244 0.258490
vt 0.389342 0.258490
vt 0.389342 0.227424
vt 0.375244 0.227424
vt 0.406635 0.258490
vt 0.406635 0.227424
vt 0.425038 0.258490
vt 0.425038 0.227424
vt 0.442331 0.258490
vt 0.442331 0.227424
vt 0.456429 0.258490
vt 0.456429 0.227424
vt 0.594596 0.053783
vt 0.610534 0.053783
vt 0.610534 0.022717
vt 0.594596 0.022717
vt 0.535921 0.070489
vt 0.540042 0.077627
vt 0.546356 0.082925
vt 0.554102 0.085744
vt 0.562344 0.085744
vt 0.570089 0.082925
vt 0.576403 0.077627
vt 0.580524 0.070489
vt 0.581956 0.062372
vt 0.580524 0.054255
vt 0.576403 0.047117
vt 0.570089 0.041819
vt 0.562344 0.039000
vt 0.554102 0.039000
vt 0.546356 0.041819
vt 0.540042 0.047117
vt 0.535921 0.054255
vt 0.534490 0.062372
vt 0.351314 0.352116
vt 0.363567 0.352116
vt 0.361820 0.344246
vt 0.351314 0.344246
vt 0.374343 0.352116
vt 0.371058 0.344246
vt 0.126169 0.014305
vt 0.135700 0.014305
vt 0.138254 0.006436
vt 0.130082 0.006436
vt 0.147392 0.014305
vt 0.148279 0.006436
vt 0.159834 0.014305
vt 0.158947 0.006436
vt 0.171526 0.014305
vt 0.168971 0.006436
vt 0.181057 0.014305
vt 0.177143 0.006436
vt 0.155498 0.054240
vt 0.155498 0.065015
vt 0.163368 0.066762
vt 0.163368 0.057524
vt 0.155498 0.077268
vt 0.163368 0.077268
vt 0.155498 0.089521
vt 0.163368 0.087774
vt 0.155498 0.100297
vt 0.163368 0.097012
vt 0.711120 0.415899
vt 0.720651 0.415899
vt 0.723206 0.408029
vt 0.715034 0.408029
vt 0.732343 0.415899
vt 0.733230 0.408029
vt 0.744785 0.415899
vt 0.743898 0.408029
vt 0.756477 0.415899
vt 0.753923 0.408029
vt 0.766008 0.415899
vt 0.762094 0.408029
vt 0.328285 0.352116
vt 0.339061 0.352116
vt 0.340808 0.344246
vt 0.331570 0.344246
vt 0.527506 0.062372
vt 0.529359 0.072878
vt 0.534692 0.082116
vt 0.542864 0.088973
vt 0.552889 0.092622
vt 0.563557 0.092622
vt 0.573581 0.088973
vt 0.581753 0.082116
vt 0.587087 0.072878
vt 0.588939 0.062372
vt 0.587087 0.051866
vt 0.581753 0.042628
vt 0.573581 0.035771
vt 0.563557 0.032122
vt 0.552889 0.032122
vt 0.542864 0.035771
vt 0.534692 0.042628
vt 0.529359 0.051866
vt 0.721961 0.055900
vt 0.703837 0.055900
vt 0.721961 0.024834
vt 0.703837 0.024834
vt 0.737898 0.055900
vt 0.737898 0.024834
vt 0.721961 0.061556
vt 0.737898 0.061556
vt 0.721961 0.092622
vt 0.737898 0.092622
vt 0.703837 0.061556
vt 0.703837 0.092622
vt 0.685714 0.061556
vt 0.685714 0.092622
vt 0.669776 0.061556
vt 0.669776 0.092622
vt 0.016098 0.034748
vt 0.002000 0.034748
vt 0.016098 0.003682
vt 0.002000 0.003682
vt 0.033391 0.034748
vt 0.033391 0.003682
vt 0.051794 0.034748
vt 0.051794 0.003682
vt 0.069088 0.034748
vt 0.069088 0.003682
vt 0.083185 0.034748
vt 0.083185 0.003682
vt 0.685713 0.055900
vt 0.669776 0.055900
vt 0.685713 0.024834
vt 0.669776 0.024834
vt 0.370583 0.050268
vt 0.366461 0.043130
vt 0.376897 0.055566
vt 0.384642 0.058385
vt 0.392884 0.058385
vt 0.400630 0.055566
vt 0.406943 0.050268
vt 0.411065 0.043130
vt 0.412496 0.035013
vt 0.411065 0.026896
vt 0.406943 0.019758
vt 0.400630 0.014459
vt 0.392884 0.011640
vt 0.384642 0.011640
vt 0.376897 0.014459
vt 0.370583 0.019758
vt 0.366461 0.026896
vt 0.365030 0.035013
vt 0.153612 0.065015
vt 0.153612 0.077268
vt 0.145742 0.066762
vt 0.145742 0.077268
vt 0.153612 0.054240
vt 0.145742 0.057524
vt 0.447170 0.316009
vt 0.457945 0.316009
vt 0.445422 0.323879
vt 0.454661 0.323879
vt 0.434916 0.316009
vt 0.434916 0.323879
vt 0.422663 0.316009
vt 0.424411 0.323879
vt 0.411888 0.316009
vt 0.415172 0.323879
vt 0.469362 0.323879
vt 0.459831 0.323879
vt 0.471917 0.316009
vt 0.463745 0.316009
vt 0.481054 0.323879
vt 0.481941 0.316009
vt 0.493496 0.323879
vt 0.492609 0.316009
vt 0.505188 0.323879
vt 0.502633 0.316009
vt 0.514719 0.323879
vt 0.510805 0.316009
vt 0.153612 0.089521
vt 0.153612 0.100297
vt 0.145742 0.087774
vt 0.145742 0.097012
vt 0.359899 0.045519
vt 0.358046 0.035013
vt 0.365233 0.054757
vt 0.373405 0.061614
vt 0.412293 0.054757
vt 0.404121 0.061614
vt 0.417627 0.045519
vt 0.419480 0.035013
vt 0.417627 0.024507
vt 0.412293 0.015269
vt 0.404121 0.008411
vt 0.394097 0.004763
vt 0.383429 0.004763
vt 0.373405 0.008411
vt 0.365233 0.015269
vt 0.359899 0.024507
vt 0.646781 0.053783
vt 0.628657 0.053783
vt 0.646781 0.022717
vt 0.628657 0.022717
vt 0.662719 0.053783
vt 0.662719 0.022717
vt 0.274483 0.048119
vt 0.260385 0.048119
vt 0.274483 0.017053
vt 0.260385 0.017053
vt 0.291776 0.048119
vt 0.291776 0.017053
vt 0.310179 0.048119
vt 0.310179 0.017053
vt 0.327473 0.048119
vt 0.327473 0.017053
vt 0.341571 0.048119
vt 0.341571 0.017053
vt 0.795740 0.061556
vt 0.811678 0.061556
vt 0.795740 0.092622
vt 0.811678 0.092622
vt 0.777616 0.061556
vt 0.777616 0.092622
vt 0.759493 0.061556
vt 0.759493 0.092622
vt 0.743555 0.061556
vt 0.743555 0.092622
vt 0.389342 0.258490
vt 0.375244 0.258490
vt 0.389342 0.227424
vt 0.375244 0.227424
vt 0.406635 0.258490
vt 0.406635 0.227424
vt 0.425038 0.258490
vt 0.425038 0.227424
vt 0.442331 0.258490
vt 0.442331 0.227424
vt 0.456429 0.258490
vt 0.456429 0.227424
vt 0.610534 0.053783
vt 0.594596 0.053783
vt 0.610534 0.022717
vt 0.594596 0.022717
vt 0.540042 0.077627
vt 0.535921 0.070489
vt 0.546356 0.082925
vt 0.554102 0.085744
vt 0.562344 0.085744
vt 0.570089 0.082925
vt 0.576403 0.077627
vt 0.580524 0.070489
vt 0.581956 0.062372
vt 0.580524 0.054255
vt 0.576403 0.047117
vt 0.570089 0.041819
vt 0.562344 0.039000
vt 0.554102 0.039000
vt 0.546356 0.041819
vt 0.540042 0.047117
vt 0.535921 0.054255
vt 0.534490 0.062372
vt 0.363567 0.352116
vt 0.351314 0.352116
vt 0.361820 0.344246
vt 0.351314 0.344246
vt 0.374343 0.352116
vt 0.371058 0.344246
vt 0.135700 0.014305
vt 0.126169 0.014305
vt 0.138254 0.006436
vt 0.130082 0.006436
vt 0.147392 0.014305
vt 0.148279 0.006436
vt 0.159834 0.014305
vt 0.158947 0.006436
vt 0.171526 0.014305
vt 0.168971 0.006436
vt 0.181057 0.014305
vt 0.177143 0.006436
vt 0.155498 0.065015
vt 0.155498 0.054240
vt 0.163368 0.066762
vt 0.163368 0.057524
vt 0.155498 0.077268
vt 0.163368 0.077268
vt 0.155498 0.089521
vt 0.163368 0.087774
vt 0.155498 0.100297
vt 0.163368 0.097012
vt 0.720651 0.415899
vt 0.711120 0.415899
vt 0.723206 0.408029
vt 0.715034 0.408029
vt 0.732343 0.415899
vt 0.733230 0.408029
vt 0.744785 0.415899
vt 0.743898 0.408029
vt 0.756477 0.415899
vt 0.753923 0.408029
vt 0.766008 0.415899
vt 0.762094 0.408029
vt 0.339061 0.352116
vt 0.328285 0.352116
vt 0.340808 0.344246
vt 0.331570 0.344246
vt 0.529359 0.072878
vt 0.527506 0.062372
vt 0.534692 0.082116
vt 0.542864 0.088973
vt 0.552889 0.092622
vt 0.563557 0.092622
vt 0.573581 0.088973
vt 0.581753 0.082116
vt 0.587087 0.072878
vt 0.588939 0.062372
vt 0.587087 0.051866
vt 0.581753 0.042628
vt 0.573581 0.035771
vt 0.563557 0.032122
vt 0.552889 0.032122
vt 0.542864 0.035771
vt 0.534692 0.042628
vt 0.529359 0.051866
vt 0.192587 0.082149
vt 0.192516 0.082135
vt 0.193201 0.081571
vt 0.192241 0.081536
vt 0.193396 0.082267
vt 0.192375 0.082125
vt 0.192516 0.082135
vt 0.192587 0.082149
vt 0.192241 0.081536
vt 0.193201 0.081571
vt 0.192366 0.081597
vt 0.192191 0.082406
vt 0.193109 0.081796
vt 0.192375 0.082125
vt 0.193396 0.082267
vt 0.192116 0.082364
vt 0.192304 0.081597
vt 0.192191 0.082406
vt 0.192366 0.081597
vt 0.192494 0.081597
vn -1.0000 0.0000 -0.0000
vn 0.0000 -1.0000 0.0000
vn 0.0000 1.0000 0.0000
vn 0.0000 0.0000 1.0000
vn 0.0000 0.0000 -1.0000
vn -0.0001 -0.0000 -1.0000
vn 0.0001 0.0000 -1.0000
vn 1.0000 0.0000 0.0000
vn 0.0000 -1.0000 -0.0010
vn -0.0000 1.0000 -0.0002
vn 0.0000 1.0000 0.0034
vn 0.9953 -0.0917 0.0320
vn 0.9900 -0.1055 0.0932
vn -0.9900 -0.1055 0.0932
vn -0.9953 -0.0917 0.0320
vn -0.7445 -0.5149 0.4250
vn -0.7817 -0.4958 0.3784
vn 0.7817 -0.4958 0.3784
vn 0.7445 -0.5149 0.4250
vn 0.1860 -0.9824 0.0185
vn 0.6900 -0.7079 0.1507
vn -0.6900 -0.7079 0.1507
vn -0.1860 -0.9824 0.0185
vn -0.9663 -0.1824 -0.1819
vn -0.9717 -0.2047 -0.1178
vn -0.7240 -0.5039 -0.4712
vn -0.8337 -0.4797 -0.2735
vn 0.9663 -0.1824 -0.1819
vn 0.9717 -0.2047 -0.1178
vn 0.8337 -0.4797 -0.2735
vn 0.7240 -0.5039 -0.4712
vn 0.0000 0.9998 -0.0190
vn 0.6818 -0.6712 -0.2909
vn 0.2252 -0.9738 0.0316
vn -0.2252 -0.9738 0.0315
vn -0.6818 -0.6712 -0.2909
vn -0.0948 0.9923 -0.0792
vn 0.0000 0.0907 -0.9959
vn 0.0000 0.9201 -0.3918
vn 0.0948 0.9923 -0.0792
vn 0.5268 0.8129 0.2486
vn 0.1486 0.9815 0.1205
vn -0.0317 0.9965 -0.0769
vn -0.0000 0.9995 -0.0319
vn -0.0012 1.0000 -0.0084
vn -0.0077 0.9994 0.0323
vn 0.5685 0.8167 -0.0988
vn 0.1894 0.9819 -0.0040
vn -0.5268 0.8129 0.2486
vn -0.9064 -0.4193 0.0510
vn 0.0532 -0.9962 0.0690
vn 0.2327 -0.9724 0.0156
vn 0.2369 -0.9714 0.0141
vn -0.2415 -0.9652 0.1003
vn -0.1465 -0.9887 0.0300
vn -0.1210 -0.9925 0.0179
vn -0.2238 -0.9745 0.0147
vn -0.0251 0.9996 0.0159
vn -0.0000 0.9853 -0.1706
vn -0.0206 0.9995 0.0255
vn 0.2798 0.9229 -0.2645
vn 0.0392 0.9980 -0.0495
vn 0.0466 0.9922 -0.1155
vn -0.0205 0.9995 0.0252
vn -0.0038 0.8386 0.5447
vn 0.0129 0.6121 0.7907
vn -0.9128 0.4084 0.0001
vn -0.9974 0.0716 -0.0024
vn -0.9956 0.0933 -0.0010
vn -0.9081 0.4187 0.0026
vn -0.6169 0.7870 0.0047
vn -0.5922 0.8058 0.0021
vn -0.9043 0.4268 0.0044
vn -0.9952 0.0980 0.0071
vn -0.9972 0.0735 0.0163
vn -0.5921 0.8058 0.0021
vn -0.6170 0.7870 0.0047
vn -0.1747 0.9846 0.0076
vn -0.4627 0.8689 0.1759
vn -0.5939 0.8045 0.0083
vn -0.1674 0.9859 0.0056
vn -0.0249 0.9994 0.0247
vn -0.2673 0.9369 0.2255
vn -0.1763 0.9292 0.3248
vn -0.0869 0.9943 0.0625
vn -0.0874 0.9325 0.3506
vn -0.0000 0.9985 0.0555
vn 0.0000 0.9958 0.0912
vn -0.0663 0.9975 0.0229
vn 0.0174 0.9998 -0.0060
vn -0.1810 0.9835 0.0004
vn 0.0306 0.9951 0.0941
vn -0.1774 0.9830 0.0464
vn 0.1435 0.9895 0.0191
vn -0.1847 0.8489 0.4952
vn 0.2730 0.8177 0.5068
vn 0.6981 0.6116 0.3723
vn 0.3794 0.8048 0.4564
vn 0.6981 0.6116 0.3722
vn 0.8521 0.2393 0.4655
vn 0.1933 0.1376 0.9715
vn 0.0175 -0.0662 0.9977
vn 0.1932 0.1376 0.9715
vn -0.5802 0.6756 0.4549
vn -0.6003 0.7978 0.0563
vn -0.9220 0.3849 0.0422
vn -0.8353 0.2278 0.5004
vn -0.5869 0.8097 0.0034
vn -0.5869 0.8096 0.0034
vn -0.9003 0.4353 0.0082
vn -0.9993 0.0294 0.0238
vn -0.9972 0.0409 0.0619
vn -0.8667 -0.2267 0.4443
vn -0.9182 -0.2249 0.3261
vn -0.9949 -0.0988 0.0210
vn -0.9938 -0.1054 0.0367
vn -0.9763 -0.1935 0.0973
vn -0.9939 -0.0890 0.0655
vn -0.9958 -0.0878 0.0257
vn -0.9947 -0.0986 0.0302
vn -0.9948 -0.1012 0.0119
vn -0.9987 -0.0500 0.0121
vn -0.9922 -0.1245 -0.0035
vn -0.9758 -0.2181 -0.0158
vn -0.9604 -0.2785 0.0028
vn -0.9508 -0.3098 0.0082
vn -0.9911 -0.1334 0.0013
vn -0.9312 -0.3644 0.0119
vn -0.9365 -0.3505 -0.0079
vn -0.9665 -0.2537 -0.0396
vn -0.9522 -0.3042 -0.0281
vn -0.8709 -0.4914 0.0081
vn -0.8691 -0.4944 0.0176
vn -0.8684 -0.4957 0.0145
vn -0.5333 -0.6742 -0.5110
vn -0.9110 -0.4121 0.0130
vn -0.5922 -0.7207 -0.3605
vn -0.9656 -0.2597 0.0144
vn -0.7211 -0.6731 -0.1644
vn -0.9962 -0.0864 0.0140
vn -0.9902 -0.1394 0.0066
vn -0.6908 -0.7220 -0.0388
vn -0.9947 -0.1026 -0.0088
vn -0.7131 -0.6992 0.0514
vn -0.7204 -0.6683 0.1857
vn -0.7096 -0.6253 0.3247
vn -0.5950 -0.6826 0.4242
vn -0.9967 -0.0762 0.0288
vn -0.9990 0.0426 -0.0136
vn -0.9999 -0.0129 0.0017
vn -1.0000 -0.0003 -0.0045
vn -0.9968 -0.0771 0.0216
vn -0.9069 -0.4192 0.0421
vn -0.3311 -0.9249 0.1868
vn -0.8660 -0.4998 0.0130
vn -0.4083 -0.9128 -0.0006
vn -0.3144 -0.9486 -0.0348
vn -0.1654 0.0408 0.9854
vn -0.7925 0.2903 0.5364
vn -0.5705 0.2061 0.7950
vn -0.8261 0.0754 0.5584
vn -0.5014 0.0421 0.8642
vn -0.0000 -0.0081 1.0000
vn -0.0918 -0.0110 0.9957
vn -0.0500 0.0554 0.9972
vn -0.0000 -0.0067 1.0000
vn 0.5816 0.5083 0.6352
vn 0.1866 0.3909 0.9013
vn 0.1866 0.3910 0.9013
vn 0.5816 0.5083 0.6351
vn 0.7534 0.5722 0.3240
vn -0.0912 -0.0549 0.9943
vn -0.0917 -0.0610 0.9939
vn -0.1229 -0.0721 0.9898
vn -0.0956 -0.0665 0.9932
vn -0.1653 0.0408 0.9854
vn -0.0676 0.0067 0.9977
vn -0.0623 0.0324 0.9975
vn -0.1332 0.0600 0.9893
vn -0.7284 0.6820 0.0651
vn -0.7897 0.6128 0.0289
vn -0.8229 0.5680 0.0160
vn -0.6382 0.7699 0.0032
vn -0.9205 0.3907 0.0018
vn -0.9995 0.0302 0.0011
vn -0.5910 0.7919 -0.1534
vn -0.6405 0.7680 0.0008
vn -0.8499 0.5252 0.0432
vn -0.9321 0.3575 0.0586
vn -0.8499 0.5251 0.0432
vn -0.9243 0.3816 0.0047
vn -0.9998 0.0216 0.0037
vn -0.9998 0.0190 -0.0032
vn -0.9264 0.3765 0.0049
vn -0.9993 0.0374 0.0029
vn -0.9654 0.2590 0.0309
vn -0.9883 0.1528 0.0037
vn -0.9157 0.4013 0.0212
vn -0.8580 0.5114 0.0469
vn -0.8651 0.4996 0.0439
vn -0.0073 -0.9943 0.1062
vn 0.0000 -0.9932 0.1161
vn 0.0000 -0.9939 0.1100
vn -0.1428 -0.9819 0.1246
vn -0.0117 -0.9941 0.1077
vn -0.3501 -0.9059 0.2382
vn -0.0314 0.9410 -0.3370
vn -0.0002 0.9406 -0.3396
vn 0.0000 0.9970 -0.0768
vn -0.0748 0.9460 -0.3153
vn -0.0307 0.9985 -0.0459
vn -0.1677 0.9481 -0.2700
vn 0.1120 0.9934 -0.0248
vn -0.2295 0.9445 -0.2348
vn 0.1468 0.9890 -0.0196
vn -0.5910 0.7919 -0.1535
vn 0.3724 0.9281 0.0006
vn 0.4454 0.8943 -0.0427
vn 0.0402 0.9960 -0.0804
vn 0.0972 0.9673 -0.2341
vn 0.6603 0.6992 -0.2739
vn 0.1389 0.7727 -0.6193
vn 0.1389 0.7727 -0.6194
vn 0.6320 0.5507 -0.5452
vn 0.6603 0.6993 -0.2739
vn 0.1476 0.6095 -0.7790
vn 0.0244 0.1696 -0.9852
vn 0.5859 0.1352 -0.7990
vn 0.4962 -0.4545 -0.7397
vn -0.0508 0.0106 -0.9987
vn -0.0452 0.2271 -0.9728
vn -0.0000 0.2327 -0.9725
vn -0.0000 -0.0821 -0.9966
vn -0.0252 0.9970 -0.0726
vn 0.0000 0.9975 -0.0713
vn -0.0000 0.9945 -0.1051
vn -0.0405 0.9609 -0.2738
vn -0.0000 0.9618 -0.2739
vn -0.0000 0.8935 -0.4491
vn -0.0517 0.7415 -0.6690
vn 0.0000 0.7269 -0.6867
vn 0.0000 0.5242 -0.8516
vn -0.0471 0.5501 -0.8338
vn 0.0000 0.5478 -0.8366
vn 0.0000 0.5707 -0.8211
vn -0.0498 0.4885 -0.8711
vn -0.0000 -0.0294 -0.9996
vn 0.4239 0.0169 -0.9056
vn 0.7853 0.6190 0.0120
vn 0.6812 0.7321 0.0027
vn 0.6627 0.7362 -0.1370
vn 0.7859 0.6000 -0.1493
vn 0.4455 0.8943 -0.0427
vn 0.6627 0.7362 -0.1369
vn 0.6320 0.5507 -0.5453
vn 0.7860 0.6000 -0.1493
vn 0.7464 0.3436 -0.5699
vn 0.8846 0.4625 -0.0601
vn 0.5859 0.1352 -0.7991
vn -0.1149 0.9926 0.0401
vn -0.1376 0.9604 0.2423
vn 0.0000 0.9867 0.1623
vn -0.0000 0.9983 0.0589
vn -0.1496 0.7105 0.6877
vn 0.0000 0.6552 0.7554
vn -0.0000 0.8610 0.5086
vn -0.1389 0.1952 0.9709
vn 0.0000 0.1985 0.9801
vn 0.0000 0.4780 0.8784
vn -0.1283 -0.0948 0.9872
vn 0.0000 -0.0768 0.9970
vn 0.0000 -0.0822 0.9966
vn -0.4613 0.8159 -0.3485
vn -0.2296 0.9445 -0.2348
vn -0.6841 0.5904 -0.4283
vn -0.6840 0.5905 -0.4283
vn -0.6684 0.6640 -0.3351
vn -0.5957 0.7984 -0.0879
vn -0.4043 0.9123 -0.0648
vn -0.5899 0.8064 -0.0417
vn -0.1619 0.9795 -0.1198
vn -0.1590 0.9096 -0.3839
vn -0.4293 0.9029 -0.0204
vn -0.6082 0.7938 -0.0053
vn -0.0683 0.9901 -0.1228
vn -0.0706 0.9162 -0.3945
vn 0.0000 0.9925 -0.1223
vn -0.0000 0.9821 -0.1884
vn -0.0653 0.9971 -0.0396
vn 0.0000 0.9993 -0.0379
vn 0.0000 0.9982 -0.0602
vn -0.1729 0.9842 -0.0379
vn -0.4137 0.9099 0.0290
vn -0.5447 0.8379 0.0350
vn -0.6957 0.6743 0.2474
vn -0.5339 0.7917 0.2968
vn -0.2227 0.9175 0.3295
vn -0.1956 0.9803 0.0261
vn -0.0872 0.9342 0.3460
vn -0.0667 0.9975 0.0233
vn 0.0000 0.9998 -0.0197
vn 0.0000 0.9998 0.0191
vn 0.0005 0.9361 0.3517
vn 0.0000 0.9980 0.0640
vn -0.9918 0.0152 -0.1271
vn 0.2294 -0.9586 0.1689
vn 0.0880 -0.7883 0.6090
vn 0.1097 -0.8329 0.5424
vn -0.3373 -0.8946 0.2930
vn 0.0212 -0.7509 0.6601
vn -0.4887 -0.5634 0.6661
vn -0.7431 -0.5755 0.3416
vn -0.7785 -0.4628 0.4239
vn -0.4888 -0.5634 0.6661
vn -0.7430 -0.5755 0.3416
vn -0.6555 -0.6872 0.3130
vn -0.9288 0.3676 0.0464
vn -0.9192 0.2356 -0.3154
vn -0.6770 0.2075 -0.7061
vn -0.4033 0.1812 -0.8969
vn -0.9988 0.0462 -0.0175
vn -0.0387 -0.9985 0.0393
vn -0.0429 -0.9941 0.0994
vn -0.0426 -0.9946 0.0942
vn -0.0466 -0.9870 0.1535
vn -0.1024 0.9933 0.0545
vn 0.7853 0.6190 0.0119
vn -0.2482 0.9679 0.0399
vn -0.2481 0.9679 0.0399
vn -0.1634 0.9865 -0.0033
vn 0.8846 0.4624 -0.0601
vn -0.1421 0.9892 0.0355
vn 0.8199 0.5682 -0.0699
vn 0.2958 -0.8132 0.5012
vn 0.9004 -0.4277 0.0797
vn 0.6520 -0.6199 0.4366
vn 0.2959 -0.8132 0.5012
vn 0.8429 -0.3480 0.4104
vn 0.9992 0.0103 -0.0389
vn 0.9585 -0.0885 0.2710
vn 0.9795 -0.0076 0.2014
vn 0.5802 0.1073 -0.8073
vn 0.6598 -0.1464 -0.7371
vn 0.5734 -0.0765 -0.8157
vn 0.6078 0.0418 -0.7930
vn 0.6066 0.0992 -0.7888
vn 0.8199 0.5683 -0.0699
vn -0.8391 0.5128 0.1816
vn -0.8723 0.4889 0.0056
vn -0.8286 0.5595 -0.0205
vn -0.9027 0.4263 -0.0592
vn -0.5899 0.8064 -0.0418
vn -0.5957 0.7984 -0.0880
vn -0.9027 0.4262 -0.0593
vn -0.9027 0.4262 -0.0592
vn -0.8774 0.4318 -0.2091
vn -0.0000 0.4090 -0.9125
vn -0.1911 0.4507 -0.8720
vn -0.0773 0.5828 -0.8089
vn -0.0000 0.5940 -0.8045
vn -0.2179 0.4030 -0.8889
vn 0.0000 0.7612 -0.6485
vn 0.0000 0.4007 -0.9162
vn -0.4033 0.1812 -0.8970
vn 0.6065 0.0992 -0.7888
vn -0.9192 0.2357 -0.3154
vn 0.7464 0.3437 -0.5699
vn -0.0737 -0.7056 -0.7047
vn -0.0380 -0.8605 -0.5080
vn -0.0577 -0.8499 -0.5238
vn -0.0925 -0.6438 -0.7596
vn -0.0736 -0.7056 -0.7047
vn -0.0924 -0.2823 -0.9548
vn -0.6412 -0.3314 0.6921
vn 0.6044 -0.2728 0.7486
vn 0.6044 -0.2727 0.7486
vn 0.9585 -0.0884 0.2710
vn -0.5824 -0.3946 0.7107
vn 0.5065 -0.4974 0.7043
vn -0.8668 -0.2267 0.4442
vn -0.5672 -0.0674 0.8208
vn 0.4069 -0.6157 0.6748
vn -0.5673 -0.0674 0.8208
vn 0.1620 -0.6676 0.7267
vn -0.4808 0.4589 0.7471
vn -0.1623 0.5562 0.8151
vn 0.0576 -0.5591 0.8271
vn 0.1620 -0.6675 0.7267
vn 0.0879 -0.7883 0.6090
vn 0.1460 -0.5545 0.8193
vn 0.3100 0.5324 0.7877
vn 0.6819 0.3963 0.6148
vn 0.2531 -0.5072 0.8238
vn 0.7395 0.0693 0.6696
vn -0.1863 -0.5168 0.8356
vn 0.6667 0.0089 0.7453
vn -0.7895 -0.4770 0.3863
vn -0.7895 -0.4769 0.3863
vn -0.5339 0.7918 0.2968
vn -0.6957 0.6743 0.2475
vn -0.4627 0.8689 0.1758
vn -0.5519 -0.7793 0.2968
vn -0.7782 -0.4180 0.4687
vn -0.5469 -0.3042 -0.7800
vn -0.4771 -0.6470 -0.5948
vn -0.0000 -0.7071 -0.7071
vn -0.0260 -0.9190 0.3934
vn -0.1368 -0.0152 0.9905
vn -0.1346 -0.0416 0.9900
vn -0.1347 -0.0405 0.9901
vn -0.1369 -0.0139 0.9905
vn -0.5039 0.5874 -0.6333
vn -0.6377 0.6378 0.4319
vn -0.0205 0.9394 0.3422
vn 0.0000 0.7071 -0.7071
vn -0.5469 -0.3043 -0.7800
vn -0.9601 -0.0043 0.2796
vn -0.9601 -0.0043 -0.2796
vn -0.7949 -0.5385 -0.2797
vn -0.7949 -0.5385 0.2796
vn -0.1311 -0.0409 0.9905
vn -0.0506 -0.0189 0.9985
vn -0.0802 -0.0297 0.9963
vn -0.1311 -0.0406 0.9905
vn -0.0290 0.4397 0.8977
vn -0.4614 0.2907 0.8382
vn 0.0544 -0.1614 0.9854
vn -0.1913 -0.0257 0.9812
vn -0.3415 -0.3545 0.8704
vn 0.0056 0.1317 0.9913
vn -0.0356 -0.4587 0.8879
vn -0.1805 0.0393 0.9828
vn 0.1246 0.1422 0.9820
vn 0.1182 -0.1052 0.9874
vn 0.0000 -0.4517 0.8922
vn 0.0000 0.4110 0.9117
vn -0.2321 -0.4759 0.8483
vn 0.2119 0.1337 0.9681
vn 0.2119 0.1336 0.9681
vn 0.5516 -0.4460 0.7049
vn -0.3416 -0.3545 0.8704
vn -0.0577 -0.3754 0.9251
vn -0.0591 0.3166 0.9467
vn -0.0000 -0.4344 0.9007
vn 0.0000 0.3611 0.9325
vn -0.0321 -0.8548 0.5180
vn 0.6248 -0.5420 0.5620
vn 0.4164 0.6357 0.6500
vn 0.5699 0.7564 0.3209
vn 0.7468 -0.5174 0.4178
vn -0.0370 0.8232 0.5665
vn -0.0176 0.9647 0.2629
vn -0.0000 0.8504 0.5261
vn 0.0000 0.9648 0.2631
vn -0.0223 -0.9354 0.3530
vn -0.0181 -0.9646 0.2631
vn -0.5664 -0.5613 0.6035
vn 0.5857 -0.5001 0.6379
vn 0.8046 -0.5399 0.2471
vn -0.6403 -0.7418 0.1995
vn 0.5857 -0.5001 0.6378
vn 0.4588 0.6886 0.5615
vn 0.6000 0.7784 0.1845
vn -0.6064 0.4851 0.6301
vn -0.7037 0.6758 0.2194
vn 0.6001 0.7784 0.1845
vn -0.5664 -0.5613 0.6034
vn -0.7036 0.6758 0.2194
vn 0.5890 -0.5079 0.6286
vn 0.5211 0.6157 0.5910
vn 0.6121 0.7700 0.1801
vn 0.7741 -0.5938 0.2192
vn 0.0000 0.9061 0.4231
vn 0.0000 0.9888 0.1494
vn 0.5211 0.6157 0.5911
vn -0.7782 -0.4179 0.4687
vn -0.0000 -0.9441 0.3297
vn -0.6377 0.6378 0.4320
vn 0.0544 -0.1613 0.9854
vn 0.0000 0.9061 0.4232
vn 0.6248 -0.5419 0.5620
vn -0.0321 -0.8547 0.5181
vn -0.5039 0.5874 -0.6332
vn -0.7948 -0.5385 -0.2796
vn -0.7783 -0.4179 0.4687
vn -0.7948 -0.5386 0.2796
vn -0.7948 -0.5386 -0.2796
vn -0.7901 -0.5830 -0.1893
vn -0.9064 -0.3930 0.1546
vn -0.9064 0.3930 0.1546
vn -0.7901 0.5830 -0.1893
vn -0.9676 -0.1814 0.1757
vn -0.4839 -0.7628 -0.4290
vn -0.7507 -0.2278 -0.6201
vn -0.9966 -0.0830 -0.0000
vn -0.0450 -0.0156 -0.9989
vn -0.0449 -0.0141 -0.9989
vn -0.0449 -0.0142 -0.9989
vn -0.0450 -0.0157 -0.9989
vn 0.0000 -0.6415 -0.7671
vn 0.0000 -0.2921 -0.9564
vn -0.0028 -0.2981 -0.9545
vn -0.4838 -0.7628 -0.4290
vn -0.7507 -0.2279 -0.6201
vn -0.1049 -0.2468 -0.9634
vn 0.0000 -0.9929 -0.1186
vn -0.0052 -0.9929 -0.1185
vn -0.0053 -0.9931 -0.1174
vn -0.0053 -0.9931 -0.1173
vn 0.9904 0.0391 -0.1327
vn 0.9913 0.0347 -0.1270
vn 0.9905 0.0384 -0.1317
vn 0.9893 0.0440 -0.1389
vn -0.5806 0.7843 0.2188
vn -0.2579 0.9496 -0.1783
vn -0.2578 0.9496 -0.1783
vn -0.0000 0.9687 -0.2481
vn -0.0000 0.8826 -0.4701
vn 0.0000 -0.0216 0.9998
vn -0.0753 -0.0216 0.9969
vn -0.0823 -0.0551 0.9951
vn -0.1803 -0.4187 0.8900
vn -0.1882 -0.4697 0.8625
vn 0.8090 0.5878 0.0000
vn 0.3090 0.9511 -0.0000
vn -0.3090 0.9511 0.0000
vn -0.8090 0.5878 0.0000
vn -0.8090 -0.5878 0.0000
vn -0.3090 -0.9511 0.0000
vn 0.3090 -0.9511 0.0000
vn 0.8090 -0.5878 0.0000
vn 0.8090 -0.5878 -0.0001
vn 0.9936 -0.0000 -0.1129
vn 0.8038 -0.5840 -0.1129
vn 0.3071 -0.9450 -0.1129
vn 0.3070 -0.9450 -0.1129
vn -0.3070 -0.9450 -0.1129
vn -0.8038 -0.5840 -0.1129
vn -0.3070 -0.9450 -0.1130
vn -0.9936 0.0000 -0.1129
vn -0.8038 0.5840 -0.1129
vn -0.3070 0.9450 -0.1129
vn 0.3070 0.9450 -0.1129
vn 0.8038 0.5840 -0.1129
vn -0.8038 -0.5840 -0.1130
vn 0.0003 0.9363 0.3511
vn 0.0000 -0.0112 0.9999
vn 0.0000 -0.9943 0.1066
vn 0.0000 0.9984 -0.0564
vn 0.0000 0.9994 -0.0356
vn -0.0000 1.0000 0.0072
vn 0.0000 0.9999 0.0105
vn -0.0000 0.9991 0.0427
vn -0.0000 0.9332 0.3595
vn -0.0001 0.9188 -0.3948
vn -0.0000 0.4233 -0.9060
vn 0.0000 0.9503 0.3113
vn -0.0000 0.4519 0.8921
vn 0.0000 -0.4160 0.9094
vn -0.0000 -0.8591 0.5119
vn 0.0000 -0.9648 0.2631
vn -0.0000 -0.9378 0.3471
vn -0.0000 -0.9084 0.4181
vn 0.5890 -0.5080 0.6285
vn 0.0000 -0.9888 0.1494
vn 0.0000 -0.8590 0.5119
vn 0.0406 0.0000 0.9992
vn 0.0406 0.0016 0.9992
vn 0.0000 0.0002 1.0000
vn -0.5806 0.7842 0.2188
vn -0.0412 0.0000 -0.9992
vn 0.0407 0.0030 0.9992
vn -0.0000 0.0001 1.0000
vn 0.0000 -0.3535 -0.9354
vn 0.0000 -0.3551 -0.9348
vn -0.9999 -0.0111 -0.0063
vn -0.9999 -0.0116 0.0017
vn -0.9936 -0.0042 -0.1130
vn -0.9930 -0.0039 -0.1185
vn -0.0066 0.9892 -0.1464
vn -0.0000 0.9891 -0.1473
vn 0.0000 0.9890 -0.1478
vn -0.0066 0.9892 -0.1465
vn 0.0000 0.9889 -0.1483
vn -0.0000 -0.8826 -0.4701
vn -0.0000 -0.6415 -0.7672
vn 0.9128 0.4084 0.0001
vn 0.9956 0.0933 -0.0010
vn 0.9974 0.0716 -0.0024
vn 0.9081 0.4187 0.0026
vn 0.6169 0.7870 0.0047
vn 0.5922 0.8058 0.0021
vn 0.9043 0.4268 0.0044
vn 0.9952 0.0980 0.0071
vn 0.9972 0.0735 0.0163
vn 0.5921 0.8058 0.0021
vn 0.1747 0.9846 0.0076
vn 0.6170 0.7870 0.0047
vn 0.4598 0.8698 0.1791
vn 0.5939 0.8045 0.0083
vn 0.1674 0.9859 0.0056
vn 0.0249 0.9994 0.0247
vn 0.2700 0.9375 0.2196
vn 0.1751 0.9288 0.3265
vn 0.0869 0.9943 0.0625
vn 0.0868 0.9325 0.3506
vn 0.0663 0.9975 0.0229
vn -0.0174 0.9998 -0.0060
vn 0.1810 0.9835 0.0004
vn -0.0306 0.9951 0.0941
vn 0.1774 0.9830 0.0464
vn -0.1435 0.9895 0.0191
vn 0.1847 0.8489 0.4952
vn -0.2730 0.8177 0.5068
vn -0.6981 0.6116 0.3722
vn -0.3794 0.8048 0.4564
vn -0.8521 0.2393 0.4655
vn -0.1933 0.1376 0.9715
vn -0.0175 -0.0662 0.9977
vn -0.1932 0.1376 0.9714
vn 0.5802 0.6756 0.4549
vn 0.6003 0.7978 0.0563
vn 0.9220 0.3849 0.0422
vn 0.8353 0.2278 0.5004
vn 0.5869 0.8097 0.0034
vn 0.5869 0.8096 0.0034
vn 0.9003 0.4353 0.0082
vn 0.9993 0.0294 0.0238
vn 0.9972 0.0409 0.0619
vn 0.8667 -0.2267 0.4443
vn 0.9182 -0.2249 0.3261
vn 0.9949 -0.0988 0.0210
vn 0.9938 -0.1054 0.0367
vn 0.9763 -0.1935 0.0973
vn 0.9939 -0.0890 0.0655
vn 0.9958 -0.0878 0.0257
vn 0.9947 -0.0986 0.0302
vn 0.9948 -0.1012 0.0119
vn 0.9987 -0.0500 0.0121
vn 0.9922 -0.1245 -0.0035
vn 0.9758 -0.2181 -0.0158
vn 0.9604 -0.2785 0.0028
vn 0.9508 -0.3098 0.0082
vn 0.9911 -0.1334 0.0013
vn 0.9312 -0.3644 0.0119
vn 0.9365 -0.3505 -0.0079
vn 0.9665 -0.2537 -0.0396
vn 0.9522 -0.3042 -0.0281
vn 0.8709 -0.4914 0.0081
vn 0.8691 -0.4944 0.0176
vn 0.8684 -0.4957 0.0145
vn 0.5333 -0.6742 -0.5110
vn 0.9110 -0.4121 0.0130
vn 0.5922 -0.7207 -0.3605
vn 0.9656 -0.2597 0.0144
vn 0.7211 -0.6730 -0.1644
vn 0.9962 -0.0863 0.0140
vn 0.9902 -0.1394 0.0066
vn 0.6908 -0.7220 -0.0388
vn 0.9947 -0.1026 -0.0088
vn 0.7131 -0.6992 0.0514
vn 0.7204 -0.6683 0.1857
vn 0.7096 -0.6253 0.3247
vn 0.5950 -0.6826 0.4242
vn 0.9967 -0.0762 0.0288
vn 0.9990 0.0426 -0.0136
vn 0.9999 -0.0129 0.0017
vn 1.0000 -0.0003 -0.0045
vn 0.9968 -0.0771 0.0216
vn 0.9069 -0.4192 0.0421
vn 0.3311 -0.9249 0.1868
vn 0.8660 -0.4998 0.0130
vn 0.4083 -0.9128 -0.0006
vn 0.3144 -0.9486 -0.0348
vn 0.1654 0.0408 0.9854
vn 0.5705 0.2061 0.7950
vn 0.7925 0.2903 0.5364
vn 0.5014 0.0421 0.8642
vn 0.8261 0.0754 0.5584
vn 0.0500 0.0554 0.9972
vn 0.0918 -0.0110 0.9957
vn -0.5816 0.5083 0.6352
vn -0.1866 0.3909 0.9013
vn -0.1866 0.3910 0.9013
vn -0.7534 0.5722 0.3240
vn 0.0912 -0.0549 0.9943
vn 0.1229 -0.0721 0.9898
vn 0.0917 -0.0610 0.9939
vn 0.0956 -0.0665 0.9932
vn 0.1653 0.0408 0.9854
vn 0.0676 0.0067 0.9977
vn 0.0623 0.0324 0.9975
vn 0.1332 0.0600 0.9893
vn 0.7277 0.6831 0.0618
vn 0.7871 0.6159 0.0339
vn 0.8234 0.5673 0.0160
vn 0.6382 0.7699 0.0032
vn 0.9205 0.3907 0.0018
vn 0.9995 0.0302 0.0011
vn 0.5911 0.7919 -0.1536
vn 0.6405 0.7679 0.0008
vn 0.6405 0.7680 0.0008
vn 0.8499 0.5251 0.0432
vn 0.5910 0.7919 -0.1536
vn 0.9321 0.3575 0.0586
vn 0.9243 0.3816 0.0047
vn 0.9998 0.0216 0.0037
vn 0.9998 0.0190 -0.0032
vn 0.9264 0.3765 0.0049
vn 0.9993 0.0374 0.0029
vn 0.9654 0.2590 0.0309
vn 0.9883 0.1528 0.0037
vn 0.9157 0.4013 0.0212
vn 0.8580 0.5114 0.0469
vn 0.8651 0.4996 0.0439
vn 0.0073 -0.9943 0.1062
vn 0.1428 -0.9819 0.1246
vn 0.0117 -0.9941 0.1077
vn 0.3501 -0.9059 0.2382
vn 0.0316 0.9410 -0.3371
vn 0.0757 0.9462 -0.3145
vn 0.0307 0.9985 -0.0459
vn 0.1653 0.9477 -0.2730
vn -0.1120 0.9934 -0.0248
vn 0.2315 0.9445 -0.2332
vn -0.1468 0.9890 -0.0196
vn -0.3724 0.9281 0.0006
vn -0.4455 0.8943 -0.0427
vn -0.0402 0.9960 -0.0804
vn -0.0972 0.9673 -0.2341
vn -0.6603 0.6992 -0.2739
vn -0.1389 0.7727 -0.6193
vn -0.1389 0.7727 -0.6194
vn -0.6320 0.5507 -0.5452
vn -0.1476 0.6094 -0.7790
vn -0.0244 0.1696 -0.9852
vn -0.5859 0.1352 -0.7990
vn -0.4962 -0.4545 -0.7397
vn 0.0508 0.0106 -0.9987
vn 0.0452 0.2271 -0.9728
vn 0.0252 0.9970 -0.0726
vn 0.0405 0.9609 -0.2738
vn 0.0517 0.7415 -0.6690
vn 0.0471 0.5501 -0.8338
vn 0.0498 0.4885 -0.8711
vn -0.4239 0.0169 -0.9056
vn -0.7853 0.6190 0.0120
vn -0.6812 0.7321 0.0027
vn -0.6627 0.7362 -0.1370
vn -0.7859 0.6000 -0.1493
vn -0.6627 0.7362 -0.1369
vn -0.6320 0.5507 -0.5453
vn -0.7860 0.6000 -0.1493
vn -0.7464 0.3436 -0.5699
vn -0.8846 0.4625 -0.0601
vn -0.5859 0.1352 -0.7991
vn 0.1149 0.9926 0.0401
vn 0.1376 0.9604 0.2423
vn 0.1496 0.7105 0.6877
vn 0.1389 0.1952 0.9709
vn 0.1283 -0.0948 0.9872
vn 0.4620 0.8154 -0.3488
vn 0.6841 0.5904 -0.4283
vn 0.2314 0.9445 -0.2333
vn 0.6684 0.6640 -0.3351
vn 0.5957 0.7984 -0.0879
vn 0.4043 0.9123 -0.0648
vn 0.5899 0.8064 -0.0417
vn 0.1619 0.9795 -0.1198
vn 0.1575 0.9103 -0.3828
vn 0.4293 0.9029 -0.0204
vn 0.4292 0.9030 -0.0204
vn 0.6082 0.7938 -0.0054
vn 0.0683 0.9901 -0.1228
vn 0.0704 0.9163 -0.3943
vn 0.0653 0.9971 -0.0396
vn 0.1729 0.9842 -0.0379
vn 0.4137 0.9099 0.0290
vn 0.4137 0.9100 0.0290
vn 0.6082 0.7938 -0.0053
vn 0.5446 0.8380 0.0350
vn 0.6971 0.6726 0.2483
vn 0.5320 0.7927 0.2975
vn 0.2269 0.9157 0.3317
vn 0.1956 0.9803 0.0261
vn 0.0870 0.9340 0.3464
vn 0.0667 0.9975 0.0233
vn 0.9918 0.0152 -0.1271
vn -0.2294 -0.9586 0.1689
vn -0.1097 -0.8330 0.5424
vn -0.0880 -0.7883 0.6090
vn 0.3373 -0.8946 0.2930
vn -0.0212 -0.7509 0.6601
vn 0.4887 -0.5634 0.6661
vn 0.7431 -0.5755 0.3416
vn 0.7785 -0.4628 0.4239
vn 0.7430 -0.5755 0.3416
vn 0.4888 -0.5634 0.6661
vn 0.6555 -0.6872 0.3130
vn 0.9192 0.2356 -0.3154
vn 0.9288 0.3676 0.0464
vn 0.6770 0.2075 -0.7061
vn 0.4033 0.1812 -0.8969
vn 0.9988 0.0462 -0.0175
vn 0.0387 -0.9985 0.0393
vn 0.0426 -0.9946 0.0942
vn 0.0429 -0.9941 0.0994
vn 0.0466 -0.9870 0.1535
vn 0.1024 0.9933 0.0545
vn -0.7853 0.6190 0.0119
vn 0.5911 0.7918 -0.1535
vn 0.2482 0.9679 0.0399
vn 0.2481 0.9679 0.0399
vn 0.1634 0.9865 -0.0033
vn -0.8846 0.4624 -0.0601
vn 0.1421 0.9892 0.0355
vn -0.8199 0.5682 -0.0699
vn -0.2959 -0.8132 0.5012
vn -0.9004 -0.4277 0.0797
vn -0.6520 -0.6199 0.4366
vn -0.8429 -0.3480 0.4104
vn -0.9992 0.0103 -0.0389
vn -0.9585 -0.0885 0.2710
vn -0.9795 -0.0076 0.2014
vn -0.5802 0.1073 -0.8074
vn -0.5734 -0.0765 -0.8157
vn -0.6598 -0.1464 -0.7371
vn -0.6078 0.0418 -0.7930
vn -0.6066 0.0992 -0.7888
vn -0.8199 0.5683 -0.0699
vn 0.8405 0.5095 0.1841
vn 0.8719 0.4897 0.0054
vn 0.5447 0.8379 0.0350
vn 0.8719 0.4896 0.0054
vn 0.8287 0.5593 -0.0200
vn 0.9028 0.4260 -0.0595
vn 0.8771 0.4328 -0.2083
vn 0.6840 0.5904 -0.4283
vn 0.0773 0.5828 -0.8089
vn 0.1911 0.4507 -0.8720
vn 0.2179 0.4030 -0.8889
vn 0.4033 0.1812 -0.8970
vn -0.6065 0.0992 -0.7888
vn 0.9192 0.2357 -0.3154
vn -0.7464 0.3437 -0.5699
vn 0.0737 -0.7056 -0.7047
vn 0.0577 -0.8499 -0.5238
vn 0.0380 -0.8605 -0.5080
vn 0.0925 -0.6438 -0.7596
vn 0.0736 -0.7056 -0.7047
vn 0.0925 -0.2824 -0.9548
vn 0.6412 -0.3314 0.6921
vn -0.6043 -0.2728 0.7486
vn -0.6044 -0.2727 0.7485
vn -0.9585 -0.0884 0.2710
vn 0.5824 -0.3946 0.7107
vn -0.5065 -0.4974 0.7044
vn 0.8668 -0.2267 0.4442
vn 0.5673 -0.0674 0.8208
vn -0.4069 -0.6157 0.6748
vn 0.5802 0.6755 0.4549
vn 0.5672 -0.0674 0.8208
vn -0.1621 -0.6676 0.7267
vn 0.4808 0.4590 0.7471
vn 0.1623 0.5562 0.8150
vn -0.1097 -0.8329 0.5424
vn -0.0576 -0.5591 0.8271
vn 0.1848 0.8489 0.4952
vn -0.0880 -0.7882 0.6090
vn -0.1460 -0.5545 0.8193
vn -0.3100 0.5324 0.7877
vn -0.0212 -0.7508 0.6601
vn -0.6819 0.3963 0.6147
vn -0.2531 -0.5072 0.8238
vn -0.7395 0.0693 0.6696
vn 0.1863 -0.5168 0.8356
vn -0.6667 0.0089 0.7453
vn 0.7895 -0.4770 0.3863
vn 0.7895 -0.4769 0.3863
vn 0.5320 0.7927 0.2976
vn 0.5519 -0.7793 0.2968
vn 0.4771 -0.6470 -0.5948
vn 0.5469 -0.3042 -0.7800
vn 0.7782 -0.4180 0.4687
vn 0.0260 -0.9190 0.3934
vn 0.1368 -0.0152 0.9905
vn 0.1369 -0.0139 0.9905
vn 0.1347 -0.0405 0.9901
vn 0.1346 -0.0416 0.9900
vn 0.5039 0.5874 -0.6333
vn 0.0205 0.9394 0.3422
vn 0.6376 0.6378 0.4320
vn 0.4772 -0.6470 -0.5948
vn 0.5469 -0.3043 -0.7800
vn 0.9601 -0.0043 0.2796
vn 0.7948 -0.5385 0.2796
vn 0.7949 -0.5385 -0.2797
vn 0.9601 -0.0043 -0.2796
vn 0.1311 -0.0409 0.9905
vn 0.1311 -0.0406 0.9905
vn 0.0802 -0.0297 0.9963
vn 0.0506 -0.0189 0.9985
vn 0.0290 0.4396 0.8977
vn 0.1913 -0.0257 0.9812
vn -0.0544 -0.1613 0.9854
vn 0.4614 0.2907 0.8382
vn -0.0056 0.1317 0.9913
vn 0.3415 -0.3545 0.8704
vn 0.1805 0.0393 0.9828
vn 0.0356 -0.4587 0.8879
vn -0.1182 -0.1052 0.9874
vn -0.1246 0.1422 0.9820
vn 0.3416 -0.3545 0.8704
vn -0.5516 -0.4460 0.7049
vn -0.2119 0.1336 0.9681
vn 0.2321 -0.4759 0.8483
vn 0.0591 0.3166 0.9467
vn 0.0577 -0.3753 0.9251
vn 0.0321 -0.8548 0.5180
vn -0.6248 -0.5420 0.5620
vn -0.7468 -0.5174 0.4178
vn -0.5699 0.7564 0.3209
vn -0.4164 0.6357 0.6500
vn 0.0176 0.9647 0.2629
vn 0.0370 0.8232 0.5665
vn 0.0223 -0.9354 0.3530
vn 0.0181 -0.9646 0.2631
vn 0.5664 -0.5613 0.6035
vn 0.6403 -0.7418 0.1995
vn -0.8046 -0.5399 0.2471
vn -0.5857 -0.5001 0.6379
vn -0.5857 -0.5001 0.6378
vn -0.6000 0.7784 0.1845
vn -0.4588 0.6886 0.5615
vn -0.6001 0.7784 0.1845
vn 0.7037 0.6758 0.2194
vn 0.6064 0.4851 0.6301
vn 0.7036 0.6758 0.2194
vn 0.5664 -0.5613 0.6034
vn -0.5890 -0.5079 0.6286
vn -0.7741 -0.5938 0.2192
vn -0.6121 0.7700 0.1801
vn -0.5211 0.6157 0.5910
vn -0.5211 0.6157 0.5911
vn 0.7782 -0.4179 0.4687
vn 0.0291 0.4397 0.8977
vn 0.6377 0.6378 0.4320
vn 0.0206 0.9394 0.3422
vn -0.5212 0.6157 0.5910
vn -0.6248 -0.5419 0.5620
vn 0.0321 -0.8547 0.5180
vn 0.5039 0.5874 -0.6332
vn 0.7948 -0.5385 -0.2796
vn 0.7948 -0.5386 -0.2796
vn 0.7948 -0.5386 0.2796
vn 0.7783 -0.4179 0.4687
vn 0.7901 -0.5830 -0.1893
vn 0.7901 0.5830 -0.1893
vn 0.9064 0.3930 0.1546
vn 0.9064 -0.3930 0.1546
vn 0.9676 -0.1814 0.1757
vn 0.9966 -0.0830 -0.0000
vn 0.7507 -0.2278 -0.6201
vn 0.4839 -0.7628 -0.4290
vn 0.0450 -0.0156 -0.9989
vn 0.0450 -0.0157 -0.9989
vn 0.0449 -0.0142 -0.9989
vn 0.0449 -0.0141 -0.9989
vn 0.4838 -0.7628 -0.4290
vn 0.0028 -0.2981 -0.9545
vn 0.7507 -0.2279 -0.6201
vn 0.1049 -0.2468 -0.9634
vn 0.0053 -0.9931 -0.1174
vn 0.0053 -0.9931 -0.1173
vn 0.0052 -0.9929 -0.1185
vn -0.9904 0.0391 -0.1327
vn -0.9893 0.0440 -0.1389
vn -0.9905 0.0384 -0.1317
vn -0.9913 0.0347 -0.1270
vn 0.5806 0.7843 0.2188
vn 0.2579 0.9496 -0.1783
vn 0.2578 0.9496 -0.1783
vn 0.0823 -0.0551 0.9951
vn 0.0753 -0.0216 0.9969
vn 0.1882 -0.4697 0.8625
vn 0.1803 -0.4187 0.8900
vn -0.8090 0.5878 -0.0001
vn 0.8090 0.5878 -0.0001
vn 0.8090 -0.5878 0.0001
vn -0.8090 -0.5878 0.0001
vn -0.8039 0.5840 -0.1130
vn -0.8038 0.5840 -0.1130
vn -0.5890 -0.5080 0.6285
vn -0.0406 0.0000 0.9992
vn -0.0406 0.0016 0.9992
vn 0.5806 0.7842 0.2188
vn 0.0412 0.0000 -0.9992
vn -0.0407 0.0030 0.9992
vn 0.9999 -0.0111 -0.0063
vn 0.9930 -0.0039 -0.1185
vn 0.9936 -0.0042 -0.1130
vn 0.9999 -0.0116 0.0017
vn 0.0066 0.9892 -0.1464
vn 0.0066 0.9892 -0.1465
vn -0.2705 0.9413 0.2020
vn -0.2979 0.9178 0.2626
vn -0.1564 0.9727 0.1715
vn -0.0778 0.9844 0.1581
vn 0.0005 0.9881 0.1541
vn 0.0769 0.9844 0.1581
vn 0.1536 0.9732 0.1712
vn 0.2850 0.9387 0.1941
vn 0.2954 0.9125 0.2831
vn 0.4051 0.6406 0.6524
vn 0.2334 0.4488 0.8626
vn 0.2269 0.9157 0.3316
vn 0.0990 0.4438 0.8906
vn 0.0990 0.4439 0.8906
vn 0.0008 0.4368 0.8995
vn -0.0872 0.9342 0.3459
vn -0.0995 0.4436 0.8907
vn -0.2270 0.4485 0.8645
vn -0.4162 0.6299 0.6557
vn 0.1623 0.9525 -0.2575
vn 0.3022 0.9182 -0.2560
vn -0.0323 0.9446 -0.3265
vn -0.0503 0.9425 -0.3303
vn 0.0003 0.9451 -0.3267
vn 0.0499 0.9426 -0.3302
vn 0.0300 0.9443 -0.3276
vn -0.1472 0.9544 -0.2598
vn -0.3024 0.9216 -0.2433
vn -0.7084 0.3974 0.5833
vn -0.6963 0.4089 0.5899
vn -0.6967 0.4085 0.5897
vn -0.7091 0.3968 0.5829
vn 0.4051 0.6405 0.6524
vn 0.1758 -0.0133 0.9843
vn 0.2152 0.0355 0.9759
vn 0.0809 -0.0217 0.9965
vn 0.0005 -0.0270 0.9996
vn -0.0811 -0.0222 0.9965
vn -0.1699 -0.0169 0.9853
vn -0.4161 0.6299 0.6557
vn -0.2228 0.0247 0.9746
vn 0.6963 0.4078 0.5906
vn 0.7091 0.3979 0.5821
vn 0.7086 0.3983 0.5825
vn 0.6952 0.4086 0.5913
vn -0.7898 0.6127 0.0288
vn -0.9629 0.2582 -0.0787
vn -0.9588 0.2460 0.1421
vn -0.8390 0.5129 0.1816
vn -0.9945 0.0393 -0.0970
vn -0.9928 0.0224 0.1173
vn 0.7870 0.6160 0.0339
vn 0.8234 0.5672 0.0160
vn 0.9591 0.2433 0.1450
vn 0.9633 0.2556 -0.0813
vn 0.9924 0.0253 0.1202
vn 0.8406 0.5095 0.1841
vn 0.9941 0.0418 -0.0998
vn -0.7593 0.5235 -0.3866
vn -0.7355 0.5285 0.4239
vn -0.8762 -0.2888 -0.3859
vn -0.8591 -0.2795 0.4288
vn 0.7352 0.5269 0.4265
vn 0.7592 0.5217 -0.3892
vn 0.8583 -0.2775 0.4316
vn 0.8756 -0.2874 -0.3883
vn -0.9957 0.0898 0.0229
vn -0.9980 0.0606 0.0200
vn -0.9966 0.0811 0.0124
vn -0.9967 0.0793 0.0163
vn -0.9963 0.0818 0.0245
vn -0.9966 0.0807 0.0160
vn 0.9964 -0.0178 0.0832
vn 0.9960 0.0873 0.0199
vn 0.9300 -0.2943 0.2201
vn 0.9170 -0.3830 0.1116
vn 0.9145 -0.4016 0.0496
vn 0.9955 -0.0927 0.0185
vn -0.4544 0.8908 0.0041
vn -0.4635 0.8861 0.0044
vn -0.4633 0.8862 0.0044
vn -0.4539 0.8910 0.0040
vn -0.5479 0.0195 -0.8363
vn -0.5349 0.0161 -0.8447
vn -0.5356 0.0163 -0.8443
vn -0.5493 0.0198 -0.8354
vn -0.5904 -0.8054 0.0524
vn -0.5949 -0.8007 0.0704
vn -0.5947 -0.8008 0.0704
vn -0.5898 -0.8058 0.0525
vn -0.5937 -0.7849 0.1776
vn -0.5936 -0.7852 0.1765
vn -0.5901 -0.6929 0.4144
vn -0.5907 -0.6929 0.4135
vn -0.5549 -0.6124 0.5630
vn -0.5557 -0.6121 0.5626
vn -0.5557 -0.6121 0.5627
vn 0.4634 0.8861 0.0041
vn 0.4543 0.8908 0.0044
vn 0.4544 0.8908 0.0044
vn 0.4637 0.8860 0.0040
vn 0.5901 -0.6924 0.4150
vn 0.5902 -0.6924 0.4150
vn 0.5524 -0.6153 0.5624
vn 0.9964 -0.0177 0.0832
vn 0.5937 -0.7852 0.1762
vn 0.5949 -0.8007 0.0707
vn 0.5904 -0.8054 0.0518
vn 0.5353 0.0177 -0.8445
vn 0.5486 0.0180 -0.8359
vn 0.5479 0.0180 -0.8364
vn 0.5340 0.0177 -0.8453
vn -0.0401 0.8135 -0.5801
vn -0.0003 0.8124 -0.5831
vn -0.1021 0.8118 -0.5750
vn -0.3018 0.7907 -0.5326
vn -0.3240 0.7982 -0.5078
vn -0.2863 0.7959 -0.5335
vn -0.1606 0.8105 -0.5633
vn -0.0706 0.8125 -0.5787
vn -0.0002 0.8129 -0.5824
vn 0.0703 0.8123 -0.5791
vn 0.1576 0.8094 -0.5657
vn 0.2933 0.7899 -0.5385
vn 0.3279 0.8043 -0.4956
vn 0.2912 0.7929 -0.5353
vn 0.1045 0.8108 -0.5759
vn 0.0404 0.8136 -0.5800
vn -0.0001 0.9066 0.4220
vn -0.0071 0.9062 0.4227
vn -0.0075 0.9062 0.4227
vn 0.0224 0.9069 0.4208
vn 0.0270 0.9067 0.4209
vn 0.1551 0.9075 0.3904
vn 0.1932 0.9044 0.3803
vn 0.3092 0.8762 0.3696
vn 0.3078 0.8773 0.3684
vn 0.8359 0.4087 -0.3663
vn 0.8274 0.4193 -0.3737
vn 0.8276 0.4191 -0.3735
vn 0.8362 0.4083 -0.3660
vn -0.0921 -0.0705 -0.9932
vn -0.0664 -0.0933 -0.9934
vn -0.0702 -0.0927 -0.9932
vn -0.0923 -0.0691 -0.9933
vn -0.0275 -0.0958 -0.9950
vn -0.0290 -0.0957 -0.9950
vn -0.0000 -0.0965 -0.9953
vn 0.0274 -0.0957 -0.9950
vn 0.0289 -0.0958 -0.9950
vn 0.0659 -0.0927 -0.9935
vn 0.0692 -0.0933 -0.9932
vn 0.0940 -0.0700 -0.9931
vn 0.0937 -0.0709 -0.9931
vn -0.8275 0.4186 -0.3741
vn -0.8361 0.4089 -0.3656
vn -0.8359 0.4092 -0.3658
vn -0.8271 0.4191 -0.3746
vn -0.3057 0.8772 0.3702
vn -0.1564 0.9077 0.3895
vn -0.1962 0.9039 0.3801
vn -0.3067 0.8763 0.3716
vn -0.0220 0.9067 0.4211
vn -0.0264 0.9068 0.4206
vn 0.0072 0.9063 0.4227
vn 0.0076 0.9062 0.4227
vn -0.9688 0.2468 -0.0240
vn -0.9032 0.3829 0.1941
vn -0.8770 0.2893 0.3835
vn 0.9068 0.3768 0.1890
vn 0.9715 0.2355 -0.0258
vn 0.8788 0.2810 0.3856
vn -0.9688 0.2469 -0.0241
vn -0.7581 0.4151 -0.5030
vn -0.6046 0.6366 0.4788
vn -0.9807 -0.1712 0.0949
vn -0.6045 0.6366 0.4788
vn 0.6046 0.6366 0.4788
vn 0.7581 0.4151 -0.5030
vn 0.9807 -0.1712 0.0949
vn 0.6045 0.6366 0.4788
vn 0.0000 -0.9504 0.3109
vn 0.0000 -1.0000 -0.0009
vn -0.3145 -0.9486 -0.0348
vn 0.3145 -0.9486 -0.0348
vn 0.7204 -0.6683 0.1856
vn -0.7204 -0.6683 0.1856
vn 0.6908 -0.7220 -0.0387
vn -0.6908 -0.7220 -0.0387
vn -0.5922 -0.7207 -0.3604
vn 0.5922 -0.7207 -0.3604
vn 0.0000 -0.7677 0.6408
vn 0.0000 -0.7688 0.6395
vn 0.0000 -0.8980 0.4399
vn 0.0000 -0.9877 0.1564
vn -0.0000 -0.9905 -0.1374
vn 0.0000 -0.7631 -0.6463
vn 0.0000 -0.4056 -0.9141
vn 0.0000 0.3420 0.9397
vn 0.0000 0.5000 0.8660
vn 0.0000 0.5000 -0.8660
vn 0.0000 0.3420 -0.9397
vn 0.0000 -0.3420 -0.9397
vn -0.0000 -0.6428 -0.7660
vn -0.0000 -0.6428 -0.7661
vn 0.0000 -0.9242 -0.3820
vn 0.0000 -0.9991 -0.0429
vn 0.0000 -0.9991 0.0429
vn 0.0000 -0.9242 0.3820
vn -0.0000 -0.6428 0.7661
vn -0.0000 -0.6428 0.7660
vn 0.0000 -0.3420 0.9397
vn -0.9528 0.1038 0.2853
vn -0.9528 0.1952 0.2326
vn -0.9772 0.1625 0.1364
vn -0.9772 0.1625 -0.1364
vn -0.9528 0.1952 -0.2326
vn -0.9528 0.1038 -0.2853
vn -0.9528 0.0000 -0.3036
vn -0.9528 -0.1038 -0.2853
vn -0.9528 -0.1952 -0.2326
vn -0.9528 -0.2630 -0.1518
vn -0.9528 -0.2990 -0.0527
vn -0.9528 -0.2990 0.0527
vn -0.9528 -0.2630 0.1518
vn -0.9528 -0.1952 0.2326
vn -0.9528 -0.1038 0.2853
vn -0.9528 -0.0000 0.3036
vn -0.5445 -0.0000 -0.8387
vn -0.5445 -0.2869 -0.7882
vn -0.5387 -0.4213 -0.7296
vn -0.5387 -0.4213 0.7296
vn -0.5445 -0.2869 0.7882
vn -0.5445 -0.0000 0.8387
vn -0.5445 0.2869 0.7882
vn -0.5445 0.5391 0.6425
vn -0.5445 0.7264 0.4194
vn -0.5445 0.8260 0.1456
vn -0.5445 0.8260 -0.1456
vn -0.5445 0.7264 -0.4194
vn -0.5445 0.5391 -0.6425
vn -0.5445 0.2869 -0.7882
vn -0.8479 -0.0000 0.5302
vn -0.8479 0.1813 0.4983
vn -0.8479 0.3408 0.4062
vn -0.8442 0.4107 0.3446
vn -0.8442 0.4107 -0.3446
vn -0.8479 0.3408 -0.4062
vn -0.8479 0.1813 -0.4983
vn -0.8479 0.0000 -0.5302
vn -0.8479 -0.1813 -0.4983
vn -0.8479 -0.3408 -0.4062
vn -0.8479 -0.4592 -0.2651
vn -0.8479 -0.5222 -0.0921
vn -0.8479 -0.5222 0.0921
vn -0.8479 -0.4592 0.2651
vn -0.8479 -0.3408 0.4062
vn -0.8479 -0.1814 0.4983
vn -0.0000 0.6428 0.7660
vn -0.0000 0.6428 0.7661
vn 0.0000 0.8660 0.5000
vn 0.0000 0.9848 0.1736
vn 0.0000 0.9848 -0.1736
vn 0.0000 0.8660 -0.5000
vn -0.0000 0.6428 -0.7661
vn -0.0000 0.6428 -0.7660
vn -0.0001 -0.6428 -0.7661
vn -0.9528 0.2630 0.1518
vn -0.9528 0.2990 0.0527
vn -0.9528 0.2990 -0.0527
vn -0.9528 0.2630 -0.1518
vn -0.9528 -0.2629 -0.1518
vn -0.5445 -0.5391 -0.6425
vn -0.5445 -0.7264 -0.4194
vn -0.5445 -0.8260 -0.1456
vn -0.5445 -0.8260 0.1456
vn -0.5445 -0.7264 0.4194
vn -0.5445 -0.5391 0.6425
vn -0.8479 0.1814 0.4983
vn -0.8479 0.4592 0.2651
vn -0.8479 0.5222 0.0921
vn -0.8479 0.5222 -0.0921
vn -0.8479 0.4592 -0.2651
vn -0.8479 -0.1813 0.4983
vn 0.0000 -0.9241 -0.3820
vn 0.9528 0.1952 0.2326
vn 0.9528 0.1038 0.2853
vn 0.9772 0.1625 0.1364
vn 0.9772 0.1625 -0.1364
vn 0.9528 0.1952 -0.2326
vn 0.9528 0.1039 -0.2853
vn 0.9528 0.0000 -0.3036
vn 0.9528 -0.1038 -0.2853
vn 0.9528 -0.1952 -0.2326
vn 0.9528 -0.2630 -0.1518
vn 0.9528 -0.2990 -0.0527
vn 0.9528 -0.2990 0.0527
vn 0.9528 -0.2630 0.1518
vn 0.9528 -0.1952 0.2326
vn 0.9528 -0.1038 0.2853
vn 0.9528 -0.0000 0.3036
vn 0.5445 -0.2869 -0.7882
vn 0.5445 -0.0000 -0.8387
vn 0.5387 -0.4213 -0.7296
vn 0.5445 -0.2869 0.7882
vn 0.5387 -0.4213 0.7296
vn 0.5445 -0.0000 0.8387
vn 0.5445 0.2869 0.7882
vn 0.5445 0.5391 0.6425
vn 0.5445 0.7264 0.4194
vn 0.5445 0.8260 0.1456
vn 0.5445 0.8260 -0.1456
vn 0.5445 0.7264 -0.4194
vn 0.5445 0.5391 -0.6425
vn 0.5445 0.2869 -0.7882
vn 0.8479 0.1814 0.4983
vn 0.8479 -0.0000 0.5302
vn 0.8479 0.3408 0.4062
vn 0.8442 0.4107 0.3446
vn 0.8479 0.3408 -0.4062
vn 0.8442 0.4107 -0.3446
vn 0.8479 0.1813 -0.4983
vn 0.8479 0.0000 -0.5302
vn 0.8479 -0.1813 -0.4983
vn 0.8479 -0.3408 -0.4062
vn 0.8479 -0.4592 -0.2651
vn 0.8479 -0.5222 -0.0921
vn 0.8479 -0.5222 0.0921
vn 0.8479 -0.4592 0.2651
vn 0.8479 -0.3408 0.4062
vn 0.8479 -0.1814 0.4983
vn -0.0001 0.6428 0.7661
vn -0.0001 0.6428 -0.7660
vn 0.9528 0.2630 0.1518
vn 0.9528 0.2990 0.0527
vn 0.9528 0.2990 -0.0527
vn 0.9528 0.2630 -0.1518
vn 0.9528 0.1038 -0.2853
vn 0.9528 -0.2629 -0.1518
vn 0.5445 -0.5391 -0.6425
vn 0.5445 -0.7264 -0.4194
vn 0.5445 -0.8260 -0.1456
vn 0.5445 -0.8260 0.1456
vn 0.5445 -0.7264 0.4194
vn 0.5445 -0.5391 0.6425
vn 0.8479 0.1813 0.4983
vn 0.8479 0.4592 0.2651
vn 0.8479 0.5222 0.0921
vn 0.8479 0.5222 -0.0921
vn 0.8479 0.4592 -0.2651
vn 0.8479 -0.1814 -0.4983
vn 0.0353 -0.9987 0.0361
vn -0.0225 -0.9991 0.0361
vn -0.0183 -0.9992 0.0361
vn 0.0394 -0.9986 0.0361
vn -0.0453 -0.9983 0.0380
vn -0.0981 -0.9945 0.0377
vn -0.0938 -0.9949 0.0377
vn -0.0394 -0.9985 0.0380
vn 0.0817 -0.9959 0.0378
vn 0.0225 -0.9990 0.0380
vn 0.0278 -0.9989 0.0380
vn 0.0860 -0.9956 0.0378
vn -0.1986 -0.9787 0.0530
vn -0.2081 -0.9765 0.0566
vn -0.1017 -0.9947 0.0168
vn -0.0846 -0.9964 0.0105
vn 0.1798 -0.9834 0.0253
vn 0.1882 -0.9819 0.0217
vn 0.1122 -0.9923 0.0533
vn 0.0950 -0.9936 0.0603
usemtl Material_37
s off
f 543/1/1 544/2/1 545/3/1
f 545/3/1 546/4/1 543/1/1
f 547/5/2 548/6/2 549/7/2
f 549/7/2 550/8/2 547/5/2
f 555/9/3 556/10/3 557/11/3
f 557/11/3 558/12/3 555/9/3
f 550/8/2 549/7/2 559/13/2
f 559/13/2 560/14/2 550/8/2
f 558/12/3 557/11/3 563/15/3
f 563/15/3 564/16/3 558/12/3
f 593/17/4 594/18/4 595/19/4
f 595/19/4 596/20/4 597/21/4
f 597/21/4 598/22/4 599/23/4
f 599/23/4 600/24/4 601/25/4
f 597/21/4 599/23/4 601/25/4
f 595/19/4 597/21/4 601/25/4
f 593/17/4 595/19/4 601/25/4
f 602/26/4 593/17/4 601/25/4
f 631/27/4 632/28/4 633/29/4
f 633/29/4 634/30/4 635/31/4
f 635/31/4 636/32/4 637/33/4
f 637/33/4 638/34/4 639/35/4
f 635/31/4 637/33/4 639/35/4
f 633/29/4 635/31/4 639/35/4
f 631/27/4 633/29/4 639/35/4
f 640/36/4 631/27/4 639/35/4
f 669/37/5 670/38/5 671/39/5
f 671/39/6 672/40/6 673/41/6
f 673/41/5 674/42/5 675/43/5
f 675/43/5 676/44/5 677/45/5
f 673/41/5 675/43/5 677/45/5
f 671/39/5 673/41/5 677/45/5
f 669/37/5 671/39/5 677/45/5
f 678/46/5 669/37/5 677/45/5
f 707/47/5 708/48/5 709/49/5
f 709/49/5 710/50/5 711/51/5
f 711/51/5 712/52/5 713/53/5
f 713/53/5 714/54/5 715/55/5
f 711/51/5 713/53/5 715/55/5
f 709/49/5 711/51/5 715/55/5
f 707/47/5 709/49/5 715/55/5
f 716/56/5 707/47/5 715/55/5
f 745/57/5 746/58/5 747/59/5
f 747/59/5 748/60/5 749/61/5
f 749/61/5 750/62/5 751/63/5
f 751/63/5 752/64/5 753/65/5
f 749/61/5 751/63/5 753/65/5
f 747/59/5 749/61/5 753/65/5
f 745/57/5 747/59/5 753/65/5
f 754/66/7 745/57/7 753/65/7
f 776/67/4 777/68/4 778/69/4
f 778/69/4 779/70/4 776/67/4
f 793/71/2 794/72/2 795/73/2
f 795/73/2 796/74/2 793/71/2
f 1317/75/8 1318/76/8 1319/77/8
f 1319/77/8 1320/78/8 1317/75/8
f 547/5/2 1321/79/2 1322/80/2
f 1322/80/2 548/6/2 547/5/2
f 555/9/3 1325/81/3 1326/82/3
f 1326/82/3 556/10/3 555/9/3
f 1321/79/2 1327/83/2 1328/84/2
f 1328/84/2 1322/80/2 1321/79/2
f 1325/81/3 1331/85/3 1332/86/3
f 1332/86/3 1326/82/3 1325/81/3
f 1361/87/4 1362/88/4 1363/89/4
f 1363/89/4 1364/90/4 1365/91/4
f 1361/87/4 1363/89/4 1365/91/4
f 1365/91/4 1366/92/4 1367/93/4
f 1361/87/4 1365/91/4 1367/93/4
f 1367/93/4 1368/94/4 1369/95/4
f 1361/87/4 1367/93/4 1369/95/4
f 1370/96/4 1361/87/4 1369/95/4
f 1399/97/4 1400/98/4 1401/99/4
f 1401/99/4 1402/100/4 1403/101/4
f 1399/97/4 1401/99/4 1403/101/4
f 1403/101/4 1404/102/4 1405/103/4
f 1399/97/4 1403/101/4 1405/103/4
f 1405/103/4 1406/104/4 1407/105/4
f 1399/97/4 1405/103/4 1407/105/4
f 1408/106/4 1399/97/4 1407/105/4
f 1437/107/5 1438/108/5 1439/109/5
f 1439/109/7 1440/110/7 1441/111/7
f 1437/107/5 1439/109/5 1441/111/5
f 1441/111/7 1442/112/7 1443/113/7
f 1437/107/5 1441/111/5 1443/113/5
f 1443/113/5 1444/114/5 1445/115/5
f 1437/107/5 1443/113/5 1445/115/5
f 1446/116/5 1437/107/5 1445/115/5
f 1475/117/5 1476/118/5 1477/119/5
f 1477/119/5 1478/120/5 1479/121/5
f 1475/117/5 1477/119/5 1479/121/5
f 1479/121/5 1480/122/5 1481/123/5
f 1475/117/5 1479/121/5 1481/123/5
f 1481/123/5 1482/124/5 1483/125/5
f 1475/117/5 1481/123/5 1483/125/5
f 1484/126/5 1475/117/5 1483/125/5
f 1513/127/5 1514/128/5 1515/129/5
f 1515/129/5 1516/130/5 1517/131/5
f 1513/127/5 1515/129/5 1517/131/5
f 1517/131/5 1518/132/5 1519/133/5
f 1513/127/5 1517/131/5 1519/133/5
f 1519/133/5 1520/134/5 1521/135/5
f 1513/127/5 1519/133/5 1521/135/5
f 1522/136/5 1513/127/5 1521/135/5
f 776/67/4 779/70/4 1523/137/4
f 1523/137/4 1524/138/4 776/67/4
f 793/71/2 796/74/2 1527/139/2
f 1527/139/2 1528/140/2 793/71/2
f 1744/141/9 1743/142/9 1745/143/9
f 1745/143/9 1746/144/9 1744/141/9
f 1787/145/1 1788/146/1 1789/147/1
f 1789/147/1 1790/148/1 1787/145/1
f 1791/149/2 1792/150/2 1793/151/2
f 1793/151/2 1794/152/2 1791/149/2
f 1795/153/8 1796/154/8 1797/155/8
f 1797/155/8 1798/156/8 1795/153/8
f 1791/149/2 1799/157/2 1800/158/2
f 1800/158/2 1792/150/2 1791/149/2
f 1833/159/8 1834/160/8 1835/161/8
f 1835/161/8 1836/162/8 1837/163/8
f 1837/163/8 1838/164/8 1839/165/8
f 1835/161/8 1837/163/8 1839/165/8
f 1839/165/8 1840/166/8 1841/167/8
f 1841/167/8 1842/168/8 1843/169/8
f 1839/165/8 1841/167/8 1843/169/8
f 1843/169/8 1844/170/8 1845/171/8
f 1845/171/8 1846/172/8 1847/173/8
f 1843/169/8 1845/171/8 1847/173/8
f 1839/165/8 1843/169/8 1847/173/8
f 1835/161/8 1839/165/8 1847/173/8
f 1847/173/8 1848/174/8 1849/175/8
f 1835/161/8 1847/173/8 1849/175/8
f 1833/159/8 1835/161/8 1849/175/8
f 1850/176/8 1833/159/8 1849/175/8
f 1869/177/1 1870/178/1 1871/179/1
f 1871/179/1 1872/180/1 1869/177/1
f 1870/178/1 1873/181/1 1874/182/1
f 1874/182/1 1871/179/1 1870/178/1
f 1875/183/1 1876/184/1 1877/185/1
f 1877/185/1 1878/186/1 1875/183/1
f 1876/184/1 1879/187/1 1880/188/1
f 1880/188/1 1877/185/1 1876/184/1
f 1879/187/1 1881/189/1 1882/190/1
f 1882/190/1 1880/188/1 1879/187/1
f 1881/189/1 1883/191/1 1884/192/1
f 1884/192/1 1882/190/1 1881/189/1
f 1883/191/1 1885/193/1 1886/194/1
f 1886/194/1 1884/192/1 1883/191/1
f 1885/193/1 1887/195/1 1888/196/1
f 1888/196/1 1886/194/1 1885/193/1
f 1887/195/1 1889/197/1 1890/198/1
f 1890/198/1 1888/196/1 1887/195/1
f 1889/197/1 1891/199/1 1892/200/1
f 1892/200/1 1890/198/1 1889/197/1
f 1891/199/1 1893/201/1 1894/202/1
f 1894/202/1 1892/200/1 1891/199/1
f 1893/201/1 1895/203/1 1896/204/1
f 1896/204/1 1894/202/1 1893/201/1
f 1895/203/1 1869/177/1 1872/180/1
f 1872/180/1 1896/204/1 1895/203/1
f 1989/205/8 1990/206/8 1991/207/8
f 1991/207/8 1992/208/8 1993/209/8
f 1993/209/8 1994/210/8 1995/211/8
f 1991/207/8 1993/209/8 1995/211/8
f 1995/211/8 1996/212/8 1997/213/8
f 1997/213/8 1998/214/8 1999/215/8
f 1995/211/8 1997/213/8 1999/215/8
f 1999/215/8 2000/216/8 2001/217/8
f 2001/217/8 2002/218/8 2003/219/8
f 1999/215/8 2001/217/8 2003/219/8
f 1995/211/8 1999/215/8 2003/219/8
f 1991/207/8 1995/211/8 2003/219/8
f 2003/219/8 2004/220/8 2005/221/8
f 1991/207/8 2003/219/8 2005/221/8
f 1989/205/8 1991/207/8 2005/221/8
f 2006/222/8 1989/205/8 2005/221/8
f 2025/223/1 2026/224/1 2027/225/1
f 2027/225/1 2028/226/1 2025/223/1
f 2026/224/1 2029/227/1 2030/228/1
f 2030/228/1 2027/225/1 2026/224/1
f 2029/227/1 2031/229/1 2032/230/1
f 2032/230/1 2030/228/1 2029/227/1
f 2031/229/1 2033/231/1 2034/232/1
f 2034/232/1 2032/230/1 2031/229/1
f 2033/231/1 2035/233/1 2036/234/1
f 2036/234/1 2034/232/1 2033/231/1
f 2035/233/1 2037/235/1 2038/236/1
f 2038/236/1 2036/234/1 2035/233/1
f 2037/235/1 2039/237/1 2040/238/1
f 2040/238/1 2038/236/1 2037/235/1
f 2039/237/1 2041/239/1 2042/240/1
f 2042/240/1 2040/238/1 2039/237/1
f 2041/239/1 2043/241/1 2044/242/1
f 2044/242/1 2042/240/1 2041/239/1
f 2043/241/1 2045/243/1 2046/244/1
f 2046/244/1 2044/242/1 2043/241/1
f 2045/243/1 2047/245/1 2048/246/1
f 2048/246/1 2046/244/1 2045/243/1
f 2047/245/1 2049/247/1 2050/248/1
f 2050/248/1 2048/246/1 2047/245/1
f 2049/247/1 2051/249/1 2052/250/1
f 2052/250/1 2050/248/1 2049/247/1
f 2051/249/1 2053/251/1 2054/252/1
f 2054/252/1 2052/250/1 2051/249/1
f 2053/251/1 2055/253/1 2056/254/1
f 2056/254/1 2054/252/1 2053/251/1
f 2055/253/1 2057/255/1 2058/256/1
f 2058/256/1 2056/254/1 2055/253/1
f 2057/255/1 2059/257/1 2060/258/1
f 2060/258/1 2058/256/1 2057/255/1
f 2059/257/1 2025/223/1 2028/226/1
f 2028/226/1 2060/258/1 2059/257/1
f 2155/259/1 2156/260/1 2157/261/1
f 2158/262/1 2157/261/1 2159/263/1
f 2160/264/1 2159/263/1 2161/265/1
f 2159/263/1 2157/261/1 2161/265/1
f 2162/266/1 2161/265/1 2163/267/1
f 2164/268/1 2163/267/1 2165/269/1
f 2163/267/1 2161/265/1 2165/269/1
f 2166/270/1 2165/269/1 2167/271/1
f 2168/272/1 2167/271/1 2169/273/1
f 2167/271/1 2165/269/1 2169/273/1
f 2165/269/1 2161/265/1 2169/273/1
f 2161/265/1 2157/261/1 2169/273/1
f 2170/274/1 2169/273/1 2171/275/1
f 2169/273/1 2157/261/1 2171/275/1
f 2157/261/1 2156/260/1 2171/275/1
f 2156/260/1 2172/276/1 2171/275/1
f 2191/277/8 2192/278/8 2193/279/8
f 2194/280/8 2193/279/8 2192/278/8
f 2195/281/8 2191/277/8 2196/282/8
f 2193/279/8 2196/282/8 2191/277/8
f 2197/283/8 2198/284/8 2199/285/8
f 2200/286/8 2199/285/8 2198/284/8
f 2201/287/8 2197/283/8 2202/288/8
f 2199/285/8 2202/288/8 2197/283/8
f 2203/289/8 2201/287/8 2204/290/8
f 2202/288/8 2204/290/8 2201/287/8
f 2205/291/8 2203/289/8 2206/292/8
f 2204/290/8 2206/292/8 2203/289/8
f 2207/293/8 2205/291/8 2208/294/8
f 2206/292/8 2208/294/8 2205/291/8
f 2209/295/8 2207/293/8 2210/296/8
f 2208/294/8 2210/296/8 2207/293/8
f 2211/297/8 2209/295/8 2212/298/8
f 2210/296/8 2212/298/8 2209/295/8
f 2213/299/8 2211/297/8 2214/300/8
f 2212/298/8 2214/300/8 2211/297/8
f 2215/301/8 2213/299/8 2216/302/8
f 2214/300/8 2216/302/8 2213/299/8
f 2217/303/8 2215/301/8 2218/304/8
f 2216/302/8 2218/304/8 2215/301/8
f 2192/278/8 2217/303/8 2194/280/8
f 2218/304/8 2194/280/8 2217/303/8
f 2311/305/1 2312/306/1 2313/307/1
f 2314/308/1 2313/307/1 2315/309/1
f 2316/310/1 2315/309/1 2317/311/1
f 2315/309/1 2313/307/1 2317/311/1
f 2318/312/1 2317/311/1 2319/313/1
f 2320/314/1 2319/313/1 2321/315/1
f 2319/313/1 2317/311/1 2321/315/1
f 2322/316/1 2321/315/1 2323/317/1
f 2324/318/1 2323/317/1 2325/319/1
f 2323/317/1 2321/315/1 2325/319/1
f 2321/315/1 2317/311/1 2325/319/1
f 2317/311/1 2313/307/1 2325/319/1
f 2326/320/1 2325/319/1 2327/321/1
f 2325/319/1 2313/307/1 2327/321/1
f 2313/307/1 2312/306/1 2327/321/1
f 2312/306/1 2328/322/1 2327/321/1
f 2347/323/8 2348/324/8 2349/325/8
f 2350/326/8 2349/325/8 2348/324/8
f 2351/327/8 2347/323/8 2352/328/8
f 2349/325/8 2352/328/8 2347/323/8
f 2353/329/8 2351/327/8 2354/330/8
f 2352/328/8 2354/330/8 2351/327/8
f 2355/331/8 2353/329/8 2356/332/8
f 2354/330/8 2356/332/8 2353/329/8
f 2357/333/8 2355/331/8 2358/334/8
f 2356/332/8 2358/334/8 2355/331/8
f 2359/335/8 2357/333/8 2360/336/8
f 2358/334/8 2360/336/8 2357/333/8
f 2361/337/8 2359/335/8 2362/338/8
f 2360/336/8 2362/338/8 2359/335/8
f 2363/339/8 2361/337/8 2364/340/8
f 2362/338/8 2364/340/8 2361/337/8
f 2365/341/8 2363/339/8 2366/342/8
f 2364/340/8 2366/342/8 2363/339/8
f 2367/343/8 2365/341/8 2368/344/8
f 2366/342/8 2368/344/8 2365/341/8
f 2369/345/8 2367/343/8 2370/346/8
f 2368/344/8 2370/346/8 2367/343/8
f 2371/347/8 2369/345/8 2372/348/8
f 2370/346/8 2372/348/8 2369/345/8
f 2373/349/8 2371/347/8 2374/350/8
f 2372/348/8 2374/350/8 2371/347/8
f 2375/351/8 2373/349/8 2376/352/8
f 2374/350/8 2376/352/8 2373/349/8
f 2377/353/8 2375/351/8 2378/354/8
f 2376/352/8 2378/354/8 2375/351/8
f 2379/355/8 2377/353/8 2380/356/8
f 2378/354/8 2380/356/8 2377/353/8
f 2381/357/8 2379/355/8 2382/358/8
f 2380/356/8 2382/358/8 2379/355/8
f 2348/324/8 2381/357/8 2350/326/8
f 2382/358/8 2350/326/8 2381/357/8
f 2445/359/10 2446/360/10 2447/361/10
f 2448/362/10 2449/363/10 2450/364/10
f 2451/365/11 2452/366/11 2453/367/11
f 2454/368/11 2455/369/11 2456/370/11
f 2457/371/12 2458/372/12 2459/373/12
f 2460/374/13 2461/375/13 2462/376/13
f 2463/377/14 2464/378/14 2465/379/14
f 2466/380/15 2467/381/15 2468/382/15
f 2469/383/16 2470/384/16 2471/385/16
f 2472/386/17 2473/387/17 2474/388/17
f 2475/389/18 2476/390/18 2477/391/18
f 2478/392/19 2479/393/19 2480/394/19
f 2481/395/20 2482/396/20 2483/397/20
f 2484/398/21 2485/399/21 2486/400/21
f 2487/401/22 2488/402/22 2489/403/22
f 2490/404/23 2491/405/23 2492/406/23
f 2493/407/24 2494/408/24 2495/409/24
f 2496/410/25 2497/411/25 2498/412/25
f 2499/413/26 2500/414/26 2501/415/26
f 2502/416/27 2503/417/27 2504/418/27
f 2505/419/28 2506/420/28 2507/421/28
f 2508/422/29 2509/423/29 2510/424/29
f 2511/425/30 2512/426/30 2513/427/30
f 2514/428/31 2515/429/31 2516/430/31
f 2517/431/32 2518/432/32 2519/433/32
f 2519/433/32 2520/434/32 2521/435/32
f 2522/436/33 2523/437/33 2524/438/33
f 2525/439/34 2526/440/34 2527/441/34
f 2528/442/35 2529/443/35 2530/444/35
f 2531/445/36 2532/446/36 2533/447/36
f 2534/448/37 2535/449/37 2536/450/37
f 2537/451/38 2538/452/38 2539/453/38
f 2540/454/39 2541/455/39 2542/456/39
f 2543/457/40 2544/458/40 2545/459/40
f 2546/460/41 2547/461/41 2548/462/41
f 2549/463/42 2550/464/42 2551/465/42
f 2552/466/43 2553/467/43 2554/468/43
f 2555/469/44 2556/470/44 2557/471/44
f 2558/472/45 2559/473/45 2560/474/45
f 2561/475/46 2562/476/46 2563/477/46
f 2564/478/47 2565/479/47 2566/480/47
f 2567/481/48 2568/482/48 2569/483/48
f 2570/484/49 2571/485/49 2572/486/49
f 2593/487/50 2594/488/50 2595/489/50
f 2596/490/51 2597/491/51 2598/492/51
f 2599/493/52 2600/494/52 2601/495/52
f 2602/496/53 2603/497/53 2604/498/53
f 2605/499/54 2606/500/54 2607/501/54
f 2608/502/55 2609/503/55 2610/504/55
f 2611/505/56 2612/506/56 2613/507/56
f 2614/508/57 2615/509/57 2616/510/57
f 2617/511/58 2618/512/58 2619/513/58
f 2620/514/59 2621/515/59 2622/516/59
f 2623/517/60 2624/518/60 2625/519/60
f 2626/520/61 2627/521/61 2628/522/61
f 2629/523/62 2630/524/62 2631/525/62
f 2632/526/63 2633/527/63 2634/528/63
f 2635/529/64 2636/530/64 2637/531/64
f 2638/532/65 2639/533/65 2640/534/65
f 2641/535/66 2642/536/66 2643/537/66
s 1
f 1/538/67 2/539/68 3/540/69
f 3/540/69 4/541/70 1/538/67
f 1/538/67 4/541/70 5/542/71
f 5/542/71 6/543/72 1/538/67
f 7/544/73 4/541/70 3/540/69
f 5/542/71 4/541/70 7/544/73
f 3/540/69 8/545/74 7/544/73
f 7/544/73 8/545/74 9/546/75
f 10/547/76 11/548/77 12/549/78
f 12/549/78 13/550/79 10/547/76
f 7/544/73 14/551/80 5/542/71
f 12/549/78 11/548/77 15/552/80
f 15/552/80 16/553/81 12/549/78
f 13/550/79 12/549/78 17/554/82
f 18/555/83 13/550/79 17/554/82
f 17/554/82 12/549/78 16/553/81
f 19/556/84 18/555/83 17/554/82
f 17/554/82 20/557/85 19/556/84
f 19/556/84 20/557/85 21/558/86
f 21/558/86 20/557/85 22/559/87
f 22/559/87 23/560/88 21/558/86
f 16/553/81 24/561/89 17/554/82
f 25/562/90 24/561/89 16/553/81
f 26/563/91 25/562/90 16/553/81
f 27/564/92 24/561/89 25/562/90
f 25/562/90 26/563/91 28/565/93
f 28/565/93 29/566/94 25/562/90
f 25/562/90 29/566/94 27/564/92
f 29/566/94 28/565/93 30/567/95
f 27/564/92 29/566/94 31/568/96
f 30/567/95 31/568/96 29/566/94
f 31/568/96 32/569/97 27/564/92
f 33/570/98 27/564/92 32/569/97
f 34/571/99 35/572/100 36/573/98
f 37/574/101 36/573/98 35/572/100
f 38/575/102 39/576/103 40/577/100
f 41/578/104 30/567/95 28/565/93
f 28/565/93 42/579/105 41/578/104
f 42/579/105 28/565/93 26/563/91
f 43/580/104 44/581/105 45/582/106
f 45/582/106 46/583/107 43/580/104
f 26/563/91 47/584/108 42/579/105
f 47/584/108 26/563/91 16/553/81
f 16/553/81 15/552/80 47/584/108
f 48/585/109 14/551/80 7/544/73
f 44/581/105 48/585/109 49/586/110
f 7/544/73 49/586/110 48/585/109
f 49/586/110 45/582/106 44/581/105
f 9/546/75 49/586/110 7/544/73
f 45/582/106 49/586/110 9/546/75
f 9/546/75 50/587/111 45/582/106
f 51/588/112 45/582/106 50/587/111
f 51/588/112 46/583/107 45/582/106
f 51/588/112 52/589/113 46/583/107
f 53/590/114 52/589/113 51/588/112
f 51/588/112 54/591/115 53/590/114
f 54/591/115 55/592/116 53/590/114
f 56/593/117 53/590/114 55/592/116
f 55/592/116 57/594/118 56/593/117
f 54/591/115 58/595/119 55/592/116
f 58/595/119 59/596/120 55/592/116
f 60/597/121 59/596/120 58/595/119
f 58/595/119 61/598/122 60/597/121
f 62/599/123 60/597/121 61/598/122
f 63/600/124 60/597/121 62/599/123
f 63/600/124 62/599/123 64/601/125
f 65/602/126 64/601/125 62/599/123
f 62/599/123 66/603/127 65/602/126
f 67/604/128 64/601/125 65/602/126
f 65/602/126 68/605/129 67/604/128
f 69/606/130 67/604/128 68/605/129
f 69/606/130 68/605/129 70/607/131
f 71/608/132 69/606/130 70/607/131
f 70/607/131 72/609/133 71/608/132
f 71/608/132 72/609/133 73/610/134
f 71/608/132 73/610/134 74/611/135
f 74/611/135 73/610/134 75/612/136
f 75/612/136 76/613/137 74/611/135
f 76/613/137 75/612/136 77/614/138
f 77/614/138 78/615/139 76/613/137
f 79/616/140 78/615/139 77/614/138
f 77/614/138 80/617/141 79/616/140
f 79/616/140 81/618/142 78/615/139
f 81/618/142 79/616/140 82/619/143
f 82/619/143 83/620/144 81/618/142
f 84/621/145 83/620/144 82/619/143
f 82/619/143 85/622/146 84/621/145
f 85/622/146 82/619/143 86/623/147
f 86/623/147 82/619/143 87/624/148
f 88/625/149 89/626/150 87/624/148
f 90/627/151 87/624/148 89/626/150
f 87/624/148 90/627/151 91/628/152
f 87/624/148 92/629/153 86/623/147
f 92/629/153 87/624/148 91/628/152
f 93/630/154 86/623/147 92/629/153
f 91/628/152 94/631/155 92/629/153
f 92/629/153 95/632/156 93/630/154
f 95/632/156 92/629/153 94/631/155
f 94/631/155 96/633/157 95/632/156
f 97/634/158 98/635/159 99/636/160
f 100/637/159 101/638/161 102/639/162
f 102/639/162 103/640/160 100/637/159
f 104/641/163 105/642/164 106/643/165
f 106/643/165 107/644/166 104/641/163
f 106/643/165 105/642/164 108/645/167
f 108/645/167 109/646/168 106/643/165
f 110/647/169 111/648/170 112/649/171
f 113/650/172 114/651/173 115/652/174
f 113/650/172 116/653/175 114/651/173
f 117/654/176 116/653/175 113/650/172
f 117/654/176 113/650/172 118/655/177
f 118/655/177 119/656/178 117/654/176
f 117/654/176 120/657/160 116/653/175
f 116/653/175 120/657/160 121/658/162
f 114/651/173 116/653/175 121/658/162
f 121/658/162 122/659/179 114/651/173
f 65/602/126 66/603/127 80/617/141
f 80/617/141 77/614/138 65/602/126
f 68/605/129 65/602/126 77/614/138
f 77/614/138 75/612/136 68/605/129
f 72/609/133 68/605/129 75/612/136
f 73/610/134 72/609/133 75/612/136
f 72/609/133 70/607/131 68/605/129
f 10/547/76 13/550/79 123/660/180
f 10/547/76 123/660/180 124/661/181
f 125/662/182 126/663/183 124/661/181
f 124/661/181 126/663/183 10/547/76
f 6/543/72 127/664/183 128/665/184
f 128/665/184 1/538/67 6/543/72
f 2/539/68 1/538/67 128/665/184
f 128/665/184 129/666/185 2/539/68
f 126/663/183 125/662/182 130/667/186
f 130/667/186 131/668/187 126/663/183
f 128/665/184 127/664/183 132/669/187
f 133/670/188 131/668/187 130/667/186
f 134/671/186 135/672/189 136/673/190
f 132/669/187 137/674/191 128/665/184
f 137/674/191 132/669/187 136/673/190
f 138/675/192 129/666/185 128/665/184
f 128/665/184 137/674/191 138/675/192
f 139/676/193 138/675/192 137/674/191
f 137/674/191 140/677/194 139/676/193
f 136/673/190 140/677/194 137/674/191
f 141/678/195 139/676/193 140/677/194
f 140/677/194 142/679/196 141/678/195
f 142/679/196 140/677/194 136/673/190
f 142/679/196 143/680/197 141/678/195
f 144/681/198 143/680/197 142/679/196
f 136/673/190 145/682/199 142/679/196
f 142/679/196 145/682/199 144/681/198
f 145/682/199 136/673/190 135/672/189
f 144/681/198 145/682/199 146/683/200
f 135/672/189 146/683/200 145/682/199
f 147/684/201 148/685/202 149/686/203
f 150/687/204 147/684/201 151/688/205
f 151/688/205 152/689/206 150/687/204
f 153/690/207 154/691/208 155/692/209
f 156/693/210 153/690/207 157/694/211
f 158/695/212 156/693/210 157/694/211
f 157/694/211 159/696/213 158/695/212
f 160/697/214 158/695/212 159/696/213
f 159/696/213 161/698/215 160/697/214
f 130/667/216 160/697/214 161/698/215
f 161/698/215 162/699/217 130/667/216
f 163/700/218 162/699/217 161/698/215
f 161/698/215 164/701/219 163/700/218
f 163/700/218 164/701/219 165/702/220
f 165/702/220 166/703/221 163/700/218
f 166/703/221 165/702/220 167/704/222
f 168/705/223 169/706/224 170/707/225
f 168/705/223 171/708/226 169/706/224
f 169/706/224 171/708/226 172/709/227
f 172/709/227 173/710/228 169/706/224
f 174/711/229 173/710/228 172/709/227
f 175/712/230 174/711/229 172/709/227
f 172/709/227 176/713/231 175/712/230
f 175/712/230 176/713/231 177/714/232
f 177/714/232 178/715/233 175/712/230
f 179/716/234 180/717/235 181/718/236
f 157/694/211 179/716/234 164/701/219
f 164/701/219 159/696/213 157/694/211
f 164/701/219 161/698/215 159/696/213
f 165/702/220 164/701/219 179/716/234
f 179/716/234 182/719/237 165/702/220
f 167/704/222 165/702/220 182/719/237
f 183/720/238 184/721/239 185/722/240
f 185/722/240 182/719/237 183/720/238
f 182/719/237 185/722/240 167/704/222
f 171/708/226 168/705/223 186/723/240
f 186/723/240 187/724/241 188/725/242
f 186/723/240 189/726/243 171/708/226
f 172/709/227 171/708/226 189/726/243
f 189/726/243 176/713/231 172/709/227
f 190/727/244 191/728/245 176/713/231
f 176/713/231 189/726/243 190/727/244
f 192/729/246 175/712/230 193/730/247
f 174/711/229 175/712/230 192/729/246
f 192/729/246 194/731/248 174/711/229
f 195/732/249 130/667/216 162/699/217
f 196/733/250 195/732/249 162/699/217
f 162/699/217 163/700/218 196/733/250
f 197/734/251 196/733/250 163/700/218
f 196/733/250 197/734/251 198/735/252
f 199/736/253 200/737/221 201/738/254
f 201/738/254 200/737/221 202/739/255
f 203/740/256 201/738/254 204/741/257
f 202/739/255 204/741/257 201/738/254
f 204/741/257 205/742/258 203/740/256
f 204/741/257 202/739/255 206/743/259
f 20/557/85 17/554/82 24/561/89
f 24/561/89 207/744/260 20/557/85
f 207/744/260 24/561/89 27/564/92
f 27/564/92 208/745/261 207/744/260
f 208/745/261 209/746/262 210/747/263
f 208/745/261 27/564/92 33/570/98
f 33/570/98 211/748/264 208/745/261
f 212/749/264 213/750/98 39/576/103
f 211/748/264 214/751/265 215/752/266
f 39/576/103 216/753/267 212/749/264
f 216/753/267 39/576/103 38/575/102
f 216/753/267 217/754/268 218/755/269
f 38/575/102 219/756/270 216/753/267
f 220/757/271 216/753/267 219/756/270
f 219/756/270 221/758/272 220/757/271
f 222/759/273 223/760/274 224/761/275
f 225/762/276 226/763/277 227/764/273
f 227/764/273 226/763/277 228/765/278
f 228/765/278 229/766/279 227/764/273
f 228/765/278 230/767/280 229/766/279
f 227/764/273 229/766/279 231/768/281
f 231/768/281 232/769/282 227/764/273
f 233/770/283 229/766/279 230/767/280
f 231/768/281 229/766/279 233/770/283
f 230/767/280 234/771/284 233/770/283
f 232/769/282 231/768/281 235/772/285
f 235/772/285 236/773/286 232/769/282
f 235/772/285 237/774/287 238/775/288
f 239/776/289 235/772/285 231/768/281
f 239/776/289 240/777/290 241/778/291
f 233/770/283 242/779/292 231/768/281
f 231/768/281 242/779/292 239/776/289
f 243/780/293 233/770/283 234/771/284
f 242/779/292 233/770/283 243/780/293
f 234/771/284 244/781/294 243/780/293
f 243/780/293 244/781/294 245/782/295
f 245/782/295 246/783/296 243/780/293
f 243/780/293 246/783/296 247/784/297
f 243/780/293 248/785/298 242/779/292
f 247/784/297 248/785/298 243/780/293
f 239/776/289 242/779/292 248/785/298
f 248/785/298 247/784/297 249/786/299
f 248/785/298 250/787/300 239/776/289
f 249/786/299 250/787/300 248/785/298
f 251/788/301 239/776/289 250/787/300
f 250/787/300 252/789/302 251/788/301
f 250/787/300 249/786/299 253/790/303
f 253/790/303 254/791/304 250/787/300
f 89/626/150 88/625/149 255/792/305
f 256/793/306 257/794/307 258/795/308
f 256/793/306 259/796/309 257/794/307
f 259/796/309 260/797/310 257/794/307
f 261/798/311 260/797/310 259/796/309
f 259/796/309 262/799/312 261/798/311
f 263/800/313 264/801/314 265/802/315
f 265/802/315 266/803/316 263/800/313
f 152/689/206 267/804/313 268/805/316
f 268/805/316 150/687/204 152/689/206
f 129/666/185 80/617/141 66/603/127
f 66/603/127 2/539/68 129/666/185
f 102/639/162 101/638/161 269/806/179
f 50/587/111 54/591/115 51/588/112
f 54/591/115 50/587/111 9/546/75
f 9/546/75 58/595/119 54/591/115
f 58/595/119 9/546/75 8/545/74
f 8/545/74 61/598/122 58/595/119
f 62/599/123 61/598/122 8/545/74
f 8/545/74 3/540/69 62/599/123
f 66/603/127 62/599/123 3/540/69
f 3/540/69 2/539/68 66/603/127
f 144/681/198 270/807/317 271/808/318
f 271/808/318 143/680/197 144/681/198
f 143/680/197 271/808/318 272/809/319
f 272/809/319 141/678/195 143/680/197
f 273/810/320 255/792/305 272/809/319
f 141/678/195 272/809/319 255/792/305
f 255/792/305 274/811/321 141/678/195
f 141/678/195 274/811/321 87/624/148
f 141/678/195 87/624/148 82/619/143
f 82/619/143 139/676/193 141/678/195
f 138/675/192 139/676/193 82/619/143
f 82/619/143 79/616/140 138/675/192
f 138/675/192 79/616/140 80/617/141
f 80/617/141 129/666/185 138/675/192
f 275/812/322 276/813/323 277/814/324
f 277/814/324 276/813/323 278/815/325
f 279/816/326 280/817/216 281/818/327
f 282/819/328 279/816/326 281/818/327
f 195/732/249 196/733/250 283/820/329
f 283/820/329 196/733/250 198/735/252
f 198/735/252 284/821/330 283/820/329
f 284/821/330 198/735/252 285/822/331
f 285/822/331 286/823/332 284/821/330
f 285/822/331 287/824/333 286/823/332
f 135/672/189 134/671/186 288/825/326
f 146/683/200 135/672/189 288/825/326
f 288/825/326 289/826/329 146/683/200
f 144/681/198 146/683/200 289/826/329
f 289/826/329 290/827/330 144/681/198
f 270/807/317 144/681/198 290/827/330
f 290/827/330 291/828/332 270/807/317
f 256/793/306 258/795/308 292/829/334
f 292/829/334 293/830/335 256/793/306
f 294/831/336 295/832/335 296/833/337
f 295/832/335 294/831/336 297/834/338
f 297/834/338 298/835/339 295/832/335
f 298/835/339 297/834/338 299/836/340
f 298/835/339 299/836/340 300/837/341
f 301/838/342 302/839/343 303/840/344
f 303/840/344 304/841/345 301/838/342
f 305/842/248 301/838/342 304/841/345
f 304/841/345 306/843/346 305/842/248
f 307/844/229 305/842/248 306/843/346
f 307/844/229 306/843/346 206/743/259
f 204/741/257 206/743/259 306/843/346
f 204/741/257 308/845/347 205/742/258
f 244/781/294 309/846/348 245/782/295
f 310/847/349 309/846/348 244/781/294
f 244/781/294 234/771/284 310/847/349
f 311/848/350 310/847/349 234/771/284
f 234/771/284 230/767/280 311/848/350
f 312/849/351 311/848/350 230/767/280
f 313/850/352 314/851/353 315/852/354
f 312/849/355 228/765/278 226/763/277
f 226/763/277 316/853/356 312/849/355
f 316/853/356 226/763/277 225/762/276
f 225/762/276 130/667/216 316/853/356
f 160/697/214 130/667/216 225/762/276
f 317/854/357 318/855/358 319/856/359
f 319/856/359 320/857/360 317/854/357
f 318/855/358 321/858/361 319/856/359
f 322/859/362 319/856/359 192/729/246
f 192/729/246 323/860/363 322/859/362
f 319/856/359 321/858/361 324/861/343
f 194/731/248 192/729/246 319/856/359
f 324/861/343 325/862/342 319/856/359
f 319/856/359 325/862/342 194/731/248
f 326/863/364 327/864/345 328/865/344
f 329/866/365 327/864/345 326/863/364
f 326/863/364 330/867/319 329/866/365
f 329/866/365 330/867/319 331/868/366
f 331/868/366 332/869/367 329/866/365
f 333/870/368 334/871/369 335/872/370
f 335/872/370 336/873/371 333/870/368
f 337/874/372 338/875/371 339/876/373
f 56/593/117 340/877/374 53/590/114
f 300/837/341 299/836/340 341/878/375
f 342/879/376 343/880/377 344/881/338
f 53/590/114 340/877/374 345/882/378
f 344/881/338 346/883/379 342/879/376
f 347/884/378 348/885/380 349/886/114
f 346/883/379 344/881/338 350/887/336
f 52/589/113 345/882/378 351/888/381
f 350/887/336 352/889/382 346/883/379
f 351/888/381 46/583/107 52/589/113
f 353/890/104 354/891/107 355/892/383
f 356/893/384 357/894/382 358/895/336
f 355/892/383 359/896/385 353/890/104
f 358/895/336 292/829/334 356/893/384
f 356/893/384 292/829/334 258/795/308
f 353/890/104 359/896/385 360/897/386
f 361/898/308 362/899/387 363/900/388
f 360/897/386 364/901/95 353/890/104
f 362/899/387 361/898/308 365/902/389
f 366/903/96 364/901/95 360/897/386
f 365/902/389 367/904/390 362/899/387
f 360/897/386 368/905/391 366/903/96
f 367/904/390 365/902/389 369/906/310
f 366/903/96 368/905/391 370/907/392
f 369/906/310 371/908/393 367/904/390
f 370/907/392 372/909/99 366/903/96
f 371/908/393 369/906/310 373/910/314
f 34/571/99 374/911/392 375/912/394
f 373/910/314 376/913/395 371/908/393
f 377/914/394 40/577/100 378/915/99
f 376/913/395 373/910/314 379/916/313
f 40/577/100 377/914/394 380/917/396
f 263/800/313 381/918/397 382/919/395
f 380/917/396 38/575/102 40/577/100
f 383/920/398 267/804/313 152/689/206
f 384/921/399 385/922/400 386/923/180
f 386/923/180 387/924/401 384/921/399
f 388/925/402 389/926/403 390/927/404
f 390/927/404 391/928/405 388/925/402
f 392/929/402 393/930/405 394/931/406
f 394/931/406 395/932/407 392/929/402
f 396/933/408 397/934/409 398/935/410
f 398/935/410 399/936/411 396/933/408
f 400/937/412 401/938/413 402/939/414
f 402/939/414 403/940/415 400/937/412
f 404/941/405 405/942/416 406/943/5
f 406/943/5 407/944/406 404/941/405
f 408/945/417 409/946/418 410/947/419
f 410/947/419 411/948/420 408/945/417
f 412/949/421 413/950/422 414/951/423
f 414/951/423 415/952/424 412/949/421
f 405/942/416 416/953/412 417/954/415
f 417/954/415 406/943/5 405/942/416
f 418/955/425 419/956/426 420/957/427
f 420/957/427 421/958/428 418/955/425
f 419/956/426 422/959/429 423/960/430
f 423/960/430 420/957/427 419/956/426
f 422/959/429 424/961/431 425/962/432
f 425/962/432 423/960/430 422/959/429
f 424/961/431 418/955/425 421/958/428
f 421/958/428 425/962/432 424/961/431
f 418/955/425 424/961/431 426/963/433
f 426/963/433 427/964/434 418/955/425
f 428/965/435 429/966/436 426/963/433
f 426/963/433 424/961/431 428/965/435
f 422/959/429 430/967/437 431/968/438
f 432/969/439 433/970/440 434/971/441
f 430/967/437 435/972/442 436/973/443
f 436/973/443 431/968/438 430/967/437
f 437/974/444 438/975/445 436/973/443
f 436/973/443 435/972/442 437/974/444
f 424/961/431 422/959/429 439/976/440
f 439/976/440 440/977/446 424/961/431
f 441/978/447 442/979/448 443/980/449
f 443/980/449 444/981/450 441/978/447
f 445/982/448 446/983/451 447/984/452
f 447/984/452 448/985/449 445/982/448
f 449/986/453 450/987/454 447/984/452
f 447/984/452 446/983/451 449/986/453
f 451/988/455 452/989/447 453/990/450
f 453/990/450 454/991/456 451/988/455
f 455/992/457 456/993/458 457/994/459
f 457/994/459 458/995/460 455/992/457
f 459/996/461 460/997/462 461/998/463
f 461/998/463 462/999/459 459/996/461
f 463/1000/462 464/1001/464 465/1002/465
f 465/1002/465 466/1003/466 463/1000/462
f 467/1004/464 468/1005/467 469/1006/460
f 469/1006/460 470/1007/468 467/1004/464
f 471/1008/469 472/1009/470 473/1010/471
f 473/1010/471 474/1011/472 471/1008/469
f 475/1012/473 476/1013/474 477/1014/471
f 477/1014/471 478/1015/475 475/1012/473
f 422/959/429 479/1016/476 480/1017/402
f 480/1017/402 430/967/437 422/959/429
f 481/1018/407 482/1019/477 437/974/444
f 437/974/444 435/972/442 481/1018/407
f 418/955/425 483/1020/414 484/1021/478
f 401/938/478 485/1022/426 486/1023/425
f 430/967/437 480/1017/402 481/1018/407
f 481/1018/407 435/972/442 430/967/437
f 487/1024/426 488/1025/478 389/926/476
f 479/1016/476 422/959/429 419/956/426
f 489/1026/467 421/958/428 420/957/427
f 490/1027/479 456/993/458 455/992/457
f 491/1028/458 420/957/427 423/960/430
f 423/960/430 492/1029/462 491/1028/458
f 492/1029/462 423/960/430 425/962/432
f 425/962/432 493/1030/464 492/1029/462
f 493/1030/464 425/962/432 421/958/428
f 421/958/428 489/1026/467 493/1030/464
f 494/1031/469 427/964/434 426/963/433
f 426/963/433 495/1032/470 494/1031/469
f 495/1032/470 426/963/433 429/966/436
f 429/966/436 496/1033/480 495/1032/470
f 441/978/481 433/970/440 432/969/439
f 431/968/438 497/1034/448 498/1035/447
f 497/1034/448 431/968/438 436/973/443
f 436/973/443 499/1036/451 497/1034/448
f 436/973/443 438/975/445 500/1037/453
f 500/1037/453 499/1036/451 436/973/443
f 451/988/455 501/1038/482 502/1039/440
f 502/1039/440 452/989/447 451/988/455
f 488/1025/478 503/1040/483 409/946/418
f 409/946/418 408/945/417 488/1025/478
f 416/953/412 405/942/416 504/1041/484
f 504/1041/484 505/1042/418 416/953/412
f 506/1043/416 507/1044/485 508/1045/486
f 508/1045/486 509/1046/487 506/1043/416
f 389/926/476 488/1025/478 408/945/417
f 408/945/417 411/948/420 389/926/476
f 510/1047/488 511/1048/489 512/1049/490
f 512/1049/490 513/1050/491 510/1047/488
f 514/1051/492 515/1052/493 516/1053/494
f 516/1053/494 517/1054/495 514/1051/492
f 518/1055/496 519/1056/497 520/1057/498
f 520/1057/498 521/1058/499 518/1055/496
f 522/1059/500 523/1060/501 524/1061/502
f 524/1061/502 525/1062/503 522/1059/500
f 526/1063/504 525/1062/503 524/1061/502
f 524/1061/502 527/1064/505 526/1063/504
f 528/1065/506 529/1066/506 530/1067/507
f 531/1068/508 528/1065/506 530/1067/507
f 531/1068/508 530/1067/507 532/1069/509
f 533/1070/510 534/1071/511 535/1072/512
f 535/1072/512 536/1073/513 533/1070/510
f 515/1052/493 514/1051/492 511/1048/489
f 511/1048/489 510/1047/488 515/1052/493
f 514/1051/492 537/1074/514 512/1049/490
f 512/1049/490 511/1048/489 514/1051/492
f 537/1074/514 538/1075/515 513/1050/491
f 513/1050/491 512/1049/490 537/1074/514
f 539/1076/516 540/1077/517 541/1078/518
f 541/1078/518 542/1079/491 539/1076/516
f 551/1080/519 552/1081/519 553/1082/520
f 553/1082/520 554/1083/521 551/1080/519
f 554/1083/521 553/1082/520 561/1084/522
f 561/1084/522 562/1085/523 554/1083/521
f 565/1086/8 566/1087/524 567/1088/524
f 567/1088/524 568/1089/8 565/1086/8
f 569/1090/524 570/1091/525 571/1092/525
f 571/1092/525 572/1093/524 569/1090/524
f 570/1091/525 573/1094/526 574/1095/526
f 574/1095/526 571/1092/525 570/1091/525
f 573/1094/526 575/1096/527 576/1097/527
f 576/1097/527 574/1095/526 573/1094/526
f 577/1098/527 578/1099/1 579/1100/1
f 579/1100/1 580/1101/527 577/1098/527
f 578/1099/1 581/1102/528 582/1103/528
f 582/1103/528 579/1100/1 578/1099/1
f 583/1104/528 584/1105/529 585/1106/529
f 585/1106/529 586/1107/528 583/1104/528
f 584/1105/529 587/1108/530 588/1109/530
f 588/1109/530 585/1106/529 584/1105/529
f 587/1108/530 589/1110/531 590/1111/532
f 590/1111/532 588/1109/530 587/1108/530
f 591/1112/531 565/1086/8 568/1089/8
f 568/1089/8 592/1113/531 591/1112/531
f 603/1114/8 604/1115/524 605/1116/524
f 605/1116/524 606/1117/8 603/1114/8
f 607/1118/524 608/1119/525 609/1120/525
f 609/1120/525 610/1121/524 607/1118/524
f 608/1119/525 611/1122/526 612/1123/526
f 612/1123/526 609/1120/525 608/1119/525
f 611/1122/526 613/1124/527 614/1125/527
f 614/1125/527 612/1123/526 611/1122/526
f 615/1126/527 616/1127/1 617/1128/1
f 617/1128/1 618/1129/527 615/1126/527
f 616/1127/1 619/1130/528 620/1131/528
f 620/1131/528 617/1128/1 616/1127/1
f 621/1132/528 622/1133/529 623/1134/529
f 623/1134/529 624/1135/528 621/1132/528
f 622/1133/529 625/1136/530 626/1137/530
f 626/1137/530 623/1134/529 622/1133/529
f 625/1136/530 627/1138/531 628/1139/531
f 628/1139/531 626/1137/530 625/1136/530
f 629/1140/531 603/1114/8 606/1117/8
f 606/1117/8 630/1141/531 629/1140/531
f 641/1142/533 642/1143/534 643/1144/534
f 643/1144/534 644/1145/533 641/1142/533
f 642/1143/534 645/1146/535 646/1147/536
f 646/1147/536 643/1144/534 642/1143/534
f 647/1148/536 648/1149/537 649/1150/537
f 649/1150/537 650/1151/536 647/1148/536
f 651/1152/537 652/1153/538 653/1154/538
f 653/1154/538 654/1155/539 651/1152/537
f 652/1153/538 655/1156/540 656/1157/540
f 656/1157/540 653/1154/538 652/1153/538
f 655/1156/540 657/1158/541 658/1159/541
f 658/1159/541 656/1157/540 655/1156/540
f 659/1160/541 660/1161/542 661/1162/542
f 661/1162/542 662/1163/541 659/1160/541
f 660/1161/542 663/1164/543 664/1165/543
f 664/1165/543 661/1162/542 660/1161/542
f 663/1164/543 665/1166/544 666/1167/544
f 666/1167/544 664/1165/543 663/1164/543
f 667/1168/544 641/1142/533 644/1145/533
f 644/1145/533 668/1169/544 667/1168/544
f 679/1170/533 680/1171/534 681/1172/534
f 681/1172/534 682/1173/533 679/1170/533
f 680/1171/534 683/1174/536 684/1175/536
f 684/1175/536 681/1172/534 680/1171/534
f 685/1176/536 686/1177/537 687/1178/537
f 687/1178/537 688/1179/536 685/1176/536
f 686/1177/537 689/1180/538 690/1181/545
f 690/1181/545 687/1178/537 686/1177/537
f 691/1182/538 692/1183/540 693/1184/540
f 693/1184/540 694/1185/538 691/1182/538
f 692/1183/540 695/1186/541 696/1187/541
f 696/1187/541 693/1184/540 692/1183/540
f 697/1188/541 698/1189/542 699/1190/542
f 699/1190/542 700/1191/541 697/1188/541
f 698/1189/542 701/1192/543 702/1193/543
f 702/1193/543 699/1190/542 698/1189/542
f 701/1192/543 703/1194/544 704/1195/544
f 704/1195/544 702/1193/543 701/1192/543
f 705/1196/544 679/1170/533 682/1173/533
f 682/1173/533 706/1197/544 705/1196/544
f 717/1198/533 718/1199/534 719/1200/534
f 719/1200/534 720/1201/533 717/1198/533
f 721/1202/534 722/1203/536 723/1204/536
f 723/1204/536 724/1205/534 721/1202/534
f 722/1203/536 725/1206/537 726/1207/537
f 726/1207/537 723/1204/536 722/1203/536
f 725/1206/537 727/1208/538 728/1209/538
f 728/1209/538 726/1207/537 725/1206/537
f 729/1210/538 730/1211/540 731/1212/540
f 731/1212/540 732/1213/538 729/1210/538
f 730/1211/540 733/1214/541 734/1215/541
f 734/1215/541 731/1212/540 730/1211/540
f 735/1216/541 736/1217/542 737/1218/542
f 737/1218/542 738/1219/541 735/1216/541
f 736/1217/542 739/1220/543 740/1221/543
f 740/1221/543 737/1218/542 736/1217/542
f 739/1220/543 741/1222/544 742/1223/544
f 742/1223/544 740/1221/543 739/1220/543
f 743/1224/544 717/1198/533 720/1201/533
f 720/1201/533 744/1225/544 743/1224/544
f 755/1226/546 21/558/86 23/560/88
f 756/1227/547 105/642/164 104/641/163
f 149/686/203 757/1228/548 151/688/205
f 151/688/205 147/684/201 149/686/203
f 155/692/209 758/1229/549 157/694/211
f 157/694/211 153/690/207 155/692/209
f 193/730/247 175/712/230 178/715/233
f 759/1230/550 157/694/211 758/1229/549
f 759/1230/550 180/717/235 179/716/234
f 179/716/234 157/694/211 759/1230/550
f 181/718/236 183/720/238 182/719/237
f 182/719/237 179/716/234 181/718/236
f 760/1231/241 185/722/240 184/721/239
f 188/725/242 190/727/244 189/726/243
f 189/726/243 186/723/240 188/725/242
f 177/714/232 176/713/231 191/728/245
f 323/860/363 192/729/246 193/730/247
f 22/559/87 20/557/85 207/744/260
f 207/744/260 761/1232/551 22/559/87
f 761/1232/551 207/744/260 762/1233/552
f 762/1233/552 207/744/260 763/1234/553
f 763/1234/553 207/744/260 208/745/261
f 208/745/261 210/747/263 763/1234/553
f 209/746/262 208/745/261 764/1235/554
f 764/1235/554 208/745/261 211/748/264
f 211/748/264 215/752/266 764/1235/554
f 765/1236/265 212/749/264 216/753/267
f 216/753/267 218/755/269 765/1236/265
f 217/754/268 216/753/267 220/757/271
f 235/772/285 238/775/288 766/1237/555
f 766/1237/555 236/773/286 235/772/285
f 237/774/287 235/772/285 239/776/289
f 239/776/289 241/778/291 237/774/287
f 240/777/290 239/776/289 251/788/301
f 252/789/302 250/787/300 254/791/304
f 767/1238/556 318/855/358 317/854/357
f 320/857/360 319/856/359 322/859/362
f 395/932/407 394/931/406 768/1239/406
f 768/1239/406 769/1240/477 395/932/407
f 770/1241/4 414/951/423 413/950/422
f 413/950/422 771/1242/4 770/1241/4
f 403/940/415 402/939/414 772/1243/557
f 772/1243/557 773/1244/415 403/940/415
f 406/943/5 417/954/415 774/1245/415
f 774/1245/415 775/1246/5 406/943/5
f 407/944/406 406/943/5 775/1246/5
f 775/1246/5 780/1247/406 407/944/406
f 781/1248/558 418/955/425 427/964/434
f 427/964/434 782/1249/559 781/1248/558
f 424/961/431 440/977/446 783/1250/560
f 783/1250/560 428/965/435 424/961/431
f 451/988/455 454/991/456 784/1251/561
f 784/1251/561 785/1252/562 451/988/455
f 786/1253/563 787/1254/564 788/1255/472
f 788/1255/472 789/1256/565 786/1253/563
f 483/1020/414 418/955/425 781/1248/558
f 781/1248/558 790/1257/557 483/1020/414
f 782/1249/559 427/964/434 494/1031/469
f 494/1031/469 791/1258/563 782/1249/559
f 501/1038/482 451/988/455 785/1252/562
f 785/1252/562 792/1259/566 501/1038/482
f 797/1260/567 798/1261/568 799/1262/569
f 799/1262/569 800/1263/4 797/1260/567
f 539/1076/516 801/1264/570 802/1265/3
f 802/1265/3 540/1077/517 539/1076/516
f 803/1266/571 804/1267/571 805/1268/5
f 805/1268/5 806/1269/5 803/1266/571
f 799/1262/569 798/1261/568 807/1270/572
f 807/1270/572 808/1271/573 799/1262/569
f 809/1272/574 526/1063/504 527/1064/505
f 527/1064/505 810/1273/575 809/1272/574
f 811/1274/576 812/1275/577 813/1276/578
f 813/1276/578 814/1277/579 811/1274/576
f 815/1278/580 816/1279/581 817/1280/582
f 818/1281/583 815/1278/580 817/1280/582
f 819/1282/584 818/1281/583 817/1280/582
f 820/1283/493 821/1284/488 822/1285/585
f 822/1285/585 823/1286/586 820/1283/493
f 824/1287/587 825/1288/588 826/1289/589
f 825/1288/588 824/1287/587 827/1290/590
f 824/1287/587 828/1291/591 827/1290/590
f 828/1291/591 824/1287/587 829/1292/592
f 830/1293/593 825/1288/588 827/1290/590
f 828/1291/591 830/1293/593 827/1290/590
f 825/1288/588 830/1293/593 831/1294/594
f 830/1293/593 832/1295/595 831/1294/594
f 833/1296/596 834/1297/597 835/1298/598
f 834/1297/597 833/1296/596 836/1299/599
f 830/1293/593 828/1291/591 837/1300/600
f 834/1297/597 838/1301/600 835/1298/598
f 838/1301/600 834/1297/597 839/1302/601
f 836/1299/599 840/1303/602 834/1297/597
f 841/1304/603 840/1303/602 836/1299/599
f 840/1303/602 839/1302/601 834/1297/597
f 842/1305/604 840/1303/602 841/1304/603
f 840/1303/602 842/1305/604 843/1306/605
f 842/1305/604 844/1307/606 843/1306/605
f 844/1307/606 23/560/88 22/559/87
f 22/559/87 843/1306/605 844/1307/606
f 839/1302/601 840/1303/602 845/1308/607
f 846/1309/608 839/1302/601 845/1308/607
f 847/1310/609 839/1302/601 846/1309/608
f 848/1311/610 846/1309/608 845/1308/607
f 846/1309/608 849/1312/611 847/1310/609
f 849/1312/611 846/1309/608 850/1313/612
f 846/1309/608 848/1311/610 850/1313/612
f 850/1313/612 851/1314/613 849/1312/611
f 848/1311/610 852/1315/614 850/1313/612
f 851/1314/613 850/1313/612 852/1315/614
f 852/1315/614 848/1311/610 853/1316/615
f 854/1317/616 853/1316/615 848/1311/610
f 855/1318/615 856/1319/616 857/1320/617
f 858/1321/618 857/1320/617 856/1319/616
f 859/1322/619 860/1323/617 861/1324/620
f 862/1325/621 849/1312/611 851/1314/613
f 849/1312/611 862/1325/621 863/1326/622
f 863/1326/622 847/1310/609 849/1312/611
f 864/1327/621 865/1328/623 866/1329/622
f 865/1328/623 864/1327/621 867/1330/624
f 847/1310/609 863/1326/622 868/1331/625
f 868/1331/625 839/1302/601 847/1310/609
f 839/1302/601 868/1331/625 838/1301/600
f 869/1332/626 830/1293/593 837/1300/600
f 866/1329/622 870/1333/627 869/1332/626
f 830/1293/593 869/1332/626 870/1333/627
f 870/1333/627 866/1329/622 865/1328/623
f 832/1295/595 830/1293/593 870/1333/627
f 865/1328/623 832/1295/595 870/1333/627
f 832/1295/595 865/1328/623 871/1334/628
f 872/1335/629 871/1334/628 865/1328/623
f 872/1335/629 865/1328/623 867/1330/624
f 872/1335/629 867/1330/624 873/1336/630
f 874/1337/631 872/1335/629 873/1336/630
f 872/1335/629 874/1337/631 875/1338/632
f 875/1338/632 874/1337/631 876/1339/633
f 877/1340/634 876/1339/633 874/1337/631
f 876/1339/633 877/1340/634 878/1341/635
f 875/1338/632 876/1339/633 879/1342/636
f 879/1342/636 876/1339/633 880/1343/637
f 881/1344/638 879/1342/636 880/1343/637
f 879/1342/636 881/1344/638 882/1345/639
f 883/1346/640 882/1345/639 881/1344/638
f 884/1347/641 883/1346/640 881/1344/638
f 884/1347/641 885/1348/642 883/1346/640
f 886/1349/643 883/1346/640 885/1348/642
f 883/1346/640 886/1349/643 887/1350/644
f 888/1351/645 886/1349/643 885/1348/642
f 886/1349/643 888/1351/645 889/1352/646
f 890/1353/647 889/1352/646 888/1351/645
f 890/1353/647 891/1354/648 889/1352/646
f 892/1355/649 891/1354/648 890/1353/647
f 891/1354/648 892/1355/649 893/1356/650
f 892/1355/649 894/1357/651 893/1356/650
f 892/1355/649 895/1358/652 894/1357/651
f 895/1358/652 896/1359/653 894/1357/651
f 896/1359/653 895/1358/652 897/1360/654
f 897/1360/654 898/1361/655 896/1359/653
f 898/1361/655 897/1360/654 899/1362/656
f 900/1363/657 898/1361/655 899/1362/656
f 898/1361/655 900/1363/657 901/1364/658
f 900/1363/657 899/1362/656 902/1365/659
f 902/1365/659 903/1366/660 900/1363/657
f 903/1366/660 902/1365/659 904/1367/661
f 905/1368/662 903/1366/660 904/1367/661
f 903/1366/660 905/1368/662 906/1369/663
f 906/1369/663 907/1370/664 903/1366/660
f 907/1370/664 908/1371/665 903/1366/660
f 909/1372/666 908/1371/665 910/1373/667
f 911/1374/668 910/1373/667 908/1371/665
f 908/1371/665 912/1375/669 911/1374/668
f 908/1371/665 907/1370/664 913/1376/670
f 913/1376/670 912/1375/669 908/1371/665
f 914/1377/671 913/1376/670 907/1370/664
f 912/1375/669 913/1376/670 915/1378/672
f 913/1376/670 914/1377/671 916/1379/673
f 916/1379/673 915/1378/672 913/1376/670
f 915/1378/672 916/1379/673 917/1380/674
f 918/1381/675 919/1382/676 920/1383/677
f 920/1383/677 921/1384/678 922/1385/679
f 921/1384/678 920/1383/677 919/1382/676
f 104/641/163 107/644/166 923/1386/680
f 923/1386/680 924/1387/681 104/641/163
f 923/1386/680 925/1388/682 924/1387/681
f 925/1388/682 923/1386/680 926/1389/683
f 927/1390/684 928/1391/685 929/1392/682
f 930/1393/686 931/1394/687 932/1395/688
f 930/1393/686 932/1395/688 933/1396/689
f 934/1397/690 930/1393/686 933/1396/689
f 934/1397/690 935/1398/691 930/1393/686
f 935/1398/691 934/1397/690 936/1399/692
f 934/1397/690 933/1396/689 937/1400/676
f 933/1396/689 938/1401/678 937/1400/676
f 932/1395/688 938/1401/678 933/1396/689
f 938/1401/678 932/1395/688 939/1402/693
f 886/1349/643 901/1364/658 887/1350/644
f 901/1364/658 886/1349/643 898/1361/655
f 889/1352/646 898/1361/655 886/1349/643
f 898/1361/655 889/1352/646 896/1359/653
f 893/1356/650 896/1359/653 889/1352/646
f 894/1357/651 896/1359/653 893/1356/650
f 893/1356/650 889/1352/646 891/1354/648
f 833/1296/596 940/1403/694 836/1299/599
f 833/1296/596 941/1404/695 940/1403/694
f 942/1405/696 941/1404/695 943/1406/697
f 941/1404/695 833/1296/596 943/1406/697
f 829/1292/592 944/1407/698 945/1408/697
f 944/1407/698 829/1292/592 824/1287/587
f 826/1289/589 944/1407/698 824/1287/587
f 944/1407/698 826/1289/589 946/1409/699
f 943/1406/697 947/1410/700 942/1405/696
f 947/1410/700 943/1406/697 948/1411/701
f 944/1407/698 949/1412/702 945/1408/697
f 950/1413/703 947/1410/700 948/1411/701
f 951/1414/704 952/1415/703 953/1416/705
f 949/1412/702 944/1407/698 954/1417/706
f 954/1417/706 952/1415/703 949/1412/702
f 955/1418/707 944/1407/698 946/1409/699
f 944/1407/698 955/1418/707 954/1417/706
f 956/1419/708 954/1417/706 955/1418/707
f 954/1417/706 956/1419/708 957/1420/709
f 952/1415/703 954/1417/706 957/1420/709
f 958/1421/710 957/1420/709 956/1419/708
f 957/1420/709 958/1421/710 959/1422/711
f 959/1422/711 952/1415/703 957/1420/709
f 959/1422/711 958/1421/710 960/1423/712
f 961/1424/713 959/1422/711 960/1423/712
f 952/1415/703 959/1422/711 962/1425/714
f 959/1422/711 961/1424/713 962/1425/714
f 962/1425/714 953/1416/705 952/1415/703
f 961/1424/713 963/1426/715 962/1425/714
f 953/1416/705 962/1425/714 963/1426/715
f 964/1427/716 149/686/203 148/685/202
f 965/1428/717 966/1429/718 964/1427/716
f 966/1429/718 965/1428/717 967/1430/719
f 968/1431/720 155/692/209 154/691/208
f 969/1432/721 970/1433/722 968/1431/720
f 971/1434/723 970/1433/722 969/1432/721
f 970/1433/722 971/1434/723 972/1435/724
f 973/1436/725 972/1435/724 971/1434/723
f 972/1435/724 973/1436/725 974/1437/726
f 947/1410/700 974/1437/726 973/1436/725
f 974/1437/726 947/1410/700 975/1438/727
f 976/1439/728 974/1437/726 975/1438/727
f 974/1437/726 976/1439/728 977/1440/729
f 976/1439/728 978/1441/730 977/1440/729
f 978/1441/730 976/1439/728 979/1442/731
f 979/1442/731 980/1443/732 978/1441/730
f 981/1444/733 982/1445/731 983/1446/734
f 981/1444/733 983/1446/734 984/1447/735
f 983/1446/734 985/1448/736 984/1447/735
f 985/1448/736 983/1446/734 986/1449/737
f 987/1450/738 985/1448/736 986/1449/737
f 988/1451/739 985/1448/736 987/1450/738
f 985/1448/736 988/1451/739 989/1452/740
f 988/1451/739 178/715/233 177/714/232
f 177/714/232 989/1452/740 988/1451/739
f 990/1453/741 181/718/236 180/717/235
f 970/1433/722 977/1440/729 990/1453/741
f 977/1440/729 970/1433/722 972/1435/724
f 977/1440/729 972/1435/724 974/1437/726
f 978/1441/730 990/1453/741 977/1440/729
f 990/1453/741 978/1441/730 991/1454/742
f 980/1443/732 991/1454/742 978/1441/730
f 183/720/238 991/1454/742 992/1455/743
f 992/1455/743 184/721/239 183/720/238
f 991/1454/742 980/1443/732 992/1455/743
f 984/1447/735 993/1456/743 981/1444/733
f 993/1456/743 188/725/242 187/724/241
f 993/1456/743 984/1447/735 994/1457/744
f 985/1448/736 994/1457/744 984/1447/735
f 994/1457/744 985/1448/736 989/1452/740
f 190/727/244 994/1457/744 989/1452/740
f 989/1452/740 191/728/245 190/727/244
f 193/730/247 988/1451/739 995/1458/745
f 987/1450/738 995/1458/745 988/1451/739
f 995/1458/745 987/1450/738 996/1459/746
f 997/1460/747 975/1438/727 947/1410/700
f 998/1461/748 975/1438/727 997/1460/747
f 975/1438/727 998/1461/748 976/1439/728
f 999/1462/749 976/1439/728 998/1461/748
f 998/1461/748 1000/1463/750 999/1462/749
f 1001/1464/728 1002/1465/751 1003/1466/731
f 1002/1465/751 1004/1467/752 1003/1466/731
f 1005/1468/753 1006/1469/754 1002/1465/751
f 1004/1467/752 1002/1465/751 1006/1469/754
f 1006/1469/754 1005/1468/753 1007/1470/755
f 1006/1469/754 1008/1471/756 1004/1467/752
f 843/1306/605 845/1308/607 840/1303/602
f 845/1308/607 843/1306/605 1009/1472/757
f 1009/1472/757 848/1311/610 845/1308/607
f 848/1311/610 1009/1472/757 1010/1473/758
f 1010/1473/758 210/747/263 209/746/262
f 1010/1473/758 854/1317/616 848/1311/610
f 854/1317/616 1010/1473/758 1011/1474/759
f 1012/1475/759 861/1324/620 1013/1476/616
f 1011/1474/759 215/752/266 214/751/265
f 861/1324/620 1012/1475/759 1014/1477/760
f 1014/1477/760 859/1322/619 861/1324/620
f 1014/1477/760 218/755/269 217/754/268
f 859/1322/619 1014/1477/760 1015/1478/761
f 220/757/271 221/758/272 1015/1478/761
f 1015/1478/761 1014/1477/760 220/757/271
f 1016/1479/762 1017/1480/763 1018/1481/764
f 1017/1480/763 1016/1479/762 1019/1482/765
f 1016/1479/762 1020/1483/766 1019/1482/765
f 1021/1484/766 1022/1485/762 1023/1486/767
f 1020/1483/766 1024/1487/767 1025/1488/768
f 1022/1485/762 1026/1489/769 1023/1486/767
f 1026/1489/769 1022/1485/762 1027/1490/770
f 1028/1491/771 1025/1488/768 1024/1487/767
f 1026/1489/769 1029/1492/772 1023/1486/767
f 1025/1488/768 1028/1491/771 1030/1493/773
f 1027/1490/770 1031/1494/774 1026/1489/769
f 1031/1494/774 1027/1490/770 1032/1495/775
f 1031/1494/774 238/775/288 237/774/287
f 1033/1496/776 1026/1489/769 1031/1494/774
f 1033/1496/776 241/778/291 240/777/290
f 1029/1492/772 1026/1489/769 1034/1497/777
f 1026/1489/769 1033/1496/776 1034/1497/777
f 1035/1498/778 1030/1493/773 1028/1491/771
f 1034/1497/777 1036/1499/779 1029/1492/772
f 1037/1500/780 1036/1499/779 1038/1501/781
f 1036/1499/779 1039/1502/782 1038/1501/781
f 1039/1502/782 1036/1499/779 1040/1503/783
f 1036/1499/779 1041/1504/784 1040/1503/783
f 1036/1499/779 1034/1497/777 1042/1505/785
f 1041/1504/784 1036/1499/779 1042/1505/785
f 1033/1496/776 1042/1505/785 1034/1497/777
f 1042/1505/785 1043/1506/786 1041/1504/784
f 1042/1505/785 1033/1496/776 1044/1507/787
f 1043/1506/786 1042/1505/785 1044/1507/787
f 251/788/301 252/789/302 1044/1507/787
f 1044/1507/787 1033/1496/776 251/788/301
f 1044/1507/787 254/791/304 253/790/303
f 253/790/303 1043/1506/786 1044/1507/787
f 910/1373/667 1045/1508/788 909/1372/666
f 1046/1509/789 1047/1510/790 1048/1511/791
f 1046/1509/789 1048/1511/791 1049/1512/792
f 1049/1512/792 1048/1511/791 1050/1513/793
f 1051/1514/794 1049/1512/792 1050/1513/793
f 1049/1512/792 1051/1514/794 1052/1515/795
f 1053/1516/796 1054/1517/797 1055/1518/798
f 1054/1517/797 1053/1516/796 1056/1519/799
f 967/1430/719 1057/1520/799 1058/1521/796
f 1057/1520/799 967/1430/719 965/1428/717
f 946/1409/699 887/1350/644 901/1364/658
f 887/1350/644 946/1409/699 826/1289/589
f 921/1384/678 1059/1522/693 922/1385/679
f 871/1334/628 872/1335/629 875/1338/632
f 875/1338/632 832/1295/595 871/1334/628
f 832/1295/595 875/1338/632 879/1342/636
f 879/1342/636 831/1294/594 832/1295/595
f 831/1294/594 879/1342/636 882/1345/639
f 883/1346/640 831/1294/594 882/1345/639
f 831/1294/594 883/1346/640 825/1288/588
f 887/1350/644 825/1288/588 883/1346/640
f 825/1288/588 887/1350/644 826/1289/589
f 961/1424/713 1060/1523/800 1061/1524/801
f 1060/1523/800 961/1424/713 960/1423/712
f 960/1423/712 1062/1525/802 1060/1523/800
f 1062/1525/802 960/1423/712 958/1421/710
f 1063/1526/803 1062/1525/802 1045/1508/788
f 958/1421/710 1045/1508/788 1062/1525/802
f 1045/1508/788 958/1421/710 1064/1527/804
f 958/1421/710 908/1371/665 1064/1527/804
f 958/1421/710 903/1366/660 908/1371/665
f 903/1366/660 958/1421/710 956/1419/708
f 955/1418/707 903/1366/660 956/1419/708
f 903/1366/660 955/1418/707 900/1363/657
f 955/1418/707 901/1364/658 900/1363/657
f 901/1364/658 955/1418/707 946/1409/699
f 1065/1528/805 1066/1529/806 1067/1530/807
f 1066/1529/806 1068/1531/808 1067/1530/807
f 1069/1532/809 1070/1533/810 1071/1534/811
f 1072/1535/812 1070/1533/810 1069/1532/809
f 997/1460/747 1073/1536/813 998/1461/748
f 1073/1536/813 1000/1463/750 998/1461/748
f 1000/1463/750 1073/1536/813 1074/1537/814
f 1074/1537/814 1075/1538/815 1000/1463/750
f 1075/1538/815 1074/1537/814 1076/1539/816
f 1075/1538/815 1076/1539/816 1077/1540/817
f 953/1416/705 1078/1541/809 951/1414/704
f 963/1426/715 1078/1541/809 953/1416/705
f 1078/1541/809 963/1426/715 1079/1542/813
f 961/1424/713 1079/1542/813 963/1426/715
f 1079/1542/813 961/1424/713 1080/1543/814
f 1061/1524/801 1080/1543/814 961/1424/713
f 1080/1543/814 1061/1524/801 1081/1544/816
f 1046/1509/789 1082/1545/818 1047/1510/790
f 1082/1545/818 1046/1509/789 1083/1546/819
f 1084/1547/820 1085/1548/818 1086/1549/819
f 1086/1549/819 1087/1550/821 1084/1547/820
f 1087/1550/821 1086/1549/819 1088/1551/822
f 1088/1551/822 1089/1552/823 1087/1550/821
f 1088/1551/822 1090/1553/824 1089/1552/823
f 1091/1554/825 1092/1555/826 1093/1556/827
f 1092/1555/826 1091/1554/825 1094/1557/828
f 1095/1558/746 1094/1557/828 1091/1554/825
f 1094/1557/828 1095/1558/746 1096/1559/829
f 1097/1560/738 1096/1559/829 1095/1558/746
f 1097/1560/738 1008/1471/756 1096/1559/829
f 1006/1469/754 1096/1559/829 1008/1471/756
f 1006/1469/754 1007/1470/755 1098/1561/830
f 1038/1501/781 1039/1502/782 1099/1562/831
f 1100/1563/832 1038/1501/781 1099/1562/831
f 1101/1564/833 1102/1565/834 1030/1493/780
f 1103/1566/835 1030/1493/780 1102/1565/834
f 1037/1500/780 1104/1567/835 1105/1568/768
f 1106/1569/836 1105/1568/768 1104/1567/835
f 1025/1488/768 1107/1570/836 1020/1483/766
f 1107/1570/836 1019/1482/765 1020/1483/766
f 1019/1482/765 1107/1570/836 1108/1571/837
f 1108/1571/837 1017/1480/763 1019/1482/765
f 1109/1572/838 1110/1573/837 947/1410/700
f 1018/1481/764 1017/1480/763 1111/1574/700
f 317/854/357 320/857/360 1112/1575/839
f 1112/1575/839 1113/1576/840 317/854/357
f 1113/1576/840 1112/1575/839 1114/1577/841
f 322/859/362 323/860/363 995/1458/745
f 995/1458/745 1112/1575/839 322/859/362
f 1112/1575/839 1115/1578/827 1114/1577/841
f 996/1459/746 1112/1575/839 995/1458/745
f 1115/1578/827 1112/1575/839 1116/1579/825
f 1112/1575/839 996/1459/746 1116/1579/825
f 1117/1580/842 1118/1581/826 1119/1582/828
f 1120/1583/843 1117/1580/842 1119/1582/828
f 1117/1580/842 1120/1583/843 1121/1584/802
f 1120/1583/843 1122/1585/844 1121/1584/802
f 1122/1585/844 1120/1583/843 1123/1586/845
f 1124/1587/846 1125/1588/847 1126/1589/848
f 1125/1588/847 1124/1587/846 1127/1590/849
f 1128/1591/850 1129/1592/851 1130/1593/849
f 877/1340/634 874/1337/631 1131/1594/852
f 1090/1553/824 1132/1595/853 1089/1552/823
f 1133/1596/854 1134/1597/821 1135/1598/855
f 874/1337/631 1136/1599/856 1131/1594/852
f 1134/1597/821 1133/1596/854 1137/1600/857
f 1138/1601/856 1139/1602/631 1140/1603/858
f 1137/1600/857 1141/1604/820 1134/1597/821
f 873/1336/630 1142/1605/859 1136/1599/856
f 1141/1604/820 1137/1600/857 1143/1606/860
f 1142/1605/859 873/1336/630 867/1330/624
f 1144/1607/861 1145/1608/862 1146/1609/624
f 1147/1610/863 1148/1611/820 1149/1612/860
f 1145/1608/862 1144/1607/861 1150/1613/864
f 1148/1611/820 1147/1610/863 1082/1545/818
f 1147/1610/863 1047/1510/790 1082/1545/818
f 1144/1607/861 1151/1614/865 1150/1613/864
f 1152/1615/866 1153/1616/863 1154/1617/867
f 1151/1614/865 1144/1607/861 1155/1618/868
f 1154/1617/867 1156/1619/869 1152/1615/866
f 1157/1620/614 1151/1614/865 1155/1618/868
f 1156/1619/869 1154/1617/867 1158/1621/870
f 1151/1614/865 1157/1620/614 1159/1622/871
f 1158/1621/870 1160/1623/872 1156/1619/869
f 1157/1620/614 1161/1624/873 1159/1622/871
f 1160/1623/872 1158/1621/870 1162/1625/874
f 1161/1624/873 1157/1620/614 1163/1626/615
f 1162/1625/874 1164/1627/794 1160/1623/872
f 855/1318/615 1165/1628/875 1166/1629/873
f 1164/1627/794 1162/1625/874 1167/1630/876
f 1168/1631/875 1169/1632/615 860/1323/617
f 1167/1630/876 1170/1633/796 1164/1627/794
f 860/1323/617 1171/1634/877 1168/1631/875
f 1053/1516/796 1172/1635/876 1173/1636/878
f 1171/1634/877 860/1323/617 859/1322/619
f 1174/1637/879 967/1430/719 1058/1521/796
f 1175/1638/880 1176/1639/599 1177/1640/694
f 1177/1640/694 1178/1641/782 1175/1638/880
f 1179/1642/881 1180/1643/882 1181/1644/883
f 1181/1644/883 1182/1645/884 1179/1642/881
f 1183/1646/881 1184/1647/885 1185/1648/406
f 1185/1648/406 1186/1649/882 1183/1646/881
f 1187/1650/886 1188/1651/887 1189/1652/888
f 1189/1652/888 1190/1653/889 1187/1650/886
f 1191/1654/890 1192/1655/415 1193/1656/891
f 1193/1656/891 1194/1657/892 1191/1654/890
f 1195/1658/893 1196/1659/406 1197/1660/5
f 1197/1660/5 1198/1661/894 1195/1658/893
f 1199/1662/895 1200/1663/896 1201/1664/897
f 1201/1664/897 1202/1665/898 1199/1662/895
f 1203/1666/899 1204/1667/900 1205/1668/901
f 1205/1668/901 1206/1669/902 1203/1666/899
f 1198/1661/894 1197/1660/5 1207/1670/415
f 1207/1670/415 1208/1671/890 1198/1661/894
f 1209/1672/903 1210/1673/904 1211/1674/905
f 1211/1674/905 1212/1675/906 1209/1672/903
f 1212/1675/906 1211/1674/905 1213/1676/907
f 1213/1676/907 1214/1677/908 1212/1675/906
f 1214/1677/908 1213/1676/907 1215/1678/909
f 1215/1678/909 1216/1679/910 1214/1677/908
f 1216/1679/910 1215/1678/909 1210/1673/904
f 1210/1673/904 1209/1672/903 1216/1679/910
f 1209/1672/903 1217/1680/911 1218/1681/912
f 1218/1681/912 1216/1679/910 1209/1672/903
f 428/965/435 1216/1679/910 1218/1681/912
f 1218/1681/912 429/966/436 428/965/435
f 1219/1682/913 1220/1683/914 1221/1684/915
f 1222/1685/915 1223/1686/916 1214/1677/908
f 1223/1686/916 1222/1685/915 1224/1687/917
f 1224/1687/917 1225/1688/918 1223/1686/916
f 437/974/444 1225/1688/918 1224/1687/917
f 1224/1687/917 438/975/445 437/974/444
f 1216/1679/910 1226/1689/919 1227/1690/914
f 1227/1690/914 1214/1677/908 1216/1679/910
f 1228/1691/920 1229/1692/921 1230/1693/922
f 1230/1693/922 1231/1694/923 1228/1691/920
f 1232/1695/923 1233/1696/922 1234/1697/924
f 1234/1697/924 1235/1698/925 1232/1695/923
f 449/986/453 1235/1698/925 1234/1697/924
f 1234/1697/924 450/987/454 449/986/453
f 1236/1699/926 1237/1700/927 1238/1701/921
f 1238/1701/921 1239/1702/920 1236/1699/926
f 1240/1703/928 1241/1704/929 1242/1705/930
f 1242/1705/930 1243/1706/931 1240/1703/928
f 1244/1707/932 1245/1708/930 1246/1709/933
f 1246/1709/933 1247/1710/934 1244/1707/932
f 1248/1711/934 1249/1712/935 1250/1713/936
f 1250/1713/936 1251/1714/937 1248/1711/934
f 1252/1715/937 1253/1716/938 1254/1717/929
f 1254/1717/929 1255/1718/939 1252/1715/937
f 1256/1719/940 1257/1720/941 1258/1721/942
f 1258/1721/942 1259/1722/943 1256/1719/940
f 475/1012/473 1260/1723/944 1261/1724/942
f 1261/1724/942 476/1013/474 475/1012/473
f 1214/1677/908 1223/1686/916 1262/1725/881
f 1262/1725/881 1263/1726/945 1214/1677/908
f 1264/1727/885 1225/1688/918 437/974/444
f 437/974/444 482/1019/477 1264/1727/885
f 1265/1728/946 1266/1729/906 1194/1657/947
f 1267/1730/947 1268/1731/948 1209/1672/903
f 1223/1686/916 1225/1688/918 1264/1727/885
f 1264/1727/885 1262/1725/881 1223/1686/916
f 1212/1675/906 1214/1677/908 1263/1726/945
f 1182/1645/945 1269/1732/947 1270/1733/906
f 1240/1703/928 1243/1706/931 1271/1734/905
f 1211/1674/905 1210/1673/904 1272/1735/939
f 1273/1736/931 1274/1737/934 1213/1676/907
f 1213/1676/907 1211/1674/905 1273/1736/931
f 1274/1737/934 1275/1738/937 1215/1678/909
f 1215/1678/909 1213/1676/907 1274/1737/934
f 1275/1738/937 1272/1735/939 1210/1673/904
f 1210/1673/904 1215/1678/909 1275/1738/937
f 1276/1739/940 1277/1740/949 1218/1681/912
f 1218/1681/912 1217/1680/911 1276/1739/940
f 1277/1740/949 496/1033/480 429/966/436
f 429/966/436 1218/1681/912 1277/1740/949
f 1278/1741/920 1279/1742/923 1222/1685/915
f 1221/1684/915 1220/1683/914 1228/1691/950
f 1279/1742/923 1280/1743/925 1224/1687/917
f 1224/1687/917 1222/1685/915 1279/1742/923
f 1224/1687/917 1280/1743/925 500/1037/453
f 500/1037/453 438/975/445 1224/1687/917
f 1236/1699/926 1239/1702/920 1281/1744/914
f 1281/1744/914 1282/1745/951 1236/1699/926
f 1269/1732/947 1199/1662/895 1202/1665/898
f 1202/1665/898 1283/1746/952 1269/1732/947
f 1208/1671/890 1284/1747/898 1285/1748/953
f 1285/1748/953 1198/1661/894 1208/1671/890
f 1286/1749/894 1287/1750/954 1288/1751/955
f 1288/1751/955 1289/1752/956 1286/1749/894
f 1182/1645/945 1200/1663/896 1199/1662/895
f 1199/1662/895 1269/1732/947 1182/1645/945
f 1290/1753/957 1291/1754/958 1292/1755/959
f 1292/1755/959 1293/1756/960 1290/1753/957
f 1294/1757/961 1295/1758/962 1296/1759/963
f 1296/1759/963 1297/1760/964 1294/1757/961
f 1298/1761/965 1299/1762/966 1300/1763/967
f 1300/1763/967 1301/1764/968 1298/1761/965
f 522/1059/500 1302/1765/969 1303/1766/970
f 1303/1766/970 523/1060/501 522/1059/500
f 1304/1767/971 1305/1768/972 1303/1766/970
f 1303/1766/970 1302/1765/969 1304/1767/971
f 1306/1769/973 1307/1770/974 1308/1771/975
f 1308/1771/975 529/1066/506 528/1065/506
f 1306/1769/973 1308/1771/975 528/1065/506
f 1309/1772/976 1310/1773/977 1311/1774/978
f 1311/1774/978 1312/1775/979 1309/1772/976
f 1297/1760/964 1290/1753/957 1293/1756/960
f 1293/1756/960 1294/1757/961 1297/1760/964
f 1294/1757/961 1293/1756/960 1292/1755/959
f 1292/1755/959 1313/1776/980 1294/1757/961
f 1313/1776/980 1292/1755/959 1291/1754/958
f 1291/1754/958 1314/1777/981 1313/1776/980
f 1315/1778/982 1316/1779/958 541/1078/518
f 541/1078/518 540/1077/517 1315/1778/982
f 551/1080/519 1323/1780/983 1324/1781/984
f 1324/1781/984 552/1081/519 551/1080/519
f 1323/1780/983 1329/1782/985 1330/1783/986
f 1330/1783/986 1324/1781/984 1323/1780/983
f 1333/1784/1 1334/1785/1 1335/1786/527
f 1335/1786/527 1336/1787/987 1333/1784/1
f 1337/1788/527 1338/1789/527 1339/1790/526
f 1339/1790/526 1340/1791/526 1337/1788/527
f 1340/1791/526 1339/1790/526 1341/1792/525
f 1341/1792/525 1342/1793/525 1340/1791/526
f 1342/1793/525 1341/1792/525 1343/1794/524
f 1343/1794/524 1344/1795/524 1342/1793/525
f 1345/1796/524 1346/1797/524 1347/1798/8
f 1347/1798/8 1348/1799/8 1345/1796/524
f 1348/1799/8 1347/1798/8 1349/1800/531
f 1349/1800/531 1350/1801/531 1348/1799/8
f 1351/1802/531 1352/1803/531 1353/1804/530
f 1353/1804/530 1354/1805/530 1351/1802/531
f 1354/1805/530 1353/1804/530 1355/1806/529
f 1355/1806/529 1356/1807/529 1354/1805/530
f 1356/1807/529 1355/1806/529 1357/1808/528
f 1357/1808/528 1358/1809/528 1356/1807/529
f 1359/1810/528 1360/1811/528 1334/1785/1
f 1334/1785/1 1333/1784/1 1359/1810/528
f 1371/1812/1 1372/1813/1 1373/1814/527
f 1373/1814/527 1374/1815/527 1371/1812/1
f 1375/1816/527 1376/1817/527 1377/1818/526
f 1377/1818/526 1378/1819/526 1375/1816/527
f 1378/1819/526 1377/1818/526 1379/1820/525
f 1379/1820/525 1380/1821/525 1378/1819/526
f 1380/1821/525 1379/1820/525 1381/1822/524
f 1381/1822/524 1382/1823/524 1380/1821/525
f 1383/1824/524 1384/1825/988 1385/1826/8
f 1385/1826/8 1386/1827/8 1383/1824/524
f 1386/1827/8 1385/1826/8 1387/1828/531
f 1387/1828/531 1388/1829/989 1386/1827/8
f 1389/1830/531 1390/1831/531 1391/1832/530
f 1391/1832/530 1392/1833/530 1389/1830/531
f 1392/1833/530 1391/1832/530 1393/1834/529
f 1393/1834/529 1394/1835/529 1392/1833/530
f 1394/1835/529 1393/1834/529 1395/1836/528
f 1395/1836/528 1396/1837/528 1394/1835/529
f 1397/1838/528 1398/1839/990 1372/1813/1
f 1372/1813/1 1371/1812/1 1397/1838/528
f 1409/1840/540 1410/1841/540 1411/1842/538
f 1411/1842/538 1412/1843/538 1409/1840/540
f 1413/1844/538 1414/1845/538 1415/1846/537
f 1415/1846/537 1416/1847/537 1413/1844/538
f 1416/1847/537 1415/1846/537 1417/1848/536
f 1417/1848/536 1418/1849/536 1416/1847/537
f 1418/1849/536 1417/1848/536 1419/1850/534
f 1419/1850/534 1420/1851/534 1418/1849/536
f 1421/1852/534 1422/1853/534 1423/1854/533
f 1423/1854/533 1424/1855/533 1421/1852/534
f 1424/1855/533 1423/1854/533 1425/1856/544
f 1425/1856/544 1426/1857/544 1424/1855/533
f 1427/1858/544 1428/1859/544 1429/1860/543
f 1429/1860/543 1430/1861/543 1427/1858/544
f 1430/1861/543 1429/1860/543 1431/1862/542
f 1431/1862/542 1432/1863/542 1430/1861/543
f 1432/1863/542 1431/1862/542 1433/1864/541
f 1433/1864/541 1434/1865/541 1432/1863/542
f 1435/1866/541 1436/1867/541 1410/1841/540
f 1410/1841/540 1409/1840/540 1435/1866/541
f 1447/1868/540 1448/1869/540 1449/1870/538
f 1449/1870/538 1450/1871/538 1447/1868/540
f 1451/1872/538 1452/1873/545 1453/1874/537
f 1453/1874/537 1454/1875/537 1451/1872/538
f 1454/1875/537 1453/1874/537 1455/1876/536
f 1455/1876/536 1456/1877/536 1454/1875/537
f 1456/1877/536 1455/1876/536 1457/1878/534
f 1457/1878/534 1458/1879/534 1456/1877/536
f 1459/1880/534 1460/1881/534 1461/1882/533
f 1461/1882/533 1462/1883/533 1459/1880/534
f 1462/1883/533 1461/1882/533 1463/1884/544
f 1463/1884/544 1464/1885/544 1462/1883/533
f 1465/1886/544 1466/1887/544 1467/1888/543
f 1467/1888/543 1468/1889/543 1465/1886/544
f 1468/1889/543 1467/1888/543 1469/1890/542
f 1469/1890/542 1470/1891/542 1468/1889/543
f 1470/1891/542 1469/1890/542 1471/1892/541
f 1471/1892/541 1472/1893/541 1470/1891/542
f 1473/1894/541 1474/1895/991 1448/1869/540
f 1448/1869/540 1447/1868/540 1473/1894/541
f 1485/1896/540 1486/1897/540 1487/1898/538
f 1487/1898/538 1488/1899/538 1485/1896/540
f 1489/1900/538 1490/1901/538 1491/1902/537
f 1491/1902/537 1492/1903/537 1489/1900/538
f 1492/1903/537 1491/1902/537 1493/1904/536
f 1493/1904/536 1494/1905/536 1492/1903/537
f 1494/1905/536 1493/1904/536 1495/1906/534
f 1495/1906/534 1496/1907/534 1494/1905/536
f 1497/1908/534 1498/1909/534 1499/1910/533
f 1499/1910/533 1500/1911/533 1497/1908/534
f 1500/1911/533 1499/1910/533 1501/1912/544
f 1501/1912/544 1502/1913/544 1500/1911/533
f 1503/1914/544 1504/1915/544 1505/1916/543
f 1505/1916/543 1506/1917/543 1503/1914/544
f 1506/1917/543 1505/1916/543 1507/1918/542
f 1507/1918/542 1508/1919/542 1506/1917/543
f 1508/1919/542 1507/1918/542 1509/1920/541
f 1509/1920/541 1510/1921/541 1508/1919/542
f 1511/1922/541 1512/1923/992 1486/1897/540
f 1486/1897/540 1485/1896/540 1511/1922/541
f 755/1226/546 23/560/88 844/1307/606
f 756/1227/547 104/641/163 924/1387/681
f 149/686/203 964/1427/716 966/1429/718
f 966/1429/718 757/1228/548 149/686/203
f 155/692/209 968/1431/720 970/1433/722
f 970/1433/722 758/1229/549 155/692/209
f 193/730/247 178/715/233 988/1451/739
f 759/1230/550 758/1229/549 970/1433/722
f 759/1230/550 970/1433/722 990/1453/741
f 990/1453/741 180/717/235 759/1230/550
f 181/718/236 990/1453/741 991/1454/742
f 991/1454/742 183/720/238 181/718/236
f 760/1231/241 184/721/239 992/1455/743
f 188/725/242 993/1456/743 994/1457/744
f 994/1457/744 190/727/244 188/725/242
f 177/714/232 191/728/245 989/1452/740
f 323/860/363 193/730/247 995/1458/745
f 22/559/87 761/1232/551 1009/1472/757
f 1009/1472/757 843/1306/605 22/559/87
f 761/1232/551 762/1233/552 1009/1472/757
f 762/1233/552 763/1234/553 1009/1472/757
f 763/1234/553 210/747/263 1010/1473/758
f 1010/1473/758 1009/1472/757 763/1234/553
f 209/746/262 764/1235/554 1010/1473/758
f 764/1235/554 215/752/266 1011/1474/759
f 1011/1474/759 1010/1473/758 764/1235/554
f 765/1236/265 218/755/269 1014/1477/760
f 1014/1477/760 1012/1475/759 765/1236/265
f 217/754/268 220/757/271 1014/1477/760
f 1031/1494/774 1032/1495/775 766/1237/555
f 766/1237/555 238/775/288 1031/1494/774
f 237/774/287 241/778/291 1033/1496/776
f 1033/1496/776 1031/1494/774 237/774/287
f 240/777/290 251/788/301 1033/1496/776
f 252/789/302 254/791/304 1044/1507/787
f 767/1238/556 317/854/357 1113/1576/840
f 320/857/360 322/859/362 1112/1575/839
f 1184/1647/885 769/1240/477 768/1239/406
f 768/1239/406 1185/1648/406 1184/1647/885
f 770/1241/4 771/1242/4 1206/1669/902
f 1206/1669/902 1205/1668/901 770/1241/4
f 1192/1655/415 773/1244/415 772/1243/557
f 772/1243/557 1193/1656/891 1192/1655/415
f 1197/1660/5 775/1246/5 774/1245/415
f 774/1245/415 1207/1670/415 1197/1660/5
f 1196/1659/406 780/1247/406 775/1246/5
f 775/1246/5 1197/1660/5 1196/1659/406
f 781/1248/558 782/1249/559 1217/1680/911
f 1217/1680/911 1209/1672/903 781/1248/558
f 1216/1679/910 428/965/435 783/1250/560
f 783/1250/560 1226/1689/919 1216/1679/910
f 1236/1699/926 785/1252/562 784/1251/561
f 784/1251/561 1237/1700/927 1236/1699/926
f 786/1253/563 789/1256/565 1525/1924/941
f 1525/1924/941 1526/1925/993 786/1253/563
f 1268/1731/948 790/1257/557 781/1248/558
f 781/1248/558 1209/1672/903 1268/1731/948
f 782/1249/559 791/1258/563 1276/1739/940
f 1276/1739/940 1217/1680/911 782/1249/559
f 1282/1745/951 792/1259/566 785/1252/562
f 785/1252/562 1236/1699/926 1282/1745/951
f 1529/1926/994 800/1263/4 799/1262/569
f 799/1262/569 1530/1927/995 1529/1926/994
f 1315/1778/982 540/1077/517 802/1265/3
f 802/1265/3 1531/1928/996 1315/1778/982
f 1532/1929/997 806/1269/5 805/1268/5
f 805/1268/5 1533/1930/997 1532/1929/997
f 799/1262/569 808/1271/573 1534/1931/998
f 1534/1931/998 1530/1927/995 799/1262/569
f 809/1272/574 810/1273/575 1305/1768/972
f 1305/1768/972 1304/1767/971 809/1272/574
f 1535/1932/999 1536/1933/1000 1537/1934/1001
f 1537/1934/1001 1538/1935/1002 1535/1932/999
f 817/1280/582 816/1279/581 1539/1936/1003
f 817/1280/582 1539/1936/1003 1540/1937/1004
f 819/1282/584 817/1280/582 1540/1937/1004
f 1541/1938/964 823/1286/586 822/1285/585
f 822/1285/585 1542/1939/957 1541/1938/964
f 13/550/79 18/555/83 1543/1940/1005
f 1543/1940/1005 1544/1941/1006 13/550/79
f 18/555/83 19/556/84 1545/1942/1007
f 1545/1942/1007 1543/1940/1005 18/555/83
f 19/556/84 21/558/86 1546/1943/1008
f 1546/1943/1008 1545/1942/1007 19/556/84
f 21/558/86 755/1226/546 1547/1944/1009
f 1547/1944/1009 1546/1943/1008 21/558/86
f 755/1226/546 844/1307/606 1548/1945/1010
f 1548/1945/1010 1547/1944/1009 755/1226/546
f 844/1307/606 842/1305/604 1549/1946/1011
f 1549/1946/1011 1548/1945/1010 844/1307/606
f 842/1305/604 841/1304/603 1550/1947/1012
f 1550/1947/1012 1549/1946/1011 842/1305/604
f 841/1304/603 836/1299/599 1551/1948/1013
f 1551/1948/1013 1550/1947/1012 841/1304/603
f 836/1299/599 1040/1503/783 1552/1949/1014
f 1552/1949/1014 1551/1948/1013 836/1299/599
f 1040/1503/783 1041/1504/784 1553/1950/1015
f 1553/1950/1015 1552/1949/1014 1040/1503/783
f 1554/1951/1016 1555/1952/786 1556/1953/1017
f 1557/1954/1018 1553/1950/1015 1041/1504/784
f 1555/1952/786 1558/1955/303 1559/1956/1019
f 1559/1956/1019 1556/1953/1017 1555/1952/786
f 1558/1955/303 1560/1957/1020 1561/1958/1021
f 1561/1958/1021 1559/1956/1019 1558/1955/303
f 249/786/299 247/784/297 1562/1959/1022
f 1563/1960/1022 1561/1958/1021 1560/1957/1020
f 247/784/297 246/783/296 1564/1961/1023
f 1564/1961/1023 1562/1959/1022 247/784/297
f 246/783/296 13/550/79 1544/1941/1006
f 1544/1941/1006 1564/1961/1023 246/783/296
f 1544/1941/1006 1543/1940/1005 1565/1962/1024
f 1565/1962/1024 1566/1963/1025 1544/1941/1006
f 1543/1940/1005 1545/1942/1007 1567/1964/1026
f 1567/1964/1026 1565/1962/1024 1543/1940/1005
f 1545/1942/1007 1546/1943/1008 1568/1965/1027
f 1568/1965/1027 1567/1964/1026 1545/1942/1007
f 1546/1943/1008 1547/1944/1009 1569/1966/1028
f 1569/1966/1028 1568/1965/1027 1546/1943/1008
f 1547/1944/1009 1548/1945/1010 1570/1967/1029
f 1570/1967/1029 1569/1966/1028 1547/1944/1009
f 1548/1945/1010 1549/1946/1011 1571/1968/1030
f 1571/1968/1030 1570/1967/1029 1548/1945/1010
f 1549/1946/1011 1550/1947/1012 1572/1969/1031
f 1572/1969/1031 1571/1968/1030 1549/1946/1011
f 1550/1947/1012 1551/1948/1013 1573/1970/1032
f 1573/1970/1032 1572/1969/1031 1550/1947/1012
f 1574/1971/1033 1575/1972/1034 1576/1973/1035
f 1576/1973/1035 1577/1974/1036 1574/1971/1033
f 1578/1975/1037 1579/1976/1015 1580/1977/1038
f 1580/1977/1038 1581/1978/1039 1578/1975/1037
f 1579/1976/1015 1556/1953/1017 1582/1979/1040
f 1582/1979/1040 1580/1977/1038 1579/1976/1015
f 1556/1953/1017 1559/1956/1019 1583/1980/1041
f 1583/1980/1041 1582/1979/1040 1556/1953/1017
f 1559/1956/1019 1561/1958/1021 1584/1981/1042
f 1584/1981/1042 1583/1980/1041 1559/1956/1019
f 1561/1958/1021 1563/1960/1022 1585/1982/1043
f 1585/1982/1043 1584/1981/1042 1561/1958/1021
f 1563/1960/1022 1586/1983/1044 1587/1984/1045
f 1587/1984/1045 1585/1982/1043 1563/1960/1022
f 1588/1985/1046 1589/1986/1047 1590/1987/1048
f 1590/1987/1048 1591/1988/1049 1588/1985/1046
f 1592/1989/182 1593/1990/1050 1594/1991/1051
f 1594/1991/1051 1595/1992/1052 1592/1989/182
f 1593/1990/1050 1596/1993/1053 1597/1994/1054
f 1597/1994/1054 1594/1991/1051 1593/1990/1050
f 1596/1993/1053 1598/1995/349 1599/1996/1055
f 1599/1996/1055 1597/1994/1054 1596/1993/1053
f 1598/1995/349 1592/1989/182 1595/1992/1052
f 1595/1992/1052 1599/1996/1055 1598/1995/349
f 1600/1997/1056 1601/1998/1057 1602/1999/1058
f 1602/1999/1058 1603/2000/1059 1600/1997/1056
f 1601/1998/1057 1102/1565/834 1604/2001/1060
f 1604/2001/1060 1602/1999/1058 1601/1998/1057
f 1102/1565/834 1605/2002/1061 1606/2003/1062
f 1606/2003/1062 1604/2001/1060 1102/1565/834
f 1605/2002/1061 1600/1997/1056 1603/2000/1059
f 1603/2000/1059 1606/2003/1062 1605/2002/1061
f 1595/1992/1052 1594/1991/1051 1607/2004/1063
f 1607/2004/1063 1608/2005/1064 1595/1992/1052
f 1594/1991/1051 1597/1994/1054 1609/2006/1065
f 1609/2006/1065 1607/2004/1063 1594/1991/1051
f 1597/1994/1054 1599/1996/1055 1610/2007/1066
f 1610/2007/1066 1609/2006/1065 1597/1994/1054
f 1599/1996/1055 1595/1992/1052 1608/2005/1064
f 1608/2005/1064 1610/2007/1066 1599/1996/1055
f 1603/2000/1059 1602/1999/1058 1611/2008/1067
f 1611/2008/1067 1612/2009/1068 1603/2000/1059
f 1602/1999/1058 1604/2001/1060 1613/2010/1069
f 1613/2010/1069 1611/2008/1067 1602/1999/1058
f 1604/2001/1060 1606/2003/1062 1614/2011/1070
f 1614/2011/1070 1613/2010/1069 1604/2001/1060
f 1606/2003/1062 1603/2000/1059 1612/2009/1068
f 1612/2009/1068 1614/2011/1070 1606/2003/1062
f 1615/2012/186 1592/1989/182 1616/2013/1071
f 1616/2013/1071 1617/2014/1072 1615/2012/186
f 1592/1989/182 1598/1995/349 1618/2015/1073
f 1618/2015/1073 1616/2013/1071 1592/1989/182
f 1598/1995/349 1619/2016/350 1620/2017/1074
f 1620/2017/1074 1618/2015/1073 1598/1995/349
f 1619/2016/350 315/852/351 1621/2018/1075
f 1621/2018/1075 1620/2017/1074 1619/2016/350
f 315/852/351 1622/2019/356 1623/2020/1076
f 1623/2020/1076 1621/2018/1075 315/852/351
f 1622/2019/356 1615/2012/186 1617/2014/1072
f 1617/2014/1072 1623/2020/1076 1622/2019/356
f 1601/1998/1057 1111/1574/704 1624/2021/1077
f 1624/2021/1077 1625/2022/1078 1601/1998/1057
f 1111/1574/704 1108/1571/837 1626/2023/1079
f 1626/2023/1079 1624/2021/1077 1111/1574/704
f 1108/1571/837 1107/1570/836 1627/2024/1080
f 1627/2024/1080 1626/2023/1079 1108/1571/837
f 1107/1570/836 1103/1566/835 1628/2025/1081
f 1628/2025/1081 1627/2024/1080 1107/1570/836
f 1103/1566/835 1102/1565/834 1629/2026/1082
f 1629/2026/1082 1628/2025/1081 1103/1566/835
f 1102/1565/834 1601/1998/1057 1625/2022/1078
f 1625/2022/1078 1629/2026/1082 1102/1565/834
f 1630/2027/1083 1631/2028/1084 1632/2029/1085
f 1632/2029/1085 1633/2030/1086 1630/2027/1083
f 1634/2031/1087 1635/2032/1088 1636/2033/1089
f 1636/2033/1089 1637/2034/1090 1634/2031/1087
f 1638/2035/1091 1639/2036/1092 1640/2037/1093
f 1640/2037/1093 1641/2038/1094 1638/2035/1091
f 1639/2036/1092 1642/2039/1095 1643/2040/1096
f 1643/2040/1096 1640/2037/1093 1639/2036/1092
f 1642/2039/1095 1644/2041/1097 1645/2042/1098
f 1645/2042/1098 1643/2040/1096 1642/2039/1095
f 1646/2043/1097 1647/2044/1099 1648/2045/1100
f 1649/2046/1101 1645/2042/1098 1644/2041/1097
f 1650/2047/1102 1651/2048/1103 1652/2049/1104
f 1652/2049/1104 1653/2050/1105 1650/2047/1102
f 1624/2021/1077 1626/2023/1079 1654/2051/1106
f 1655/2052/1107 1656/2053/1108 1657/2054/1109
f 1626/2023/1079 1627/2024/1080 1658/2055/1110
f 1658/2055/1110 1654/2051/1106 1626/2023/1079
f 1627/2024/1080 1628/2025/1081 1659/2056/1111
f 1659/2056/1111 1658/2055/1110 1627/2024/1080
f 1628/2025/1081 1629/2026/1082 1660/2057/1112
f 1660/2057/1112 1659/2056/1111 1628/2025/1081
f 1661/2058/1113 1662/2059/1114 1663/2060/1115
f 1663/2060/1115 1664/2061/1116 1661/2058/1113
f 154/691/208 153/690/207 1665/2062/1117
f 1665/2062/1117 1666/2063/1118 154/691/208
f 153/690/207 156/693/210 1667/2064/1119
f 1667/2064/1119 1665/2062/1117 153/690/207
f 156/693/210 158/695/212 1668/2065/1120
f 1668/2065/1120 1667/2064/1119 156/693/210
f 158/695/212 160/697/214 1669/2066/1121
f 1669/2066/1121 1668/2065/1120 158/695/212
f 160/697/214 227/764/273 1670/2067/1122
f 1670/2067/1122 1669/2066/1121 160/697/214
f 227/764/273 232/769/282 1671/2068/1123
f 1671/2068/1123 1670/2067/1122 227/764/273
f 232/769/282 236/773/286 1672/2069/1124
f 1672/2069/1124 1671/2068/1123 232/769/282
f 236/773/286 766/1237/555 1673/2070/1125
f 1673/2070/1125 1672/2069/1124 236/773/286
f 766/1237/555 1032/1495/775 1674/2071/1126
f 1674/2071/1126 1673/2070/1125 766/1237/555
f 1032/1495/775 1027/1490/770 1675/2072/1127
f 1675/2072/1127 1674/2071/1126 1032/1495/775
f 1027/1490/770 1022/1485/762 1676/2073/1128
f 1676/2073/1128 1675/2072/1127 1027/1490/770
f 1022/1485/762 973/1436/725 1677/2074/1129
f 1677/2074/1129 1676/2073/1128 1022/1485/762
f 973/1436/725 971/1434/723 1678/2075/1130
f 1678/2075/1130 1677/2074/1129 973/1436/725
f 971/1434/723 969/1432/721 1679/2076/1131
f 1679/2076/1131 1678/2075/1130 971/1434/723
f 969/1432/721 968/1431/720 1680/2077/1132
f 1680/2077/1132 1679/2076/1131 969/1432/721
f 968/1431/720 154/691/208 1666/2063/1118
f 1666/2063/1118 1680/2077/1132 968/1431/720
f 1681/2078/1133 1682/2079/1134 1683/2080/1135
f 1683/2080/1135 1684/2081/1133 1681/2078/1133
f 1682/2079/1134 1685/2082/1136 1686/2083/1137
f 1686/2083/1137 1683/2080/1135 1682/2079/1134
f 1685/2082/1136 1687/2084/1138 1688/2085/1139
f 1688/2085/1139 1686/2083/1137 1685/2082/1136
f 1687/2084/1138 1689/2086/1140 1690/2087/1141
f 1690/2087/1141 1688/2085/1139 1687/2084/1138
f 1691/2088/1142 1692/2089/1143 1693/2090/1144
f 1693/2090/1144 1694/2091/1145 1691/2088/1142
f 1695/2092/1146 1696/2093/1147 1697/2094/1148
f 1697/2094/1148 1698/2095/1149 1695/2092/1146
f 1696/2093/1147 1699/2096/1150 1700/2097/1151
f 1700/2097/1151 1697/2094/1148 1696/2093/1147
f 1699/2096/1150 1701/2098/1152 1702/2099/1152
f 1702/2099/1152 1700/2097/1151 1699/2096/1150
f 1701/2098/1152 1703/2100/1153 1704/2101/1154
f 1704/2101/1154 1702/2099/1152 1701/2098/1152
f 1703/2100/1153 1705/2102/1155 1706/2103/1156
f 1706/2103/1156 1704/2101/1154 1703/2100/1153
f 1705/2102/1155 1707/2104/1157 1708/2105/1158
f 1708/2105/1158 1706/2103/1156 1705/2102/1155
f 1709/2106/1159 1710/2107/1160 1711/2108/1161
f 1711/2108/1161 1712/2109/1162 1709/2106/1159
f 1713/2110/1163 1714/2111/1164 1715/2112/1165
f 1715/2112/1165 1716/2113/1166 1713/2110/1163
f 1714/2111/1164 1717/2114/1167 1718/2115/1168
f 1718/2115/1168 1715/2112/1165 1714/2111/1164
f 1717/2114/1167 1719/2116/1169 1720/2117/1170
f 1720/2117/1170 1718/2115/1168 1717/2114/1167
f 1719/2116/1169 1681/2078/1133 1684/2081/1133
f 1684/2081/1133 1720/2117/1170 1719/2116/1169
f 1593/1990/1050 386/923/180 1721/2118/1171
f 1721/2118/1171 1722/2119/1172 1593/1990/1050
f 386/923/180 385/922/400 1723/2120/1173
f 1723/2120/1173 1721/2118/1171 386/923/180
f 385/922/400 1596/1993/1053 1723/2120/1173
f 1596/1993/1053 1593/1990/1050 1722/2119/1172
f 1722/2119/1172 1723/2120/1173 1596/1993/1053
f 1177/1640/694 1600/1997/1056 1724/2121/1174
f 1724/2121/1174 1725/2122/1175 1177/1640/694
f 1600/1997/1056 1605/2002/1061 1726/2123/1176
f 1726/2123/1176 1724/2121/1174 1600/1997/1056
f 1605/2002/1061 1178/1641/782 1726/2123/1176
f 1178/1641/782 1177/1640/694 1725/2122/1175
f 1725/2122/1175 1726/2123/1176 1178/1641/782
f 1727/2124/1172 1728/2125/1177 1729/2126/1178
f 1729/2126/1178 1730/2127/1179 1727/2124/1172
f 1721/2118/1171 1723/2120/1173 1731/2128/1180
f 1731/2128/1180 1732/2129/1178 1721/2118/1171
f 1723/2120/1173 1722/2119/1172 1733/2130/1181
f 1733/2130/1181 1731/2128/1180 1723/2120/1173
f 1734/2131/1175 1735/2132/1174 1736/2133/1182
f 1736/2133/1182 1737/2134/1183 1734/2131/1175
f 1724/2121/1174 1726/2123/1176 1738/2135/1184
f 1738/2135/1184 1739/2136/1185 1724/2121/1174
f 1726/2123/1176 1725/2122/1175 1740/2137/1183
f 1740/2137/1183 1738/2135/1184 1726/2123/1176
f 1741/2138/1186 1742/2139/1186 1743/142/1187
f 1743/142/1187 1744/141/1187 1741/2138/1186
f 1747/2140/671 1748/2141/154 1749/2142/156
f 1749/2142/156 1750/2143/673 1747/2140/671
f 1750/2143/673 1749/2142/156 1751/2144/1188
f 1751/2144/1188 1752/2145/1189 1750/2143/673
f 1753/2146/664 1754/2147/147 1748/2141/154
f 1748/2141/154 1747/2140/671 1753/2146/664
f 1755/2148/663 1756/2149/146 1754/2147/147
f 1754/2147/147 1753/2146/664 1755/2148/663
f 1757/2150/1190 1758/2151/1191 1756/2149/146
f 1756/2149/146 1755/2148/663 1757/2150/1190
f 1759/2152/661 1760/2153/144 1758/2151/1191
f 1758/2151/1191 1757/2150/1190 1759/2152/661
f 1761/2154/1192 1762/2155/1193 1760/2153/144
f 1760/2153/144 1759/2152/661 1761/2154/1192
f 1763/2156/656 1764/2157/139 1762/2155/1193
f 1762/2155/1193 1761/2154/1192 1763/2156/656
f 1765/2158/654 1766/2159/137 1764/2157/139
f 1764/2157/139 1763/2156/656 1765/2158/654
f 1767/2160/652 1768/2161/135 1769/2162/1194
f 1769/2162/1194 1770/2163/1195 1767/2160/652
f 1771/2164/1196 1772/2165/1196 1742/2139/1186
f 1742/2139/1186 1741/2138/1186 1771/2164/1196
f 1773/2166/1197 1774/2167/1197 1772/2165/1196
f 1772/2165/1196 1771/2164/1196 1773/2166/1197
f 1775/2168/1198 1776/2169/1198 1774/2167/1197
f 1774/2167/1197 1773/2166/1197 1775/2168/1198
f 1777/2170/1199 1778/2171/1199 1776/2169/1198
f 1776/2169/1198 1775/2168/1198 1777/2170/1199
f 1779/2172/1200 1780/2173/1200 1778/2171/1199
f 1778/2171/1199 1777/2170/1199 1779/2172/1200
f 1781/2174/1201 1782/2175/1201 1780/2173/1200
f 1780/2173/1200 1779/2172/1200 1781/2174/1201
f 1783/2176/1202 1784/2177/1202 1785/2178/1201
f 1785/2178/1201 1786/2179/1201 1783/2176/1202
f 1801/2180/4 1802/2181/1203 1803/2182/1203
f 1803/2182/1203 1804/2183/4 1801/2180/4
f 1802/2181/1203 1805/2184/1204 1806/2185/1204
f 1806/2185/1204 1803/2182/1203 1802/2181/1203
f 1807/2186/1205 1808/2187/1206 1809/2188/1206
f 1809/2188/1206 1810/2189/1205 1807/2186/1205
f 1808/2187/1206 1811/2190/5 1812/2191/5
f 1812/2191/5 1809/2188/1206 1808/2187/1206
f 1811/2190/5 1813/2192/1207 1814/2193/1207
f 1814/2193/1207 1812/2191/5 1811/2190/5
f 1813/2192/1207 1815/2194/1208 1816/2195/1208
f 1816/2195/1208 1814/2193/1207 1813/2192/1207
f 1817/2196/1209 1818/2197/1210 1819/2198/1210
f 1819/2198/1210 1820/2199/1209 1817/2196/1209
f 1818/2197/1210 1821/2200/1211 1822/2201/1211
f 1822/2201/1211 1819/2198/1210 1818/2197/1210
f 1821/2200/1211 1823/2202/1212 1824/2203/1212
f 1824/2203/1212 1822/2201/1211 1821/2200/1211
f 1823/2202/1212 1825/2204/1213 1826/2205/1213
f 1826/2205/1213 1824/2203/1212 1823/2202/1212
f 1825/2204/1213 1827/2206/1214 1828/2207/1214
f 1828/2207/1214 1826/2205/1213 1825/2204/1213
f 1829/2208/1215 1830/2209/1216 1831/2210/1216
f 1831/2210/1216 1832/2211/1215 1829/2208/1215
f 1830/2209/1216 1801/2180/4 1804/2183/4
f 1804/2183/4 1831/2210/1216 1830/2209/1216
f 1851/2212/1217 1852/2213/1218 1853/2214/1219
f 1853/2214/1219 1854/2215/1 1855/2216/1
f 1855/2216/1 1856/2217/1220 1857/2218/1221
f 1853/2214/1219 1855/2216/1 1857/2218/1221
f 1857/2218/1221 1858/2219/1222 1859/2220/1223
f 1859/2220/1223 1860/2221/1224 1861/2222/1225
f 1857/2218/1221 1859/2220/1223 1861/2222/1225
f 1861/2222/1225 1862/2223/1226 1863/2224/1227
f 1863/2224/1227 1864/2225/1228 1865/2226/1229
f 1861/2222/1225 1863/2224/1227 1865/2226/1229
f 1857/2218/1221 1861/2222/1225 1865/2226/1229
f 1853/2214/1219 1857/2218/1221 1865/2226/1229
f 1865/2226/1229 1866/2227/1230 1867/2228/1231
f 1853/2214/1219 1865/2226/1229 1867/2228/1231
f 1851/2212/1217 1853/2214/1219 1867/2228/1231
f 1868/2229/1232 1851/2212/1217 1867/2228/1231
f 1897/2230/1233 1898/2231/1234 1899/2232/1234
f 1899/2232/1234 1900/2233/1233 1897/2230/1233
f 1898/2231/1234 1901/2234/1235 1902/2235/1235
f 1902/2235/1235 1899/2232/1234 1898/2231/1234
f 1903/2236/1236 1904/2237/1237 1905/2238/1237
f 1905/2238/1237 1906/2239/1236 1903/2236/1236
f 1904/2237/1237 1907/2240/1238 1908/2241/1238
f 1908/2241/1238 1905/2238/1237 1904/2237/1237
f 1907/2240/1238 1909/2242/1239 1910/2243/1239
f 1910/2243/1239 1908/2241/1238 1907/2240/1238
f 1909/2242/1239 1911/2244/1240 1912/2245/1240
f 1912/2245/1240 1910/2243/1239 1909/2242/1239
f 1913/2246/1240 1914/2247/1241 1915/2248/1241
f 1915/2248/1241 1916/2249/1240 1913/2246/1240
f 1914/2247/1241 1917/2250/1242 1918/2251/1242
f 1918/2251/1242 1915/2248/1241 1914/2247/1241
f 1917/2250/1242 1919/2252/1243 1920/2253/1243
f 1920/2253/1243 1918/2251/1242 1917/2250/1242
f 1919/2252/1243 1921/2254/1244 1922/2255/1244
f 1922/2255/1244 1920/2253/1243 1919/2252/1243
f 1921/2254/1244 1923/2256/1245 1924/2257/1245
f 1924/2257/1245 1922/2255/1244 1921/2254/1244
f 1925/2258/1245 1926/2259/1246 1927/2260/1246
f 1927/2260/1246 1928/2261/1245 1925/2258/1245
f 1926/2259/1246 1897/2230/1233 1900/2233/1233
f 1900/2233/1233 1927/2260/1246 1926/2259/1246
f 1929/2262/1247 1930/2263/1248 1851/2212/1217
f 1851/2212/1217 1868/2229/1232 1929/2262/1247
f 1930/2263/1248 1931/2264/1249 1852/2213/1218
f 1852/2213/1218 1851/2212/1217 1930/2263/1248
f 1931/2264/1249 1932/2265/1250 1853/2214/1219
f 1853/2214/1219 1852/2213/1218 1931/2264/1249
f 1933/2266/1251 1934/2267/1252 1857/2218/1221
f 1857/2218/1221 1856/2217/1220 1933/2266/1251
f 1934/2267/1252 1935/2268/1253 1858/2219/1222
f 1858/2219/1222 1857/2218/1221 1934/2267/1252
f 1935/2268/1253 1936/2269/1254 1859/2220/1223
f 1859/2220/1223 1858/2219/1222 1935/2268/1253
f 1936/2269/1254 1937/2270/1255 1860/2221/1224
f 1860/2221/1224 1859/2220/1223 1936/2269/1254
f 1937/2270/1255 1938/2271/1256 1861/2222/1225
f 1861/2222/1225 1860/2221/1224 1937/2270/1255
f 1938/2271/1256 1939/2272/1257 1862/2223/1226
f 1862/2223/1226 1861/2222/1225 1938/2271/1256
f 1939/2272/1257 1940/2273/1258 1863/2224/1227
f 1863/2224/1227 1862/2223/1226 1939/2272/1257
f 1940/2273/1258 1941/2274/1259 1864/2225/1228
f 1864/2225/1228 1863/2224/1227 1940/2273/1258
f 1941/2274/1259 1942/2275/1260 1865/2226/1229
f 1865/2226/1229 1864/2225/1228 1941/2274/1259
f 1942/2275/1260 1943/2276/1261 1866/2227/1230
f 1866/2227/1230 1865/2226/1229 1942/2275/1260
f 1943/2276/1261 1944/2277/1262 1867/2228/1231
f 1867/2228/1231 1866/2227/1230 1943/2276/1261
f 1944/2277/1262 1929/2262/1247 1868/2229/1232
f 1868/2229/1232 1867/2228/1231 1944/2277/1262
f 1945/2278/4 1946/2279/1203 1947/2280/1203
f 1947/2280/1203 1948/2281/4 1945/2278/4
f 1946/2279/1203 1949/2282/1263 1950/2283/1263
f 1950/2283/1263 1947/2280/1203 1946/2279/1203
f 1951/2284/1264 1952/2285/1265 1953/2286/1265
f 1953/2286/1265 1954/2287/1264 1951/2284/1264
f 1952/2285/1265 1955/2288/1266 1956/2289/1266
f 1956/2289/1266 1953/2286/1265 1952/2285/1265
f 1955/2288/1266 1957/2290/1267 1958/2291/1267
f 1958/2291/1267 1956/2289/1266 1955/2288/1266
f 1957/2290/1267 1959/2292/1268 1960/2293/1268
f 1960/2293/1268 1958/2291/1267 1957/2290/1267
f 1959/2292/1268 1961/2294/1269 1962/2295/1269
f 1962/2295/1269 1960/2293/1268 1959/2292/1268
f 1963/2296/1270 1964/2297/1206 1965/2298/1206
f 1965/2298/1206 1966/2299/1270 1963/2296/1270
f 1964/2297/1206 1967/2300/5 1968/2301/5
f 1968/2301/5 1965/2298/1206 1964/2297/1206
f 1967/2300/5 1969/2302/1207 1970/2303/1207
f 1970/2303/1207 1968/2301/5 1967/2300/5
f 1969/2302/1207 1971/2304/1208 1972/2305/1208
f 1972/2305/1208 1970/2303/1207 1969/2302/1207
f 1973/2306/1271 1974/2307/1210 1975/2308/1210
f 1975/2308/1210 1976/2309/1209 1973/2306/1271
f 1974/2307/1210 1977/2310/1211 1978/2311/1211
f 1978/2311/1211 1975/2308/1210 1974/2307/1210
f 1977/2310/1211 1979/2312/1212 1980/2313/1212
f 1980/2313/1212 1978/2311/1211 1977/2310/1211
f 1979/2312/1212 1981/2314/1213 1982/2315/1213
f 1982/2315/1213 1980/2313/1212 1979/2312/1212
f 1981/2314/1213 1983/2316/1214 1984/2317/1214
f 1984/2317/1214 1982/2315/1213 1981/2314/1213
f 1985/2318/1215 1986/2319/1216 1987/2320/1216
f 1987/2320/1216 1988/2321/1215 1985/2318/1215
f 1986/2319/1216 1945/2278/4 1948/2281/4
f 1948/2281/4 1987/2320/1216 1986/2319/1216
f 2007/2322/1217 2008/2323/1218 2009/2324/1272
f 2009/2324/1272 2010/2325/1273 2011/2326/1274
f 2011/2326/1274 2012/2327/1275 2013/2328/1221
f 2009/2324/1272 2011/2326/1274 2013/2328/1221
f 2013/2328/1221 2014/2329/1222 2015/2330/1223
f 2015/2330/1223 2016/2331/1224 2017/2332/1225
f 2013/2328/1221 2015/2330/1223 2017/2332/1225
f 2017/2332/1225 2018/2333/1276 2019/2334/1227
f 2019/2334/1227 2020/2335/1228 2021/2336/1229
f 2017/2332/1225 2019/2334/1227 2021/2336/1229
f 2013/2328/1221 2017/2332/1225 2021/2336/1229
f 2009/2324/1272 2013/2328/1221 2021/2336/1229
f 2021/2336/1229 2022/2337/1230 2023/2338/1231
f 2009/2324/1272 2021/2336/1229 2023/2338/1231
f 2007/2322/1217 2009/2324/1272 2023/2338/1231
f 2024/2339/1232 2007/2322/1217 2023/2338/1231
f 2061/2340/1233 2062/2341/1234 2063/2342/1234
f 2063/2342/1234 2064/2343/1233 2061/2340/1233
f 2062/2341/1234 2065/2344/1277 2066/2345/1277
f 2066/2345/1277 2063/2342/1234 2062/2341/1234
f 2067/2346/1277 2068/2347/1278 2069/2348/1278
f 2069/2348/1278 2070/2349/1277 2067/2346/1277
f 2068/2347/1278 2071/2350/1279 2072/2351/1279
f 2072/2351/1279 2069/2348/1278 2068/2347/1278
f 2071/2350/1279 2073/2352/1280 2074/2353/1280
f 2074/2353/1280 2072/2351/1279 2071/2350/1279
f 2073/2352/1280 2075/2354/1281 2076/2355/1281
f 2076/2355/1281 2074/2353/1280 2073/2352/1280
f 2075/2354/1281 2077/2356/1282 2078/2357/1282
f 2078/2357/1282 2076/2355/1281 2075/2354/1281
f 2079/2358/1282 2080/2359/1237 2081/2360/1237
f 2081/2360/1237 2082/2361/1282 2079/2358/1282
f 2080/2359/1237 2083/2362/1238 2084/2363/1238
f 2084/2363/1238 2081/2360/1237 2080/2359/1237
f 2083/2362/1238 2085/2364/1239 2086/2365/1239
f 2086/2365/1239 2084/2363/1238 2083/2362/1238
f 2085/2364/1239 2087/2366/1240 2088/2367/1240
f 2088/2367/1240 2086/2365/1239 2085/2364/1239
f 2089/2368/1240 2090/2369/1241 2091/2370/1241
f 2091/2370/1241 2092/2371/1240 2089/2368/1240
f 2090/2369/1241 2093/2372/1242 2094/2373/1242
f 2094/2373/1242 2091/2370/1241 2090/2369/1241
f 2093/2372/1242 2095/2374/1243 2096/2375/1243
f 2096/2375/1243 2094/2373/1242 2093/2372/1242
f 2095/2374/1243 2097/2376/1244 2098/2377/1244
f 2098/2377/1244 2096/2375/1243 2095/2374/1243
f 2097/2376/1244 2099/2378/1245 2100/2379/1245
f 2100/2379/1245 2098/2377/1244 2097/2376/1244
f 2101/2380/1245 2102/2381/1246 2103/2382/1246
f 2103/2382/1246 2104/2383/1245 2101/2380/1245
f 2102/2381/1246 2061/2340/1233 2064/2343/1233
f 2064/2343/1233 2103/2382/1246 2102/2381/1246
f 2105/2384/1247 2106/2385/1283 2007/2322/1217
f 2007/2322/1217 2024/2339/1232 2105/2384/1247
f 2106/2385/1283 2107/2386/1249 2008/2323/1218
f 2008/2323/1218 2007/2322/1217 2106/2385/1283
f 2107/2386/1249 2108/2387/1284 2009/2324/1272
f 2009/2324/1272 2008/2323/1218 2107/2386/1249
f 2108/2387/1284 2109/2388/1285 2010/2325/1273
f 2010/2325/1273 2009/2324/1272 2108/2387/1284
f 2109/2388/1285 2110/2389/1286 2011/2326/1274
f 2011/2326/1274 2010/2325/1273 2109/2388/1285
f 2110/2389/1286 2111/2390/1287 2012/2327/1275
f 2012/2327/1275 2011/2326/1274 2110/2389/1286
f 2111/2390/1287 2112/2391/1252 2013/2328/1221
f 2013/2328/1221 2012/2327/1275 2111/2390/1287
f 2112/2391/1252 2113/2392/1253 2014/2329/1222
f 2014/2329/1222 2013/2328/1221 2112/2391/1252
f 2113/2392/1253 2114/2393/1254 2015/2330/1223
f 2015/2330/1223 2014/2329/1222 2113/2392/1253
f 2114/2393/1254 2115/2394/1255 2016/2331/1224
f 2016/2331/1224 2015/2330/1223 2114/2393/1254
f 2115/2394/1255 2116/2395/1256 2017/2332/1225
f 2017/2332/1225 2016/2331/1224 2115/2394/1255
f 2116/2395/1256 2117/2396/1257 2018/2333/1276
f 2018/2333/1276 2017/2332/1225 2116/2395/1256
f 2117/2396/1257 2118/2397/1258 2019/2334/1227
f 2019/2334/1227 2018/2333/1276 2117/2396/1257
f 2118/2397/1258 2119/2398/1259 2020/2335/1228
f 2020/2335/1228 2019/2334/1227 2118/2397/1258
f 2119/2398/1259 2120/2399/1260 2021/2336/1229
f 2021/2336/1229 2020/2335/1228 2119/2398/1259
f 2120/2399/1260 2121/2400/1261 2022/2337/1230
f 2022/2337/1230 2021/2336/1229 2120/2399/1260
f 2121/2400/1261 2122/2401/1288 2023/2338/1231
f 2023/2338/1231 2022/2337/1230 2121/2400/1261
f 2122/2401/1288 2105/2384/1247 2024/2339/1232
f 2024/2339/1232 2023/2338/1231 2122/2401/1288
f 2123/2402/1203 2124/2403/4 2125/2404/1203
f 2126/2405/4 2125/2404/1203 2124/2403/4
f 2127/2406/1204 2123/2402/1203 2128/2407/1204
f 2125/2404/1203 2128/2407/1204 2123/2402/1203
f 2129/2408/1206 2130/2409/1205 2131/2410/1206
f 2132/2411/1205 2131/2410/1206 2130/2409/1205
f 2133/2412/5 2129/2408/1206 2134/2413/5
f 2131/2410/1206 2134/2413/5 2129/2408/1206
f 2135/2414/1207 2133/2412/5 2136/2415/1207
f 2134/2413/5 2136/2415/1207 2133/2412/5
f 2137/2416/1208 2135/2414/1207 2138/2417/1208
f 2136/2415/1207 2138/2417/1208 2135/2414/1207
f 2139/2418/1210 2140/2419/1209 2141/2420/1289
f 2142/2421/1209 2141/2420/1289 2140/2419/1209
f 2143/2422/1211 2139/2418/1210 2144/2423/1211
f 2141/2420/1289 2144/2423/1211 2139/2418/1210
f 2145/2424/1212 2143/2422/1211 2146/2425/1212
f 2144/2423/1211 2146/2425/1212 2143/2422/1211
f 2147/2426/1213 2145/2424/1212 2148/2427/1213
f 2146/2425/1212 2148/2427/1213 2145/2424/1212
f 2149/2428/1214 2147/2426/1213 2150/2429/1214
f 2148/2427/1213 2150/2429/1214 2147/2426/1213
f 2151/2430/1216 2152/2431/1215 2153/2432/1216
f 2154/2433/1215 2153/2432/1216 2152/2431/1215
f 2124/2403/4 2151/2430/1216 2126/2405/4
f 2153/2432/1216 2126/2405/4 2151/2430/1216
f 2173/2434/1290 2174/2435/1291 2175/2436/1292
f 2176/2437/8 2175/2436/1292 2177/2438/8
f 2178/2439/1293 2177/2438/8 2179/2440/1294
f 2177/2438/8 2175/2436/1292 2179/2440/1294
f 2180/2441/1295 2179/2440/1294 2181/2442/1296
f 2182/2443/1297 2181/2442/1296 2183/2444/1298
f 2181/2442/1296 2179/2440/1294 2183/2444/1298
f 2184/2445/1299 2183/2444/1298 2185/2446/1300
f 2186/2447/1301 2185/2446/1300 2187/2448/1302
f 2185/2446/1300 2183/2444/1298 2187/2448/1302
f 2183/2444/1298 2179/2440/1294 2187/2448/1302
f 2179/2440/1294 2175/2436/1292 2187/2448/1302
f 2188/2449/1303 2187/2448/1302 2189/2450/1304
f 2187/2448/1302 2175/2436/1292 2189/2450/1304
f 2175/2436/1292 2174/2435/1291 2189/2450/1304
f 2174/2435/1291 2190/2451/1305 2189/2450/1304
f 2219/2452/1306 2220/2453/1307 2221/2454/1306
f 2222/2455/1307 2221/2454/1306 2220/2453/1307
f 2223/2456/1308 2219/2452/1306 2224/2457/1308
f 2221/2454/1306 2224/2457/1308 2219/2452/1306
f 2225/2458/1309 2226/2459/1310 2227/2460/1309
f 2228/2461/1310 2227/2460/1309 2226/2459/1310
f 2229/2462/1311 2225/2458/1309 2230/2463/1311
f 2227/2460/1309 2230/2463/1311 2225/2458/1309
f 2231/2464/1312 2229/2462/1311 2232/2465/1312
f 2230/2463/1311 2232/2465/1312 2229/2462/1311
f 2233/2466/1313 2231/2464/1312 2234/2467/1313
f 2232/2465/1312 2234/2467/1313 2231/2464/1312
f 2235/2468/1314 2236/2469/1313 2237/2470/1314
f 2238/2471/1313 2237/2470/1314 2236/2469/1313
f 2239/2472/1315 2235/2468/1314 2240/2473/1315
f 2237/2470/1314 2240/2473/1315 2235/2468/1314
f 2241/2474/1316 2239/2472/1315 2242/2475/1316
f 2240/2473/1315 2242/2475/1316 2239/2472/1315
f 2243/2476/1317 2241/2474/1316 2244/2477/1317
f 2242/2475/1316 2244/2477/1317 2241/2474/1316
f 2245/2478/1318 2243/2476/1317 2246/2479/1318
f 2244/2477/1317 2246/2479/1318 2243/2476/1317
f 2247/2480/1319 2248/2481/1318 2249/2482/1319
f 2250/2483/1318 2249/2482/1319 2248/2481/1318
f 2220/2453/1307 2247/2480/1319 2222/2455/1307
f 2249/2482/1319 2222/2455/1307 2247/2480/1319
f 2251/2484/1320 2252/2485/1321 2174/2435/1291
f 2190/2451/1305 2174/2435/1291 2252/2485/1321
f 2253/2486/1322 2251/2484/1320 2173/2434/1290
f 2174/2435/1291 2173/2434/1290 2251/2484/1320
f 2254/2487/1323 2253/2486/1322 2175/2436/1292
f 2173/2434/1290 2175/2436/1292 2253/2486/1322
f 2255/2488/1324 2256/2489/1325 2179/2440/1294
f 2178/2439/1293 2179/2440/1294 2256/2489/1325
f 2257/2490/1326 2255/2488/1324 2180/2441/1295
f 2179/2440/1294 2180/2441/1295 2255/2488/1324
f 2258/2491/1327 2257/2490/1326 2181/2442/1296
f 2180/2441/1295 2181/2442/1296 2257/2490/1326
f 2259/2492/1328 2258/2491/1327 2182/2443/1297
f 2181/2442/1296 2182/2443/1297 2258/2491/1327
f 2260/2493/1329 2259/2492/1328 2183/2444/1298
f 2182/2443/1297 2183/2444/1298 2259/2492/1328
f 2261/2494/1330 2260/2493/1329 2184/2445/1299
f 2183/2444/1298 2184/2445/1299 2260/2493/1329
f 2262/2495/1331 2261/2494/1330 2185/2446/1300
f 2184/2445/1299 2185/2446/1300 2261/2494/1330
f 2263/2496/1332 2262/2495/1331 2186/2447/1301
f 2185/2446/1300 2186/2447/1301 2262/2495/1331
f 2264/2497/1333 2263/2496/1332 2187/2448/1302
f 2186/2447/1301 2187/2448/1302 2263/2496/1332
f 2265/2498/1334 2264/2497/1333 2188/2449/1303
f 2187/2448/1302 2188/2449/1303 2264/2497/1333
f 2266/2499/1335 2265/2498/1334 2189/2450/1304
f 2188/2449/1303 2189/2450/1304 2265/2498/1334
f 2252/2485/1321 2266/2499/1335 2190/2451/1305
f 2189/2450/1304 2190/2451/1305 2266/2499/1335
f 2267/2500/1203 2268/2501/4 2269/2502/1203
f 2270/2503/4 2269/2502/1203 2268/2501/4
f 2271/2504/1263 2267/2500/1203 2272/2505/1263
f 2269/2502/1203 2272/2505/1263 2267/2500/1203
f 2273/2506/1265 2274/2507/1264 2275/2508/1265
f 2276/2509/1336 2275/2508/1265 2274/2507/1264
f 2277/2510/1266 2273/2506/1265 2278/2511/1266
f 2275/2508/1265 2278/2511/1266 2273/2506/1265
f 2279/2512/1267 2277/2510/1266 2280/2513/1267
f 2278/2511/1266 2280/2513/1267 2277/2510/1266
f 2281/2514/1268 2279/2512/1267 2282/2515/1268
f 2280/2513/1267 2282/2515/1268 2279/2512/1267
f 2283/2516/1269 2281/2514/1268 2284/2517/1269
f 2282/2515/1268 2284/2517/1269 2281/2514/1268
f 2285/2518/1206 2286/2519/1270 2287/2520/1206
f 2288/2521/1337 2287/2520/1206 2286/2519/1270
f 2289/2522/5 2285/2518/1206 2290/2523/5
f 2287/2520/1206 2290/2523/5 2285/2518/1206
f 2291/2524/1207 2289/2522/5 2292/2525/1207
f 2290/2523/5 2292/2525/1207 2289/2522/5
f 2293/2526/1208 2291/2524/1207 2294/2527/1208
f 2292/2525/1207 2294/2527/1208 2291/2524/1207
f 2295/2528/1210 2296/2529/1209 2297/2530/1210
f 2298/2531/1209 2297/2530/1210 2296/2529/1209
f 2299/2532/1211 2295/2528/1210 2300/2533/1211
f 2297/2530/1210 2300/2533/1211 2295/2528/1210
f 2301/2534/1212 2299/2532/1211 2302/2535/1212
f 2300/2533/1211 2302/2535/1212 2299/2532/1211
f 2303/2536/1213 2301/2534/1212 2304/2537/1213
f 2302/2535/1212 2304/2537/1213 2301/2534/1212
f 2305/2538/1214 2303/2536/1213 2306/2539/1214
f 2304/2537/1213 2306/2539/1214 2303/2536/1213
f 2307/2540/1216 2308/2541/1215 2309/2542/1216
f 2310/2543/1215 2309/2542/1216 2308/2541/1215
f 2268/2501/4 2307/2540/1216 2270/2503/4
f 2309/2542/1216 2270/2503/4 2307/2540/1216
f 2329/2544/1290 2330/2545/1291 2331/2546/1338
f 2332/2547/1339 2331/2546/1338 2333/2548/1340
f 2334/2549/1341 2333/2548/1340 2335/2550/1294
f 2333/2548/1340 2331/2546/1338 2335/2550/1294
f 2336/2551/1342 2335/2550/1294 2337/2552/1296
f 2338/2553/1297 2337/2552/1296 2339/2554/1298
f 2337/2552/1296 2335/2550/1294 2339/2554/1298
f 2340/2555/1343 2339/2554/1298 2341/2556/1300
f 2342/2557/1301 2341/2556/1300 2343/2558/1302
f 2341/2556/1300 2339/2554/1298 2343/2558/1302
f 2339/2554/1298 2335/2550/1294 2343/2558/1302
f 2335/2550/1294 2331/2546/1338 2343/2558/1302
f 2344/2559/1303 2343/2558/1302 2345/2560/1304
f 2343/2558/1302 2331/2546/1338 2345/2560/1304
f 2331/2546/1338 2330/2545/1291 2345/2560/1304
f 2330/2545/1291 2346/2561/1305 2345/2560/1304
f 2383/2562/1306 2384/2563/1307 2385/2564/1306
f 2386/2565/1307 2385/2564/1306 2384/2563/1307
f 2387/2566/1344 2383/2562/1306 2388/2567/1344
f 2385/2564/1306 2388/2567/1344 2383/2562/1306
f 2389/2568/1345 2390/2569/1344 2391/2570/1345
f 2392/2571/1344 2391/2570/1345 2390/2569/1344
f 2393/2572/1346 2389/2568/1345 2394/2573/1346
f 2391/2570/1345 2394/2573/1346 2389/2568/1345
f 2395/2574/1347 2393/2572/1346 2396/2575/1347
f 2394/2573/1346 2396/2575/1347 2393/2572/1346
f 2397/2576/1348 2395/2574/1347 2398/2577/1348
f 2396/2575/1347 2398/2577/1348 2395/2574/1347
f 2399/2578/1349 2397/2576/1348 2400/2579/1349
f 2398/2577/1348 2400/2579/1349 2397/2576/1348
f 2401/2580/1309 2402/2581/1349 2403/2582/1309
f 2404/2583/1349 2403/2582/1309 2402/2581/1349
f 2405/2584/1311 2401/2580/1309 2406/2585/1311
f 2403/2582/1309 2406/2585/1311 2401/2580/1309
f 2407/2586/1312 2405/2584/1311 2408/2587/1312
f 2406/2585/1311 2408/2587/1312 2405/2584/1311
f 2409/2588/1313 2407/2586/1312 2410/2589/1313
f 2408/2587/1312 2410/2589/1313 2407/2586/1312
f 2411/2590/1314 2412/2591/1313 2413/2592/1314
f 2414/2593/1313 2413/2592/1314 2412/2591/1313
f 2415/2594/1315 2411/2590/1314 2416/2595/1315
f 2413/2592/1314 2416/2595/1315 2411/2590/1314
f 2417/2596/1316 2415/2594/1315 2418/2597/1316
f 2416/2595/1315 2418/2597/1316 2415/2594/1315
f 2419/2598/1317 2417/2596/1316 2420/2599/1317
f 2418/2597/1316 2420/2599/1317 2417/2596/1316
f 2421/2600/1318 2419/2598/1317 2422/2601/1318
f 2420/2599/1317 2422/2601/1318 2419/2598/1317
f 2423/2602/1319 2424/2603/1318 2425/2604/1319
f 2426/2605/1318 2425/2604/1319 2424/2603/1318
f 2384/2563/1307 2423/2602/1319 2386/2565/1307
f 2425/2604/1319 2386/2565/1307 2423/2602/1319
f 2427/2606/1350 2428/2607/1321 2330/2545/1291
f 2346/2561/1305 2330/2545/1291 2428/2607/1321
f 2429/2608/1322 2427/2606/1350 2329/2544/1290
f 2330/2545/1291 2329/2544/1290 2427/2606/1350
f 2430/2609/1351 2429/2608/1322 2331/2546/1338
f 2329/2544/1290 2331/2546/1338 2429/2608/1322
f 2431/2610/1352 2430/2609/1351 2332/2547/1339
f 2331/2546/1338 2332/2547/1339 2430/2609/1351
f 2432/2611/1353 2431/2610/1352 2333/2548/1340
f 2332/2547/1339 2333/2548/1340 2431/2610/1352
f 2433/2612/1354 2432/2611/1353 2334/2549/1341
f 2333/2548/1340 2334/2549/1341 2432/2611/1353
f 2434/2613/1324 2433/2612/1354 2335/2550/1294
f 2334/2549/1341 2335/2550/1294 2433/2612/1354
f 2435/2614/1326 2434/2613/1324 2336/2551/1342
f 2335/2550/1294 2336/2551/1342 2434/2613/1324
f 2436/2615/1327 2435/2614/1326 2337/2552/1296
f 2336/2551/1342 2337/2552/1296 2435/2614/1326
f 2437/2616/1355 2436/2615/1327 2338/2553/1297
f 2337/2552/1296 2338/2553/1297 2436/2615/1327
f 2438/2617/1329 2437/2616/1355 2339/2554/1298
f 2338/2553/1297 2339/2554/1298 2437/2616/1355
f 2439/2618/1330 2438/2617/1329 2340/2555/1343
f 2339/2554/1298 2340/2555/1343 2438/2617/1329
f 2440/2619/1331 2439/2618/1330 2341/2556/1300
f 2340/2555/1343 2341/2556/1300 2439/2618/1330
f 2441/2620/1332 2440/2619/1331 2342/2557/1301
f 2341/2556/1300 2342/2557/1301 2440/2619/1331
f 2442/2621/1333 2441/2620/1332 2343/2558/1302
f 2342/2557/1301 2343/2558/1302 2441/2620/1332
f 2443/2622/1334 2442/2621/1333 2344/2559/1303
f 2343/2558/1302 2344/2559/1303 2442/2621/1333
f 2444/2623/1335 2443/2622/1334 2345/2560/1304
f 2344/2559/1303 2345/2560/1304 2443/2622/1334
f 2428/2607/1321 2444/2623/1335 2346/2561/1305
f 2345/2560/1304 2346/2561/1305 2444/2623/1335
f 2573/2624/1356 2574/2625/1357 2575/2626/1358
f 2575/2626/1358 2576/2627/1359 2573/2624/1356
f 2577/2628/1360 2578/2629/1361 2579/2630/1362
f 2579/2630/1362 2580/2631/1363 2577/2628/1360
f 2581/2632/1364 2582/2633/1365 2583/2634/1366
f 2583/2634/1366 2584/2635/1367 2581/2632/1364
f 2585/2636/1368 2586/2637/1369 2587/2638/1370
f 2587/2638/1370 2588/2639/1371 2585/2636/1368
f 2589/2640/1372 2590/2641/1373 2591/2642/1374
f 2591/2642/1374 2592/2643/1375 2589/2640/1372
o Object002_Material_#33_0
v -39.911118 63.080292 23.090302
v -41.421669 62.149956 -15.516227
v -42.683868 48.675373 -14.856343
v -42.594669 48.683819 23.273088
v -39.325684 61.746735 27.538694
v -42.045986 48.820736 27.560070
v -42.255020 48.898701 36.776863
v -26.067142 66.599533 32.918159
v -23.469748 49.277264 58.419727
v -18.043224 49.839195 58.968254
v -10.192972 68.242676 34.973064
v -35.228096 64.418564 30.977278
v -39.550152 47.241207 47.928261
v -35.891846 47.741932 54.042885
v -41.058205 62.175491 -19.350136
v -41.536743 61.736568 -31.459385
v -41.623646 60.487034 -43.273804
v -42.268723 58.047447 -51.783115
v -42.667465 48.749966 -62.347466
v -42.567684 48.602665 -18.680136
v 0.000000 65.151917 -56.864597
v 0.000000 48.511913 -79.958618
v -6.009700 48.438240 -79.803787
v -10.387486 64.747360 -56.729939
v -22.007820 47.845978 -79.084976
v -23.851131 63.612522 -55.983662
v -33.140736 47.528042 -76.687469
v -39.482506 47.276096 -70.858727
v -38.877258 60.797871 -54.391804
v 0.000000 50.526752 59.030869
v 0.000000 68.483978 35.285725
v 39.911118 63.080292 23.090302
v 42.594669 48.683826 23.273088
v 42.683868 48.675373 -14.856343
v 41.421669 62.149956 -15.516227
v 42.255028 48.898701 36.776863
v 42.045986 48.820736 27.560070
v 39.325684 61.746735 27.538698
v 26.067146 66.599533 32.918159
v 10.192972 68.242676 34.973064
v 18.043224 49.839195 58.968254
v 23.469746 49.277264 58.419727
v 35.891846 47.741936 54.042885
v 39.550152 47.241211 47.928261
v 35.228096 64.418564 30.977282
v 42.667465 48.749969 -62.347485
v 42.268730 58.047447 -51.783131
v 41.623646 60.487034 -43.273819
v 41.536751 61.736568 -31.459385
v 41.058205 62.175491 -19.350136
v 42.567684 48.602665 -18.680136
v 10.387486 64.747360 -56.729939
v 6.009701 48.438240 -79.803787
v 23.851128 63.612522 -55.983662
v 22.007820 47.845985 -79.084976
v 38.877266 60.797871 -54.391823
v 39.482506 47.276096 -70.858749
v 33.140743 47.528046 -76.687485
vt 0.070744 0.339702
vt 0.070675 0.298284
vt 0.041143 0.298534
vt 0.350436 0.368488
vt 0.320904 0.368239
vt 0.320835 0.409656
vt 0.084997 0.343974
vt 0.208701 0.340994
vt 0.206587 0.297818
vt 0.084412 0.297845
vt 0.045079 0.205221
vt 0.053377 0.284407
vt 0.070715 0.286110
vt 0.095797 0.211602
vt 0.015809 0.199194
vt 0.002000 0.251829
vt 0.013688 0.270816
vt 0.220986 0.341075
vt 0.259786 0.339669
vt 0.297642 0.335665
vt 0.324908 0.327848
vt 0.358758 0.298057
vt 0.218839 0.297585
vt 0.609212 0.847257
vt 0.683210 0.847257
vt 0.682714 0.828001
vt 0.608780 0.813973
vt 0.680410 0.776739
vt 0.606389 0.770833
vt 0.672728 0.741067
vt 0.654052 0.720747
vt 0.601288 0.722686
vt 0.128364 0.286304
vt 0.128364 0.212573
vt 0.306581 0.413929
vt 0.307167 0.367800
vt 0.184992 0.367773
vt 0.182878 0.410948
vt 0.211650 0.205221
vt 0.160931 0.211602
vt 0.186013 0.286110
vt 0.203351 0.284407
vt 0.243040 0.270816
vt 0.254729 0.251829
vt 0.240920 0.199194
vt 0.032820 0.368012
vt 0.066671 0.397803
vt 0.093937 0.405620
vt 0.131793 0.409624
vt 0.170593 0.411030
vt 0.172740 0.367540
vt 0.608780 0.880541
vt 0.682714 0.866513
vt 0.606389 0.923681
vt 0.680410 0.917775
vt 0.601288 0.971828
vt 0.654052 0.973768
vt 0.672728 0.953447
vn -0.9783 0.2058 -0.0239
vn 0.9783 0.2058 -0.0239
vn -0.9864 0.1641 0.0098
vn -0.9948 0.0950 0.0366
vn -0.9929 0.1151 0.0288
vn -0.9831 0.1833 0.0023
vn -0.2629 0.7719 0.5788
vn -0.2073 0.7993 0.5640
vn -0.0986 0.8070 0.5823
vn -0.0879 0.8034 0.5889
vn -0.3036 0.7069 0.6389
vn -0.5921 0.7092 0.3828
vn -0.4591 0.7581 0.4632
vn -0.9959 0.0905 0.0063
vn -0.9064 -0.4193 0.0510
vn -0.9988 0.0398 0.0268
vn -0.9936 -0.0637 0.0936
vn -0.9982 0.0515 0.0299
vn -0.9939 0.1107 0.0026
vn 0.0000 0.8128 -0.5825
vn 0.0000 0.8113 -0.5846
vn -0.0406 0.8110 -0.5837
vn -0.0650 0.8145 -0.5765
vn -0.1029 0.8129 -0.5733
vn -0.1708 0.8034 -0.5704
vn -0.2858 0.8146 -0.5046
vn -0.3662 0.7933 -0.4864
vn -0.2076 0.7597 -0.6162
vn -0.0000 0.7984 0.6021
vn 0.0000 0.7976 0.6032
vn 0.9864 0.1641 0.0098
vn 0.9831 0.1833 0.0023
vn 0.9929 0.1151 0.0288
vn 0.9948 0.0950 0.0366
vn 0.2629 0.7719 0.5788
vn 0.0879 0.8034 0.5889
vn 0.0986 0.8070 0.5823
vn 0.2073 0.7993 0.5640
vn 0.4591 0.7581 0.4632
vn 0.5921 0.7092 0.3828
vn 0.3036 0.7069 0.6389
vn 0.9982 0.0515 0.0299
vn 0.9936 -0.0637 0.0936
vn 0.9988 0.0398 0.0268
vn 0.9064 -0.4194 0.0510
vn 0.9959 0.0905 0.0063
vn 0.9939 0.1107 0.0026
vn 0.0650 0.8145 -0.5765
vn 0.0406 0.8110 -0.5837
vn 0.1708 0.8034 -0.5704
vn 0.1029 0.8129 -0.5733
vn 0.2076 0.7597 -0.6162
vn 0.3662 0.7933 -0.4864
vn 0.2858 0.8146 -0.5046
usemtl Material_33
s off
f 2648/2644/1376 2649/2645/1376 2650/2646/1376
f 2679/2647/1377 2680/2648/1377 2681/2649/1377
s 1
f 2644/2650/1378 2645/2651/1379 2646/2652/1380
f 2646/2652/1380 2647/2653/1381 2644/2650/1378
f 2651/2654/1382 2652/2655/1383 2653/2656/1384
f 2653/2656/1384 2654/2657/1385 2651/2654/1382
f 2651/2654/1382 2655/2658/1386 2656/2659/1387
f 2656/2659/1387 2657/2660/1388 2651/2654/1382
f 2652/2655/1383 2651/2654/1382 2657/2660/1388
f 2658/2661/1389 2659/2662/1390 2660/2663/1391
f 2660/2663/1391 2661/2664/1392 2662/2665/1393
f 2658/2661/1389 2660/2663/1391 2662/2665/1393
f 2663/2666/1394 2658/2661/1389 2662/2665/1393
f 2664/2667/1395 2665/2668/1396 2666/2669/1397
f 2666/2669/1397 2667/2670/1398 2664/2667/1395
f 2667/2670/1398 2666/2669/1397 2668/2671/1399
f 2668/2671/1399 2669/2672/1400 2667/2670/1398
f 2669/2672/1400 2670/2673/1401 2671/2674/1402
f 2671/2674/1402 2672/2675/1403 2669/2672/1400
f 2670/2673/1401 2669/2672/1400 2668/2671/1399
f 2654/2657/1385 2653/2656/1384 2673/2676/1404
f 2673/2676/1404 2674/2677/1405 2654/2657/1385
f 2675/2678/1406 2676/2679/1407 2677/2680/1408
f 2677/2680/1408 2678/2681/1409 2675/2678/1406
f 2682/2682/1410 2683/2683/1411 2684/2684/1412
f 2684/2684/1412 2685/2685/1413 2682/2682/1410
f 2682/2682/1410 2686/2686/1414 2687/2687/1415
f 2687/2687/1415 2688/2688/1416 2682/2682/1410
f 2685/2685/1413 2686/2686/1414 2682/2682/1410
f 2689/2689/1417 2690/2690/1418 2691/2691/1419
f 2691/2691/1419 2692/2692/1420 2693/2693/1421
f 2689/2689/1417 2691/2691/1419 2693/2693/1421
f 2694/2694/1422 2689/2689/1417 2693/2693/1421
f 2664/2667/1395 2695/2695/1423 2696/2696/1424
f 2696/2696/1424 2665/2668/1396 2664/2667/1395
f 2695/2695/1423 2697/2697/1425 2698/2698/1426
f 2698/2698/1426 2696/2696/1424 2695/2695/1423
f 2697/2697/1425 2699/2699/1427 2700/2700/1428
f 2700/2700/1428 2701/2701/1429 2697/2697/1425
f 2701/2701/1429 2698/2698/1426 2697/2697/1425
f 2683/2683/1411 2674/2677/1405 2673/2676/1404
f 2673/2676/1404 2684/2684/1412 2683/2683/1411
