# Blender v3.6.23 OBJ File: ''
# www.blender.org
mtllib car_wreck.mtl
o Object005_Material_#107_0
v 25.017923 59.974911 -25.165220
v 26.146179 57.460003 -25.145510
v 26.440346 56.727108 -29.464417
v 25.193613 59.192673 -29.506456
v 26.039536 58.613373 -6.633818
v 25.017927 60.979076 -7.438189
v 25.017931 60.893810 2.461140
v 25.017931 60.465282 10.244966
v 25.873758 58.761864 14.356770
v 25.017931 60.154144 13.709476
v 28.038744 51.610741 -39.483562
v 25.668266 54.700974 -42.677952
v 25.789560 56.283531 -38.551228
v 27.466560 53.585243 -37.129139
v 26.967566 55.319366 -33.878380
v 25.418749 57.984161 -33.982475
v 25.017532 59.809101 16.705706
v 25.802605 59.333790 16.692280
v 25.873758 58.761864 14.356770
v 25.017532 59.809101 16.705706
v 27.421236 34.004105 -85.544411
v 26.976646 33.108711 -83.549004
v 27.124630 34.277859 -82.253838
v 27.324631 35.246716 -80.751434
v 27.706953 35.030704 -85.346809
v 27.747280 36.490490 -77.763428
v 27.985220 35.790134 -85.197769
v 27.747280 36.490490 -77.763428
v 28.559082 37.261223 -77.923210
v 28.546156 36.786594 -84.970703
v 28.546156 36.786594 -84.970703
v 29.786774 38.109222 -78.057030
v 29.370796 37.402527 -84.815895
v 28.289547 37.652683 -73.231102
v 25.017925 60.558544 -17.674431
v 26.020107 58.046234 -17.697355
v 25.020409 59.535698 18.546511
v 25.668266 54.700974 -42.677952
v 26.644510 51.260807 -45.095238
v 23.777437 53.868324 -45.939087
v 25.433880 51.074509 -46.959190
v 26.839260 30.697746 -84.831078
v 27.162561 31.072178 -86.199181
v 27.081087 28.778179 -86.739540
v 26.746164 28.713778 -85.707977
v 27.048784 27.288225 -87.088058
v 26.737194 26.682657 -86.217743
v 28.730570 38.298653 -69.657272
v 30.203281 38.964981 -70.890770
v 29.890799 40.153980 -54.837299
v 29.242401 39.272068 -62.879681
v 28.022736 40.133450 -58.812195
v 29.890799 40.153980 -54.837299
v 30.675438 40.634209 -54.834831
v 30.449158 39.830849 -62.862442
v 29.242401 39.272068 -62.879681
v 26.777939 22.526819 -86.876930
v 27.061943 20.431940 -88.622032
v 26.785208 20.430897 -87.050072
v 27.990547 26.812008 -88.999191
v 27.990541 20.456322 -90.515511
v 30.835157 41.092827 -46.811123
v 30.835157 41.092827 -46.811123
v 29.945692 40.910210 -49.847481
v 28.584206 40.931908 -52.344765
v 28.038744 51.610741 -39.483562
v 30.673044 41.336437 -38.552059
v 30.835157 41.092827 -46.811123
v 26.644510 51.260807 -45.095238
v 30.835157 41.092827 -46.811123
v 29.945692 40.910210 -49.847481
v 28.584206 40.931908 -52.344765
v 26.936798 42.641048 -53.427910
v 26.936798 42.641048 -53.427910
v 26.174898 41.347115 -54.751789
v 28.584206 40.931908 -52.344765
v 25.873758 58.761864 14.356770
v 25.660526 56.975056 19.502060
v 26.028955 55.358753 20.586142
v 27.897896 42.668331 31.726995
v 26.624262 45.734737 30.575130
v 27.159237 43.165592 32.767982
v 26.743116 47.188740 28.700285
v 25.802605 59.333790 16.692280
v 25.020409 59.535698 18.546511
v 23.847483 58.807888 20.432846
v 25.117805 58.177746 19.753311
v 28.192493 42.333820 38.687622
v 27.897896 42.668331 31.726995
v 27.159237 43.165592 32.767982
v 30.903866 16.796482 76.386169
v 32.134590 23.300331 76.425446
v 31.482824 23.218454 79.422791
v 32.101521 32.806984 86.984238
v 31.264147 31.359341 86.980728
v 31.633430 31.189301 86.716354
v 33.333557 39.396450 38.379456
v 34.291695 37.355461 38.357014
v 34.251766 37.404049 31.831671
v 33.342995 39.418571 31.733633
v 31.713730 41.016186 38.397270
v 33.333557 39.396450 38.379456
v 33.342995 39.418571 31.733633
v 31.750875 41.053013 31.614943
v 31.713730 41.016186 38.397270
v 29.672609 42.056126 38.408707
v 31.713730 41.016186 38.397270
v 31.750875 41.053013 31.614943
v 29.691990 42.088192 31.643854
v 33.128757 39.137966 48.353741
v 34.132778 37.167530 48.332073
v 31.564928 40.701706 48.370934
v 33.128757 39.137966 48.353741
v 29.594370 41.705685 48.381977
v 31.564928 40.701706 48.370934
v 26.446657 41.905090 48.372650
v 33.818367 36.953896 58.469131
v 33.936356 34.747398 58.461559
v 34.489140 34.772541 46.786434
v 32.861298 38.832180 58.489792
v 31.370590 40.322792 58.506176
v 32.861298 38.832180 58.489792
v 29.492224 41.279819 58.516708
v 31.370590 40.322792 58.506176
v 27.398169 41.615414 58.512741
v 33.536396 36.755688 68.161736
v 33.624496 34.667648 68.122284
v 32.621433 38.551315 68.181480
v 31.196327 40.043282 68.197884
v 31.196327 40.043282 68.197884
v 29.400591 40.891258 68.207207
v 31.196327 40.043282 68.197884
v 27.409986 41.206520 68.210678
v 25.421515 40.899036 68.209854
v 24.752352 41.168953 58.467331
v 33.105324 36.523548 76.534286
v 33.192204 34.588295 76.531288
v 32.254723 38.192829 76.552643
v 30.929893 39.517586 76.567207
v 32.254723 38.192829 76.552643
v 32.621433 38.551315 68.181480
v 30.929893 39.517586 76.567207
v 29.260521 40.368130 76.576569
v 30.929893 39.517586 76.567207
v 27.409986 40.661209 76.579781
v 25.559458 40.368130 76.576569
v 23.890249 39.838295 76.563271
v 23.138777 40.166115 68.144699
v 32.593304 36.231274 82.893539
v 32.719288 34.496788 82.855415
v 31.819181 37.750496 82.910233
v 30.613453 38.956150 82.923485
v 31.819181 37.750496 82.910233
v 29.094145 39.730225 82.932014
v 30.613453 38.956150 82.923485
v 27.409986 39.996967 82.934937
v 25.725800 39.730225 82.932014
v 24.206497 39.104134 82.925125
v 23.006323 38.590393 82.925964
v 21.748903 38.905098 76.614899
v 32.108883 35.942711 87.018059
v 32.348145 34.389606 86.989616
v 31.410448 37.313389 87.033119
v 30.322578 38.401161 87.045082
v 31.410448 37.313389 87.033119
v 28.951838 39.099560 87.052765
v 30.322578 38.401161 87.045082
v 27.432329 39.340206 87.055412
v 25.912859 39.099560 87.052765
v 24.542082 38.401161 87.045082
v 23.443729 37.304131 87.020729
v 24.542082 38.401161 87.045082
v 24.206497 39.104134 82.925125
v 23.443729 37.304131 87.020729
v 22.564163 37.916203 84.305687
v 22.564163 37.916203 84.305687
v 22.173037 36.555290 86.092941
v 20.465719 37.325733 83.930397
v 20.690887 37.689739 82.803307
v 20.241646 36.740242 85.053200
v 19.702389 32.217468 87.284950
v 21.960148 32.892735 86.923241
v 22.023243 35.188301 86.871071
v 19.838463 34.596992 86.823418
v 22.575947 34.774384 87.003006
v 22.835949 36.067005 87.015419
v 23.952047 31.006960 87.008728
v 23.755939 30.786879 86.640526
v 25.551035 29.600828 86.552864
v 25.587626 29.926388 86.996841
v 23.185125 32.075623 86.947975
v 32.101521 32.806984 86.984238
v 32.252789 32.417950 85.777580
v 32.298069 29.097662 82.767960
v 34.471737 34.644039 31.902092
v 25.551033 23.167459 84.141647
v 21.984417 23.558159 84.145943
v 21.984417 19.231075 82.362289
v 25.550966 19.231075 82.362289
v 32.635777 30.099972 76.500214
v 30.621006 23.146868 81.483971
v 29.889509 19.268194 79.381203
v 31.595669 29.107422 84.802162
v 25.551035 29.600828 86.552864
v 25.551033 28.964615 86.448975
v 27.487133 28.716293 86.284485
v 27.465094 29.296488 86.495346
v 27.465094 29.296488 86.495346
v 27.478310 29.568453 86.976990
v 25.587626 29.926388 86.996841
v 25.551035 29.600828 86.552864
v 29.538042 30.013365 86.965935
v 29.798180 29.679426 86.532150
v 29.798180 29.679426 86.532150
v 29.774103 29.092978 86.115616
v 21.984417 29.073608 86.450180
v 31.633430 31.189301 86.716354
v 21.230017 38.375557 79.751892
v 22.835949 36.067005 87.015419
v 22.023243 35.188301 86.871071
v 23.185125 32.075623 86.947975
v 22.824118 33.184189 86.920334
v 31.264147 31.359341 86.980728
v 29.538042 30.013365 86.965935
v 29.798180 29.679426 86.532150
v 29.774103 29.092978 86.115616
v 29.168455 23.127802 83.217728
v 30.621006 23.146868 81.483971
v 30.621006 23.146868 81.483971
v 31.595669 29.107422 84.802162
v 29.774103 29.092978 86.115616
v 29.168455 23.127802 83.217728
v 28.457565 19.247795 81.236320
v 29.889509 19.268194 79.381203
v 29.889509 19.268194 79.381203
v 29.168455 23.127802 83.217728
v 29.168455 23.127802 83.217728
v 28.457565 19.247795 81.236320
v 31.616180 30.589174 86.156708
v 31.616180 30.589174 86.156708
v 31.633430 31.189301 86.716354
v 20.030977 35.942154 86.012611
v 22.173037 36.555290 86.092941
v 23.755939 30.786879 86.640526
v 23.257975 30.195837 86.577065
v 22.173037 36.555290 86.092941
v 20.030977 35.942154 86.012611
v 19.875576 29.073610 86.450188
v 19.868357 23.558159 84.145958
v 19.868357 19.231075 82.362305
v 29.776993 42.181583 24.950983
v 28.533236 42.671852 24.977091
v 30.315083 41.986820 -5.917943
v 30.190346 42.227509 -1.690425
v 31.239658 41.782223 -1.687894
v 31.283270 41.523006 -5.918185
v 33.622978 39.213112 -5.943592
v 34.347157 37.221134 -5.965484
v 34.558369 26.739059 31.814484
v 34.347221 19.624420 31.734690
v 34.353760 19.963009 -6.155263
v 34.567154 27.126595 -6.076503
v 33.870136 14.074256 31.678137
v 33.879040 14.567429 -6.233001
v 34.126442 17.202972 -6.185632
v 34.523994 30.052811 -6.044323
v 34.508530 29.622416 31.840897
v 34.471996 34.037144 -6.001465
v 26.576731 56.572269 14.903348
v 26.457098 57.085232 13.462484
v 26.658468 55.719910 16.009033
v 27.786585 45.699406 26.199303
v 27.917439 44.761116 26.446306
v 28.160557 43.847195 26.130020
v 28.533236 42.671852 24.977091
v 28.351746 43.345181 24.980385
v 30.190346 42.227509 -1.690425
v 30.024212 42.996605 -1.663302
v 26.039536 58.613373 -6.633818
v 26.599232 56.582432 -3.213151
v 26.683136 56.163197 -4.090004
v 26.924465 55.328754 -4.613813
v 27.196253 54.318066 -4.710697
v 30.315083 41.986820 -5.917943
v 29.510324 45.372826 -4.038826
v 29.814077 44.097614 -3.689874
v 30.025705 43.342476 -3.078149
v 32.607269 40.328804 -5.931312
v 31.239658 41.782223 -1.687894
v 32.607269 40.328804 -5.931312
v 30.024212 42.996605 -1.663302
v 29.322838 42.996605 -1.663302
v 27.650377 43.345181 24.980385
v 28.351746 43.345181 24.980385
v 27.459160 43.847191 26.130018
v 28.160557 43.847195 26.130020
v 28.160557 43.847195 26.130020
v 27.459160 43.847191 26.130018
v 27.310658 44.761116 26.446306
v 27.917439 44.761116 26.446306
v 27.179811 45.699406 26.199303
v 27.786585 45.699406 26.199303
v 27.786585 45.699406 26.199303
v 27.179811 45.699406 26.199303
v 26.051685 55.719910 16.009033
v 26.658468 55.719910 16.009033
v 26.576731 56.572269 14.903348
v 25.969948 56.572269 14.903348
v 25.850319 57.085232 13.462485
v 26.457098 57.085232 13.462484
v 25.992453 56.582432 -3.213163
v 26.599232 56.582432 -3.213151
v 30.025705 43.342476 -3.078149
v 29.814077 44.097614 -3.689874
v 29.207304 44.097614 -3.689874
v 29.324335 43.342476 -3.078149
v 29.510324 45.372826 -4.038826
v 28.903543 45.372829 -4.038827
v 27.196253 54.318066 -4.710697
v 26.589478 54.318066 -4.710696
v 26.924465 55.328754 -4.613813
v 26.317682 55.328754 -4.613813
v 26.683136 56.163197 -4.090004
v 26.076359 56.163197 -4.090004
v 26.683136 56.163197 -4.090004
v 26.076359 56.163197 -4.090004
v 29.324335 43.342476 -3.078149
v 30.025705 43.342476 -3.078149
v 27.466560 53.585243 -37.129139
v 27.922726 52.342800 -35.453342
v 28.241724 51.276112 -36.392483
v 26.967566 55.319366 -33.878380
v 27.611774 53.593662 -33.322788
v 27.268570 54.369671 -8.821778
v 30.347630 43.224449 -35.941635
v 30.502827 42.617275 -35.326157
v 30.673044 41.336437 -38.552059
v 30.579147 42.308636 -34.559181
v 30.314409 42.700291 -10.190670
v 30.251144 43.025276 -9.003034
v 30.004532 43.864040 -8.338332
v 29.737833 44.873817 -8.084474
v 27.010927 55.366562 -9.076881
v 26.820681 56.096024 -9.542117
v 26.721863 56.462872 -10.285529
v 27.149902 54.816910 -29.090284
v 26.440346 56.727108 -29.464417
v 26.146179 57.460003 -25.145510
v 26.895828 55.517208 -24.870070
v 26.743034 56.157337 -17.375954
v 26.020107 58.046234 -17.697355
v 28.663382 49.759514 -37.043571
v 28.038744 51.610741 -39.483562
v 34.633034 27.219793 -15.692216
v 34.673321 30.138010 -13.831384
v 34.427097 20.438095 -20.285755
v 34.080299 14.993704 -26.514000
v 34.839649 34.043526 -12.217401
v 33.355473 38.019676 -38.594742
v 32.462280 39.674053 -38.581692
v 31.392145 40.749500 -38.571560
v 30.673044 41.336437 -38.552059
v 32.462280 39.674053 -38.581692
v 31.392145 40.749500 -38.571560
v 31.283270 41.523006 -5.918185
v 35.238796 34.731743 -13.755732
v 34.927624 35.811695 -13.531548
v 34.686943 36.167934 -29.041565
v 35.062778 34.822369 -29.056356
v 34.322216 35.770920 -38.586994
v 34.774960 34.566010 -38.611008
v 34.839649 34.043526 -12.217401
v 34.927624 35.811695 -13.531548
v 34.500168 36.222141 -13.437019
v 34.163692 36.608494 -29.036716
v 34.500168 36.222141 -13.437019
v 34.927624 35.811695 -13.531548
v 34.686943 36.167934 -29.041565
v 33.815170 36.202202 -38.593849
v 34.322216 35.770920 -38.586994
v 35.186245 33.098076 -14.335821
v 35.179546 33.362156 -29.099346
v 34.964813 33.296822 -38.629917
v 35.438225 24.530905 -29.976374
v 35.145550 24.746580 -38.721218
v 35.245110 27.010471 -38.696262
v 35.508137 26.936499 -29.554331
v 35.217049 29.344812 -38.669964
v 35.489933 29.507458 -29.304781
v 35.279526 27.224457 -18.412434
v 35.264595 30.034428 -16.529308
v 35.159592 23.107685 -34.315552
v 35.102379 22.536484 -33.463997
v 35.052673 23.664881 -38.719921
v 35.045166 21.744228 -32.934273
v 34.303864 14.993255 -30.750156
v 35.035233 23.044477 -21.379602
v 34.163692 36.608494 -29.036716
v 33.815170 36.202202 -38.593849
v 34.347157 37.221134 -5.965484
v 35.186245 33.098076 -14.335821
v 34.839649 34.043526 -12.217401
v 34.673321 30.138010 -13.831384
v 35.264595 30.034428 -16.529308
v 34.633034 27.219793 -15.692216
v 35.279526 27.224457 -18.412434
v 34.427097 20.438095 -20.285755
v 35.035233 23.044477 -21.379602
v 34.080299 14.993704 -26.514000
v 30.673044 41.336437 -38.552059
v 28.038744 51.610741 -39.483562
v 28.663382 49.759514 -37.043571
v 28.663382 49.759514 -37.043571
v 30.347630 43.224449 -35.941635
v 30.673044 41.336437 -38.552059
v 29.039026 44.873814 -8.084474
v 29.737833 44.873817 -8.084474
v 30.004532 43.864040 -8.338332
v 29.305721 43.864040 -8.338332
v 30.251144 43.025276 -9.003034
v 29.552345 43.025276 -9.003034
v 29.552345 43.025276 -9.003034
v 30.251144 43.025276 -9.003034
v 30.314409 42.700291 -10.190670
v 29.615602 42.700298 -10.190670
v 30.579147 42.308636 -34.559181
v 29.880331 42.308636 -34.559177
v 26.312122 55.366562 -9.076882
v 27.010927 55.366562 -9.076881
v 27.268570 54.369671 -8.821778
v 26.569763 54.369667 -8.821777
v 27.611774 53.593662 -33.322788
v 27.149902 54.816910 -29.090284
v 26.451096 54.816910 -29.090284
v 26.912968 53.593662 -33.322788
v 26.895828 55.517208 -24.870070
v 26.197023 55.517208 -24.870068
v 26.743034 56.157337 -17.375954
v 26.044222 56.157337 -17.375954
v 26.721863 56.462872 -10.285529
v 26.023050 56.462879 -10.285530
v 26.820681 56.096024 -9.542117
v 26.121874 56.096024 -9.542117
v 26.820681 56.096024 -9.542117
v 26.121874 56.096024 -9.542117
v 27.223911 52.342800 -35.453342
v 27.922726 52.342800 -35.453342
v 27.223911 52.342800 -35.453342
v 27.542919 51.276115 -36.392483
v 28.241724 51.276112 -36.392483
v 27.922726 52.342800 -35.453342
v 27.964575 49.759514 -37.043571
v 28.663382 49.759514 -37.043571
v 29.648829 43.224449 -35.941635
v 30.347630 43.224449 -35.941635
v 29.648829 43.224449 -35.941635
v 29.804024 42.617268 -35.326149
v 30.502827 42.617275 -35.326157
v 30.347630 43.224449 -35.941635
v 33.241211 37.843029 -46.846901
v 33.793118 35.821907 -46.866470
v 32.908791 37.250088 -54.872013
v 33.503315 35.319347 -54.888718
v 32.623245 36.627846 -62.897705
v 33.083523 34.617249 -62.914757
v 32.171494 35.820477 -70.925430
v 32.608330 33.912300 -70.980507
v 31.677069 35.097004 -78.090172
v 32.011665 33.211998 -78.091011
v 32.644562 39.155449 -46.832470
v 32.495392 38.541954 -54.857811
v 32.207722 37.697914 -62.885941
v 31.804970 36.965046 -70.912857
v 31.303139 36.326439 -78.076645
v 30.931025 35.482632 -85.260529
v 31.466158 38.911499 -62.872597
v 31.698435 39.620247 -54.845955
v 31.172092 38.107388 -70.900299
v 30.728861 37.384914 -78.065002
v 30.226015 36.737198 -84.974770
v 30.673044 41.336437 -38.552059
v 31.392145 40.749500 -38.571560
v 31.647285 40.325012 -46.819603
v 30.675438 40.634209 -54.834831
v 31.698435 39.620247 -54.845955
v 30.449158 39.830849 -62.862442
v 31.466158 38.911499 -62.872597
v 30.203281 38.964981 -70.890770
v 31.172092 38.107388 -70.900299
v 29.786774 38.109222 -78.057030
v 30.728861 37.384914 -78.065002
v 29.370796 37.402527 -84.815895
v 30.226015 36.737198 -84.974770
v 32.431744 16.438248 -71.206497
v 31.834677 17.267206 -78.248138
v 32.356880 19.660297 -78.221825
v 33.166634 19.330637 -71.174683
v 31.492794 18.852295 -87.181625
v 31.493860 20.415770 -87.156166
v 35.165428 26.879982 -47.030869
v 35.104694 29.126890 -47.006157
v 34.786121 26.465708 -54.981560
v 34.683830 28.908651 -54.954689
v 34.104233 25.444174 -63.010292
v 34.182541 28.659502 -62.974937
v 33.513962 23.886738 -71.124580
v 33.473473 28.269129 -71.076393
v 34.920376 32.745430 -46.966366
v 34.534679 31.933128 -54.921425
v 34.003006 30.767220 -62.951756
v 33.398895 29.458357 -71.063324
v 32.626434 28.071892 -78.129318
v 34.760548 34.107285 -46.951393
v 34.332230 33.288139 -54.906532
v 33.910309 32.341183 -62.934444
v 33.343491 31.345329 -71.042572
v 32.576359 30.393242 -78.103806
v 31.669666 27.288416 -87.061066
v 31.625969 29.342010 -86.601616
v 34.338631 35.435776 -46.902149
v 34.044559 34.732483 -54.890640
v 33.607723 33.807171 -62.918339
v 33.055817 32.893314 -71.025551
v 32.346222 32.040051 -78.085693
v 31.545000 31.341568 -86.141975
v 34.338631 35.435776 -46.902149
v 33.793118 35.821907 -46.866470
v 33.503315 35.319347 -54.888718
v 33.503315 35.319347 -54.888718
v 33.083523 34.617249 -62.914757
v 32.608330 33.912300 -70.980507
v 32.011665 33.211998 -78.091011
v 31.450396 32.431469 -85.869873
v 29.376299 26.750963 -89.655464
v 30.325060 26.763050 -89.431763
v 30.249151 20.460804 -90.927567
v 29.376297 20.464443 -91.256950
v 30.325060 26.763050 -89.431763
v 30.762957 26.812788 -89.075058
v 30.742273 20.453794 -90.290207
v 30.742273 20.453794 -90.290207
v 30.249151 20.460804 -90.927567
v 30.325060 26.763050 -89.431763
v 35.052673 23.664881 -38.719921
v 35.458626 23.027620 -38.961399
v 35.200588 23.062334 -47.076580
v 34.969379 23.445330 -47.063309
v 34.726448 22.788305 -55.076859
v 34.495251 23.199638 -55.037979
v 34.331173 22.977415 -57.949028
v 34.562382 22.540251 -57.949043
v 34.325836 21.972752 -60.161186
v 34.094635 22.388485 -60.522881
v 33.838940 21.042822 -62.246773
v 34.070133 20.627087 -61.885078
v 33.730247 18.594025 -62.857368
v 33.545940 18.905800 -63.323811
v 35.352116 22.009298 -38.974854
v 35.131775 21.533377 -38.968082
v 34.836205 21.580898 -47.083794
v 35.067413 22.038734 -47.113407
v 34.340771 21.335211 -55.058491
v 34.571968 21.793200 -55.102184
v 34.334370 21.654272 -57.898315
v 34.103161 21.147017 -57.857807
v 34.001942 20.722401 -59.393349
v 34.233154 21.182941 -59.669598
v 33.999817 20.005177 -61.298954
v 33.768616 19.543221 -60.894073
v 33.545940 17.913258 -61.642937
v 33.777134 18.375805 -62.101601
v 35.352116 22.009298 -38.974854
v 35.067413 22.038734 -47.113407
v 35.200588 23.062334 -47.076580
v 35.458626 23.027620 -38.961399
v 34.571968 21.793200 -55.102184
v 34.726448 22.788305 -55.076859
v 34.334370 21.654272 -57.898315
v 34.233154 21.182941 -59.669598
v 34.325836 21.972752 -60.161186
v 34.562382 22.540251 -57.949043
v 33.999817 20.005177 -61.298954
v 33.777134 18.375805 -62.101601
v 33.730247 18.594025 -62.857368
v 34.070133 20.627087 -61.885078
v 34.969379 23.445330 -47.063309
v 34.495251 23.199638 -55.037979
v 34.331173 22.977415 -57.949028
v 34.094635 22.388485 -60.522881
v 33.838940 21.042822 -62.246773
v 33.545940 18.905800 -63.323811
v 32.942093 15.692642 -63.517101
v 32.822552 14.943263 -62.272560
v 32.822552 14.943263 -62.272560
v 32.882900 14.987008 -63.059242
v 32.882900 14.987008 -63.059242
v 32.942093 15.692642 -63.517101
v 31.647285 40.325012 -46.819603
v 31.392145 40.749500 -38.571560
v 33.888958 12.080257 31.928900
v 33.876862 12.519196 -6.297169
v 34.955746 17.888641 -32.398422
v 34.303864 14.993255 -30.750156
v 34.292831 14.495339 -31.798193
v 35.348114 21.759750 -35.796726
v 35.138653 21.266981 -35.925133
v 33.868931 12.807109 -31.371288
v 34.227009 14.158415 -31.738600
v 34.227009 14.158415 -31.738600
v 33.868931 12.807109 -31.371288
v 34.058086 13.326110 -32.780720
v 33.848633 12.835945 -33.145760
v 35.055889 20.789253 -35.174007
v 35.328224 21.267986 -34.949219
v 35.308331 20.555162 -34.423553
v 34.973125 20.090462 -34.744717
v 34.292831 14.495339 -31.798193
v 34.242302 14.497861 -32.984188
v 34.673573 17.241146 -33.460541
v 34.955746 17.888641 -32.398422
v 34.242302 14.497861 -32.984188
v 34.110058 14.498823 -33.434498
v 34.464127 16.750992 -33.825562
v 34.673573 17.241146 -33.460541
v 35.102379 22.536484 -33.463997
v 35.540630 21.956305 -33.900723
v 35.603561 22.487785 -34.705421
v 35.159592 23.107685 -34.315552
v 35.328224 21.267986 -34.949219
v 35.348114 21.759750 -35.796726
v 35.603561 22.487785 -34.705421
v 35.540630 21.956305 -33.900723
v 35.045166 21.744228 -32.934273
v 35.477695 21.203768 -33.417866
v 35.477695 21.203768 -33.417866
v 35.308331 20.555162 -34.423553
v 31.467449 16.217192 74.586838
v 31.018465 18.345675 -87.187187
v 31.382732 16.490507 -78.256683
v 31.979794 15.581664 -71.215912
v 32.600407 15.031232 -63.523869
v 32.600407 15.031232 -63.523869
v 25.020409 59.535698 18.546511
v 25.117805 58.177746 19.753311
v 31.450396 32.431469 -85.869873
v 30.762957 26.812788 -89.075058
v 31.211807 20.440397 -89.211548
v 30.742273 20.453794 -90.290207
v 27.990547 26.812008 -88.999191
v 29.376299 26.750963 -89.655464
v 29.376297 20.464443 -91.256950
v 27.990541 20.456322 -90.515511
v 33.639103 12.067609 40.427082
v 33.888958 12.080257 31.928900
v -0.044140 12.099092 31.621084
v 33.876862 12.519196 -6.297169
v 19.913233 15.937136 73.696960
v -0.044140 15.920424 73.681786
v -0.044140 12.076140 40.576958
v 19.890739 12.072425 40.562828
v -0.044140 15.581658 -71.215874
v 31.979794 15.581664 -71.215912
v 19.674736 15.029307 -63.504444
v -0.044140 15.024719 -63.509708
v 31.382732 16.490507 -78.256683
v 26.784023 16.491974 -78.256905
v 26.785227 18.345388 -87.187096
v 31.018465 18.345675 -87.187187
v 19.704256 12.835811 -33.143391
v -0.044140 12.835809 -33.143379
v 19.681982 18.928026 -33.358734
v 34.209442 18.930540 -33.586964
v 33.848633 12.835945 -33.145760
v 19.704256 12.835811 -33.143391
v 19.674736 15.029307 -63.504444
v 32.600407 15.031232 -63.523869
v 32.816814 19.242077 -61.918171
v 19.681988 19.242075 -61.918163
v 19.674736 15.029307 -63.504444
v 19.681988 19.242075 -61.918163
v 19.704256 12.835811 -33.143391
v 19.681988 25.827234 -58.019047
v 33.143005 25.827234 -58.019016
v 33.063313 29.580599 -51.349720
v 19.681992 29.580599 -51.349739
v 19.681988 25.827234 -58.019047
v 33.143005 25.827234 -58.019016
v 19.681988 25.827234 -58.019047
v 19.681992 29.580599 -51.349739
v 33.446850 29.496447 -43.697250
v 19.681980 29.496447 -43.697273
v 33.825703 25.597334 -37.112083
v 19.681984 25.597336 -37.112091
v 19.681984 25.597336 -37.112091
v 33.825703 25.597334 -37.112083
v 19.681984 25.597336 -37.112091
v 19.681982 18.928026 -33.358734
v 19.681980 29.496447 -43.697273
v 33.639103 12.067609 40.427082
v 19.953272 16.788763 76.362686
v -0.044140 16.776363 76.367882
v 19.897415 29.252007 53.771858
v 19.897415 29.136303 63.697605
v 19.897415 27.951756 68.249008
v 19.897427 27.777723 48.940292
v 31.749439 15.934462 73.685509
v 19.913233 15.937136 73.696960
v 19.897415 24.882608 71.152840
v 31.884693 24.882603 71.152840
v 19.897415 27.951756 68.249008
v 32.258629 27.951756 68.249016
v 32.258629 27.951756 68.249016
v 19.897415 27.951756 68.249008
v 19.897415 29.136303 63.697605
v 32.518536 29.136303 63.697620
v 32.578899 29.252007 53.771866
v 19.897415 29.252007 53.771858
v 19.897427 27.777723 48.940292
v 32.807243 27.777731 48.940300
v 33.047150 22.019579 45.167763
v 32.807243 27.777731 48.940300
v 19.897427 27.777723 48.940292
v 19.897427 22.019579 45.167759
v 19.890739 12.072425 40.562828
v 33.639103 12.067609 40.427082
v 19.897415 24.882608 71.152840
v 19.897427 22.019579 45.167759
v 19.897427 22.019579 45.167759
v 19.897415 24.882608 71.152840
v 19.913233 15.937136 73.696960
v 19.913233 15.937136 73.696960
v 19.890739 12.072425 40.562828
v 19.897427 22.019579 45.167759
v 19.868357 19.231075 82.362305
v -0.044140 19.193567 82.347572
v 29.889509 19.268194 79.381203
v 28.457565 19.247795 81.236320
v 25.550966 19.231075 82.362289
v 25.550966 19.231075 82.362289
v 30.903866 16.796482 76.386169
v 29.889509 19.268194 79.381203
v 30.903866 16.796482 76.386169
v 25.550966 19.231075 82.362289
v 21.984417 19.231075 82.362289
v 31.467449 16.217192 74.586838
v 31.749439 15.934462 73.685509
v 34.209442 18.930540 -33.586964
v 34.464127 16.750992 -33.825562
v 34.110058 14.498823 -33.434498
v 33.545940 17.913258 -61.642937
v 32.816814 19.242077 -61.918171
v 32.600407 15.031232 -63.523869
v 32.600407 15.031232 -63.523869
v 32.822552 14.943263 -62.272560
v 33.545940 17.913258 -61.642937
v 33.768616 19.543221 -60.894073
v 34.340771 21.335211 -55.058491
v 33.063313 29.580599 -51.349720
v 33.143005 25.827234 -58.019016
v 34.103161 21.147017 -57.857807
v 34.001942 20.722401 -59.393349
v 32.816814 19.242077 -61.918171
v 34.001942 20.722401 -59.393349
v 34.836205 21.580898 -47.083794
v 35.131775 21.533377 -38.968082
v 33.825703 25.597334 -37.112083
v 33.446850 29.496447 -43.697250
v 35.138653 21.266981 -35.925133
v 34.209442 18.930540 -33.586964
v 33.825703 25.597334 -37.112083
v 35.138653 21.266981 -35.925133
v 34.209442 18.930540 -33.586964
v 35.138653 21.266981 -35.925133
v 35.055889 20.789253 -35.174007
v 34.209442 18.930540 -33.586964
v 35.055889 20.789253 -35.174007
v 34.973125 20.090462 -34.744717
v 34.973125 20.090462 -34.744717
v 32.600407 15.031232 -63.523869
v 32.882900 14.987008 -63.059242
v 32.822552 14.943263 -62.272560
v 10.836096 20.484842 -90.386230
v 15.466630 18.344633 -87.186760
v -0.044140 18.343599 -87.186333
v -0.044136 20.502937 -90.788406
v 15.466630 18.344633 -87.186760
v -0.044140 16.500526 -78.258308
v -0.044140 18.343599 -87.186333
v 18.106829 20.480953 -89.736572
v 21.473650 20.472355 -89.250259
v 15.466630 18.344633 -87.186760
v 21.473650 20.472355 -89.250259
v 26.785227 18.345388 -87.187096
v 24.403259 20.462259 -88.332146
v 26.785208 20.430897 -87.050072
v 26.785208 20.430897 -87.050072
v 27.061943 20.431940 -88.622032
v 26.785227 18.345388 -87.187096
v 27.990541 20.456322 -90.515511
v 27.990541 20.456322 -90.515511
v 29.376297 20.464443 -91.256950
v 26.785227 18.345388 -87.187096
v 31.018465 18.345675 -87.187187
v 30.249151 20.460804 -90.927567
v 30.249151 20.460804 -90.927567
v 30.742273 20.453794 -90.290207
v 31.018465 18.345675 -87.187187
v 31.211807 20.440397 -89.211548
v 31.492794 18.852295 -87.181625
v 31.018465 18.345675 -87.187187
v 30.742273 20.453794 -90.290207
v 31.211807 20.440397 -89.211548
v 31.493860 20.415770 -87.156166
v 31.492794 18.852295 -87.181625
v 34.471996 34.037144 -6.001465
v 34.500168 36.222141 -13.437019
v 33.724869 13.845705 41.185165
v 34.058086 13.326110 -32.780720
v 33.848633 12.835945 -33.145760
v 33.848633 12.835945 -33.145760
v 33.216442 23.855125 71.098366
v 32.862003 23.643288 70.909340
v 33.011761 24.707306 70.316292
v 33.371616 24.895969 70.526169
v 33.620651 26.696779 68.659332
v 33.526791 25.936810 69.658615
v 33.161518 25.771326 69.427895
v 33.248653 26.468218 68.466103
v 33.815609 27.769249 54.506195
v 33.917572 27.478464 51.885159
v 34.304432 27.715748 51.887768
v 34.202442 27.997396 54.508713
v 34.446297 25.477261 48.292229
v 34.415340 26.480305 49.334358
v 34.027874 26.296597 49.486855
v 34.059174 25.262783 48.443249
v 34.090473 24.076580 47.474731
v 34.095798 21.033392 45.634937
v 34.482655 21.519714 45.609734
v 34.482655 21.519714 45.609734
v 34.477253 24.321829 47.325199
v 34.090473 24.076580 47.474731
v 32.817749 24.991949 71.758949
v 33.166576 24.430088 71.736313
v 33.320007 25.511745 71.151314
v 32.963577 26.093342 71.161629
v 33.109409 27.194735 70.268936
v 33.473434 26.593409 70.270950
v 33.585506 27.536863 69.214989
v 33.234131 28.131794 69.229965
v 34.202442 29.258955 54.522579
v 34.314548 28.949369 51.641674
v 33.907772 29.559214 51.643417
v 33.814182 29.853416 54.507977
v 34.064770 26.993999 47.737858
v 34.031475 28.065895 48.782425
v 34.426617 27.499905 48.806068
v 34.454636 26.433891 47.757103
v 34.482655 25.215490 46.783222
v 34.482655 22.244436 45.098072
v 34.149975 22.658930 44.942654
v 34.149975 22.658930 44.942654
v 34.098057 25.769712 46.768375
v 34.482655 25.215490 46.783222
v 33.166576 24.430088 71.736313
v 33.216442 23.855125 71.098366
v 33.371616 24.895969 70.526169
v 33.320007 25.511745 71.151314
v 33.585506 27.536863 69.214989
v 33.473434 26.593409 70.270950
v 33.526791 25.936810 69.658615
v 33.620651 26.696779 68.659332
v 34.202442 27.997396 54.508713
v 34.304432 27.715748 51.887768
v 34.314548 28.949369 51.641674
v 34.202442 29.258955 54.522579
v 34.454636 26.433891 47.757103
v 34.426617 27.499905 48.806068
v 34.415340 26.480305 49.334358
v 34.446297 25.477261 48.292229
v 34.477253 24.321829 47.325199
v 34.482655 21.519714 45.609734
v 34.482655 22.244436 45.098072
v 34.482655 25.215490 46.783222
v 33.533302 29.782516 63.579945
v 33.922260 29.194935 63.590832
v 33.922260 29.194935 63.590832
v 33.922260 27.933371 63.576954
v 33.922260 27.933371 63.576954
v 33.535431 27.653772 63.573879
v 33.446083 29.521414 65.790710
v 33.809917 28.933353 65.780174
v 33.809917 28.933353 65.780174
v 33.818386 27.790781 65.523758
v 33.818386 27.790781 65.523758
v 33.435608 27.505167 65.444359
v 33.969620 28.971178 50.158497
v 34.370583 28.383261 50.169453
v 34.370583 28.383261 50.169453
v 34.359882 27.256651 50.556637
v 34.359882 27.256651 50.556637
v 33.972721 27.046156 50.631580
v 33.846329 13.848384 42.340912
v 34.482655 21.519714 45.609734
v 34.095798 21.033392 45.634937
v 34.095798 21.033392 45.634937
v 33.694580 13.848799 42.520157
v 33.846329 13.848384 42.340912
v 33.832397 13.846298 41.441845
v 33.846329 13.848384 42.340912
v 33.694958 12.085092 41.599739
v 33.694958 12.071287 40.669064
v 33.724869 13.845705 41.185165
v 34.482655 22.244436 45.098072
v 33.832397 13.846298 41.441845
v 33.724869 13.845705 41.185165
v 33.533302 29.782516 63.579945
v 33.814182 29.853416 54.507977
v 33.446083 29.521414 65.790710
v 34.149975 22.658930 44.942654
v 31.467449 16.217192 74.586838
v 32.125595 16.160389 74.401619
v 32.142498 15.974987 73.833603
v 32.125595 16.160389 74.401619
v 32.142498 15.974987 73.833603
v 31.749439 15.934462 73.685509
v 32.862003 23.643288 70.909340
v 33.216442 23.855125 71.098366
v 32.817749 24.991949 71.758949
v 32.963577 26.093342 71.161629
v 33.234131 28.131794 69.229965
v 33.358860 28.960461 68.001472
v 33.907772 29.559214 51.643417
v 33.969620 28.971178 50.158497
v 34.031475 28.065895 48.782425
v 34.098057 25.769712 46.768375
v 34.064770 26.993999 47.737858
v 31.749439 15.934462 73.685509
v 31.884693 24.882603 71.152840
v 32.862003 23.643288 70.909340
v 33.011761 24.707306 70.316292
v 32.258629 27.951756 68.249016
v 33.435608 27.505167 65.444359
v 33.335785 27.056717 67.314812
v 33.815609 27.769249 54.506195
v 33.535431 27.653772 63.573879
v 32.518536 29.136303 63.697620
v 32.578899 29.252007 53.771866
v 33.917572 27.478464 51.885159
v 32.807243 27.777731 48.940300
v 34.059174 25.262783 48.443249
v 34.027874 26.296597 49.486855
v 33.694580 13.848799 42.520157
v 34.095798 21.033392 45.634937
v 33.047150 22.019579 45.167763
v 33.047150 22.019579 45.167763
v 33.639103 12.067609 40.427082
v 33.694580 13.848799 42.520157
v 31.884693 24.882603 71.152840
v 32.258629 27.951756 68.249016
v 33.161518 25.771326 69.427895
v 33.248653 26.468218 68.466103
v 33.161518 25.771326 69.427895
v 32.807243 27.777731 48.940300
v 33.047150 22.019579 45.167763
v 34.090473 24.076580 47.474731
v 34.095798 21.033392 45.634937
v 32.578899 29.252007 53.771866
v 32.807243 27.777731 48.940300
v 33.917572 27.478464 51.885159
v 33.972721 27.046156 50.631580
v 33.917572 27.478464 51.885159
v 33.694958 12.071287 40.669064
v 33.694958 12.085092 41.599739
v 33.593899 12.111102 41.776764
v 33.639103 12.067609 40.427082
v 32.142498 15.974987 73.833603
v 32.125595 16.160389 74.401619
v 33.593899 12.111102 41.776764
v 33.694958 12.085092 41.599739
v 33.694958 12.071287 40.669064
v 33.639103 12.067609 40.427082
v 33.593899 12.111102 41.776764
v 33.620651 26.696779 68.659332
v 33.248653 26.468218 68.466103
v 33.335785 27.056717 67.314812
v 33.335785 27.056717 67.314812
v 33.714520 27.348351 67.470543
v 33.697575 28.371927 67.969536
v 33.358860 28.960461 68.001472
v 33.714520 27.348351 67.470543
v 33.697575 28.371927 67.969536
v 32.963577 26.093342 71.161629
v 33.320007 25.511745 71.151314
v 33.473434 26.593409 70.270950
v 33.109409 27.194735 70.268936
v 33.109409 27.194735 70.268936
v 33.335785 27.056717 67.314812
v 33.714520 27.348351 67.470543
v 34.027874 26.296597 49.486855
v 34.415340 26.480305 49.334358
v 34.477253 24.321829 47.325199
v 34.064770 26.993999 47.737858
v 34.454636 26.433891 47.757103
v 33.011761 24.707306 70.316292
v 34.059174 25.262783 48.443249
v 32.600407 15.031232 -63.523869
v 33.868931 12.807109 -31.371288
v 33.848633 12.835945 -33.145760
v 30.665987 34.419552 83.504654
v 30.506735 35.453205 83.528931
v 30.049532 36.350445 83.540375
v 30.049532 36.350445 83.540375
v 29.334818 37.065083 83.549683
v 28.434267 37.523911 83.555908
v 30.665987 34.419552 83.504654
v 30.049532 36.350445 83.540375
v 28.434267 37.523911 83.555908
v 27.435986 37.682003 83.558426
v 26.437731 37.523899 83.556999
v 26.437731 37.523899 83.556999
v 25.536747 37.064857 83.551765
v 24.820574 36.349575 83.530930
v 28.434267 37.523911 83.555908
v 26.437731 37.523899 83.556999
v 24.820574 36.349575 83.530930
v 24.820574 36.349575 83.530930
v 24.430193 35.554958 83.529457
v 24.271456 34.765778 83.521263
v 24.271456 34.765778 83.521263
v 24.453205 33.601460 83.442001
v 24.692736 32.865799 83.472557
v 24.820574 36.349575 83.530930
v 24.271456 34.765778 83.521263
v 24.692736 32.865799 83.472557
v 28.434267 37.523911 83.555908
v 24.820574 36.349575 83.530930
v 24.692736 32.865799 83.472557
v 30.665987 34.419552 83.504654
v 28.434267 37.523911 83.555908
v 24.692736 32.865799 83.472557
v 24.692736 32.865799 83.472557
v 25.129986 32.256218 83.536713
v 26.230272 31.529308 83.527153
v 26.230272 31.529308 83.527153
v 27.460281 31.296507 83.507637
v 28.817648 31.589746 83.494598
v 24.692736 32.865799 83.472557
v 26.230272 31.529308 83.527153
v 28.817648 31.589746 83.494598
v 30.665987 34.419552 83.504654
v 24.692736 32.865799 83.472557
v 28.817648 31.589746 83.494598
v 30.507078 33.399834 83.503960
v 30.665987 34.419552 83.504654
v 28.817648 31.589746 83.494598
v 29.987915 32.502289 83.505272
v 30.507078 33.399834 83.503960
v 28.817648 31.589746 83.494598
v 32.101521 32.806984 86.984238
v 30.507078 33.399834 83.503960
v 29.987915 32.502289 83.505272
v 29.987915 32.502289 83.505272
v 31.264147 31.359341 86.980728
v 32.101521 32.806984 86.984238
v 31.264147 31.359341 86.980728
v 29.987915 32.502289 83.505272
v 28.817648 31.589746 83.494598
v 28.817648 31.589746 83.494598
v 29.538042 30.013365 86.965935
v 31.264147 31.359341 86.980728
v 29.538042 30.013365 86.965935
v 28.817648 31.589746 83.494598
v 27.460281 31.296507 83.507637
v 27.460281 31.296507 83.507637
v 27.478310 29.568453 86.976990
v 29.538042 30.013365 86.965935
v 27.478310 29.568453 86.976990
v 27.460281 31.296507 83.507637
v 26.230272 31.529308 83.527153
v 26.230272 31.529308 83.527153
v 25.587626 29.926388 86.996841
v 27.478310 29.568453 86.976990
v 25.587626 29.926388 86.996841
v 26.230272 31.529308 83.527153
v 25.129986 32.256218 83.536713
v 25.129986 32.256218 83.536713
v 23.952047 31.006960 87.008728
v 25.587626 29.926388 86.996841
v 23.952047 31.006960 87.008728
v 25.129986 32.256218 83.536713
v 24.692736 32.865799 83.472557
v 24.692736 32.865799 83.472557
v 23.185125 32.075623 86.947975
v 23.952047 31.006960 87.008728
v 23.185125 32.075623 86.947975
v 24.692736 32.865799 83.472557
v 24.453205 33.601460 83.442001
v 24.453205 33.601460 83.442001
v 22.824118 33.184189 86.920334
v 23.185125 32.075623 86.947975
v 22.824118 33.184189 86.920334
v 24.453205 33.601460 83.442001
v 24.271456 34.765778 83.521263
v 24.271456 34.765778 83.521263
v 22.575947 34.774384 87.003006
v 22.824118 33.184189 86.920334
v 22.575947 34.774384 87.003006
v 24.271456 34.765778 83.521263
v 24.430193 35.554958 83.529457
v 24.430193 35.554958 83.529457
v 22.835949 36.067005 87.015419
v 22.575947 34.774384 87.003006
v 22.835949 36.067005 87.015419
v 24.430193 35.554958 83.529457
v 24.820574 36.349575 83.530930
v 24.820574 36.349575 83.530930
v 23.443729 37.304131 87.020729
v 22.835949 36.067005 87.015419
v 23.443729 37.304131 87.020729
v 24.820574 36.349575 83.530930
v 25.536747 37.064857 83.551765
v 25.536747 37.064857 83.551765
v 24.542082 38.401161 87.045082
v 23.443729 37.304131 87.020729
v 24.542082 38.401161 87.045082
v 25.536747 37.064857 83.551765
v 26.437731 37.523899 83.556999
v 26.437731 37.523899 83.556999
v 25.912859 39.099560 87.052765
v 24.542082 38.401161 87.045082
v 25.912859 39.099560 87.052765
v 26.437731 37.523899 83.556999
v 27.435986 37.682003 83.558426
v 27.435986 37.682003 83.558426
v 27.432329 39.340206 87.055412
v 25.912859 39.099560 87.052765
v 27.432329 39.340206 87.055412
v 27.435986 37.682003 83.558426
v 28.434267 37.523911 83.555908
v 28.434267 37.523911 83.555908
v 28.951838 39.099560 87.052765
v 27.432329 39.340206 87.055412
v 28.951838 39.099560 87.052765
v 28.434267 37.523911 83.555908
v 29.334818 37.065083 83.549683
v 29.334818 37.065083 83.549683
v 30.322578 38.401161 87.045082
v 28.951838 39.099560 87.052765
v 30.322578 38.401161 87.045082
v 29.334818 37.065083 83.549683
v 30.049532 36.350445 83.540375
v 30.049532 36.350445 83.540375
v 31.410448 37.313389 87.033119
v 30.322578 38.401161 87.045082
v 31.410448 37.313389 87.033119
v 30.049532 36.350445 83.540375
v 30.506735 35.453205 83.528931
v 30.506735 35.453205 83.528931
v 32.108883 35.942711 87.018059
v 31.410448 37.313389 87.033119
v 32.108883 35.942711 87.018059
v 30.506735 35.453205 83.528931
v 30.665987 34.419552 83.504654
v 30.665987 34.419552 83.504654
v 32.348145 34.389606 86.989616
v 32.108883 35.942711 87.018059
v 32.348145 34.389606 86.989616
v 30.665987 34.419552 83.504654
v 30.507078 33.399834 83.503960
v 30.507078 33.399834 83.503960
v 32.101521 32.806984 86.984238
v 32.348145 34.389606 86.989616
v 18.386007 19.180239 76.251732
v -0.044140 31.005926 82.960068
v -0.044140 19.229650 76.092064
v 18.363819 22.216309 77.294952
v 18.370998 27.705059 79.587959
v 18.028339 29.806482 80.172600
v 18.028339 29.806482 80.172600
v 14.558290 30.145218 81.031113
v 9.444923 30.565001 81.962761
v 18.363819 22.216309 77.294952
v 18.028339 29.806482 80.172600
v 9.444923 30.565001 81.962761
v 9.444923 30.565001 81.962761
v 3.430842 30.852062 82.779335
v -0.044140 31.005926 82.960068
v 18.363819 22.216309 77.294952
v 9.444923 30.565001 81.962761
v -0.044140 31.005926 82.960068
v 18.363819 22.216309 77.294952
v -0.044140 31.005926 82.960068
v 18.386007 19.180239 76.251732
v 19.875576 29.073610 86.450188
v 18.370998 27.705059 79.587959
v 18.363819 22.216309 77.294952
v 19.868357 23.558159 84.145958
v 19.868357 23.558159 84.145958
v 18.363819 22.216309 77.294952
v 18.386007 19.180239 76.251732
v 18.386007 19.180239 76.251732
v 19.868357 19.231075 82.362305
v 19.868357 23.558159 84.145958
v 19.868357 19.231075 82.362305
v 18.386007 19.180239 76.251732
v -0.044140 19.229650 76.092064
v -0.044140 19.229650 76.092064
v -0.044140 19.193567 82.347572
v 19.868357 19.231075 82.362305
v -0.044138 33.626942 90.669235
v -0.044140 31.005926 82.960068
v 3.430842 30.852062 82.779335
v 3.430842 30.852062 82.779335
v 3.549787 33.525684 90.363098
v -0.044138 33.626942 90.669235
v 3.549787 33.525684 90.363098
v 3.430842 30.852062 82.779335
v 9.444923 30.565001 81.962761
v 9.444923 30.565001 81.962761
v 9.624877 33.235909 89.537758
v 3.549787 33.525684 90.363098
v 9.624877 33.235909 89.537758
v 9.444923 30.565001 81.962761
v 14.558290 30.145218 81.031113
v 14.558290 30.145218 81.031113
v 14.796431 32.810894 88.596642
v 9.624877 33.235909 89.537758
v 14.796431 32.810894 88.596642
v 14.558290 30.145218 81.031113
v 18.028339 29.806482 80.172600
v 18.028339 29.806482 80.172600
v 18.156567 32.452408 87.910286
v 14.796431 32.810894 88.596642
v 18.156567 32.452408 87.910286
v 18.028339 29.806482 80.172600
v 19.702389 32.217468 87.284950
v 19.702389 32.217468 87.284950
v 18.028339 29.806482 80.172600
v 18.370998 27.705059 79.587959
v 18.370998 27.705059 79.587959
v 19.875576 29.073610 86.450188
v 19.702389 32.217468 87.284950
v 31.023172 25.265331 -84.942062
v 27.687880 25.268200 -84.955544
v 27.719263 26.712141 -84.750793
v 27.719263 26.712141 -84.750793
v 30.981544 27.275236 -84.616333
v 31.023172 25.265331 -84.942062
v 30.981544 27.275236 -84.616333
v 27.719263 26.712141 -84.750793
v 27.800022 28.985996 -84.215591
v 27.800022 28.985996 -84.215591
v 30.901375 29.255022 -84.161026
v 30.981544 27.275236 -84.616333
v 30.810144 30.305151 -83.895485
v 30.901375 29.255022 -84.161026
v 27.800022 28.985996 -84.215591
v 27.800022 28.985996 -84.215591
v 28.052284 31.845036 -83.575691
v 30.810144 30.305151 -83.895485
v 30.312990 33.225937 -83.312874
v 30.810144 30.305151 -83.895485
v 28.052284 31.845036 -83.575691
v 28.052284 31.845036 -83.575691
v 28.316032 32.793121 -83.395378
v 30.312990 33.225937 -83.312874
v 30.312990 33.225937 -83.312874
v 28.316032 32.793121 -83.395378
v 28.568735 33.483406 -83.262947
v 28.568735 33.483406 -83.262947
v 29.721910 34.278748 -83.077797
v 30.312990 33.225937 -83.312874
v 29.040806 34.322414 -83.073654
v 29.360113 34.559914 -83.009354
v 29.721910 34.278748 -83.077797
v 29.721910 34.278748 -83.077797
v 28.568735 33.483406 -83.262947
v 29.040806 34.322414 -83.073654
v 31.023172 25.265331 -84.942062
v 30.233171 24.827976 -86.691284
v 28.469032 24.840456 -86.532501
v 28.469032 24.840456 -86.532501
v 27.687880 25.268200 -84.955544
v 31.023172 25.265331 -84.942062
v 30.233171 24.827976 -86.691284
v 30.029562 24.785336 -86.854721
v 29.445274 24.782940 -86.993111
v 29.445274 24.782940 -86.993111
v 28.469032 24.840456 -86.532501
v 30.233171 24.827976 -86.691284
v 27.985220 35.790134 -85.197769
v 28.294893 35.653763 -85.227730
v 28.030123 34.930786 -85.367798
v 28.030123 34.930786 -85.367798
v 27.706953 35.030704 -85.346809
v 27.985220 35.790134 -85.197769
v 27.706953 35.030704 -85.346809
v 28.030123 34.930786 -85.367798
v 27.755999 33.945618 -85.556206
v 27.755999 33.945618 -85.556206
v 27.421236 34.004105 -85.544411
v 27.706953 35.030704 -85.346809
v 27.421236 34.004105 -85.544411
v 27.755999 33.945618 -85.556206
v 27.500710 31.052170 -86.203156
v 27.500710 31.052170 -86.203156
v 27.162561 31.072178 -86.199181
v 27.421236 34.004105 -85.544411
v 27.162561 31.072178 -86.199181
v 27.500710 31.052170 -86.203156
v 27.419619 28.768843 -86.741005
v 27.081087 28.778179 -86.739540
v 27.081087 28.778179 -86.739540
v 27.419619 28.768843 -86.741005
v 27.387896 27.302792 -87.013542
v 27.387896 27.302792 -87.013542
v 27.048784 27.288225 -87.088058
v 27.081087 28.778179 -86.739540
v 27.048784 27.288225 -87.088058
v 27.387896 27.302792 -87.013542
v 28.244820 26.850246 -88.747772
v 28.244820 26.850246 -88.747772
v 27.990547 26.812008 -88.999191
v 27.048784 27.288225 -87.088058
v 27.990547 26.812008 -88.999191
v 28.244820 26.850246 -88.747772
v 29.414339 26.789455 -89.300644
v 29.414339 26.789455 -89.300644
v 29.376299 26.750963 -89.655464
v 27.990547 26.812008 -88.999191
v 29.376299 26.750963 -89.655464
v 29.414339 26.789455 -89.300644
v 30.170771 26.796810 -89.122040
v 30.170771 26.796810 -89.122040
v 30.325060 26.763050 -89.431763
v 29.376299 26.750963 -89.655464
v 30.325060 26.763050 -89.431763
v 30.170771 26.796810 -89.122040
v 30.484941 26.844515 -88.867432
v 30.484941 26.844515 -88.867432
v 30.762957 26.812788 -89.075058
v 30.325060 26.763050 -89.431763
v 30.762957 26.812788 -89.075058
v 30.484941 26.844515 -88.867432
v 31.330118 27.301472 -86.993370
v 31.330118 27.301472 -86.993370
v 31.669666 27.288416 -87.061066
v 30.762957 26.812788 -89.075058
v 31.669666 27.288416 -87.061066
v 31.330118 27.301472 -86.993370
v 31.287462 29.332226 -86.604584
v 31.287462 29.332226 -86.604584
v 31.625969 29.342010 -86.601616
v 31.669666 27.288416 -87.061066
v 31.625969 29.342010 -86.601616
v 31.287462 29.332226 -86.604584
v 31.206911 31.321363 -86.147308
v 31.206911 31.321363 -86.147308
v 31.545000 31.341568 -86.141975
v 31.625969 29.342010 -86.601616
v 31.545000 31.341568 -86.141975
v 31.206911 31.321363 -86.147308
v 31.114092 32.390274 -85.878700
v 31.114092 32.390274 -85.878700
v 31.450396 32.431469 -85.869873
v 31.545000 31.341568 -86.141975
v 31.450396 32.431469 -85.869873
v 31.114092 32.390274 -85.878700
v 30.606440 35.372639 -85.283562
v 30.606440 35.372639 -85.283562
v 30.931025 35.482632 -85.260529
v 31.450396 32.431469 -85.869873
v 30.931025 35.482632 -85.260529
v 30.606440 35.372639 -85.283562
v 29.961573 36.520691 -85.024513
v 29.961573 36.520691 -85.024513
v 30.226015 36.737198 -84.974770
v 30.931025 35.482632 -85.260529
v 30.226015 36.737198 -84.974770
v 29.961573 36.520691 -85.024513
v 29.366816 36.983292 -84.913612
v 29.366816 36.983292 -84.913612
v 29.370796 37.402527 -84.815895
v 30.226015 36.737198 -84.974770
v 29.370796 37.402527 -84.815895
v 29.366816 36.983292 -84.913612
v 28.808922 36.567139 -85.020683
v 28.808922 36.567139 -85.020683
v 28.546156 36.786594 -84.970703
v 29.370796 37.402527 -84.815895
v 28.546156 36.786594 -84.970703
v 28.808922 36.567139 -85.020683
v 28.294893 35.653763 -85.227730
v 28.294893 35.653763 -85.227730
v 27.985220 35.790134 -85.197769
v 28.546156 36.786594 -84.970703
v 28.294893 35.653763 -85.227730
v 28.568735 33.483406 -83.262947
v 28.316032 32.793121 -83.395378
v 28.316032 32.793121 -83.395378
v 28.030123 34.930786 -85.367798
v 28.294893 35.653763 -85.227730
v 28.030123 34.930786 -85.367798
v 28.316032 32.793121 -83.395378
v 28.052284 31.845036 -83.575691
v 28.052284 31.845036 -83.575691
v 27.755999 33.945618 -85.556206
v 28.030123 34.930786 -85.367798
v 27.755999 33.945618 -85.556206
v 28.052284 31.845036 -83.575691
v 27.800022 28.985996 -84.215591
v 27.800022 28.985996 -84.215591
v 27.500710 31.052170 -86.203156
v 27.500710 31.052170 -86.203156
v 27.800022 28.985996 -84.215591
v 27.719263 26.712141 -84.750793
v 27.419619 28.768843 -86.741005
v 27.419619 28.768843 -86.741005
v 27.719263 26.712141 -84.750793
v 27.687880 25.268200 -84.955544
v 27.687880 25.268200 -84.955544
v 27.387896 27.302792 -87.013542
v 27.419619 28.768843 -86.741005
v 27.387896 27.302792 -87.013542
v 27.687880 25.268200 -84.955544
v 28.469032 24.840456 -86.532501
v 28.469032 24.840456 -86.532501
v 28.244820 26.850246 -88.747772
v 27.387896 27.302792 -87.013542
v 28.244820 26.850246 -88.747772
v 28.469032 24.840456 -86.532501
v 29.445274 24.782940 -86.993111
v 29.445274 24.782940 -86.993111
v 29.414339 26.789455 -89.300644
v 28.244820 26.850246 -88.747772
v 29.414339 26.789455 -89.300644
v 29.445274 24.782940 -86.993111
v 30.029562 24.785336 -86.854721
v 30.029562 24.785336 -86.854721
v 30.170771 26.796810 -89.122040
v 29.414339 26.789455 -89.300644
v 30.170771 26.796810 -89.122040
v 30.029562 24.785336 -86.854721
v 30.233171 24.827976 -86.691284
v 30.233171 24.827976 -86.691284
v 30.484941 26.844515 -88.867432
v 30.170771 26.796810 -89.122040
v 30.484941 26.844515 -88.867432
v 30.233171 24.827976 -86.691284
v 31.023172 25.265331 -84.942062
v 31.023172 25.265331 -84.942062
v 31.330118 27.301472 -86.993370
v 30.484941 26.844515 -88.867432
v 31.330118 27.301472 -86.993370
v 31.023172 25.265331 -84.942062
v 30.981544 27.275236 -84.616333
v 30.981544 27.275236 -84.616333
v 31.287462 29.332226 -86.604584
v 31.330118 27.301472 -86.993370
v 31.287462 29.332226 -86.604584
v 30.981544 27.275236 -84.616333
v 30.901375 29.255022 -84.161026
v 31.206911 31.321363 -86.147308
v 31.206911 31.321363 -86.147308
v 30.901375 29.255022 -84.161026
v 30.810144 30.305151 -83.895485
v 30.810144 30.305151 -83.895485
v 31.114092 32.390274 -85.878700
v 31.206911 31.321363 -86.147308
v 31.114092 32.390274 -85.878700
v 30.810144 30.305151 -83.895485
v 30.312990 33.225937 -83.312874
v 30.606440 35.372639 -85.283562
v 30.606440 35.372639 -85.283562
v 30.312990 33.225937 -83.312874
v 29.721910 34.278748 -83.077797
v 29.721910 34.278748 -83.077797
v 29.961573 36.520691 -85.024513
v 30.606440 35.372639 -85.283562
v 29.961573 36.520691 -85.024513
v 29.721910 34.278748 -83.077797
v 29.360113 34.559914 -83.009354
v 29.360113 34.559914 -83.009354
v 29.366816 36.983292 -84.913612
v 29.961573 36.520691 -85.024513
v 29.366816 36.983292 -84.913612
v 29.360113 34.559914 -83.009354
v 29.040806 34.322414 -83.073654
v 29.040806 34.322414 -83.073654
v 28.808922 36.567139 -85.020683
v 29.366816 36.983292 -84.913612
v 28.808922 36.567139 -85.020683
v 29.040806 34.322414 -83.073654
v 28.568735 33.483406 -83.262947
v 28.568735 33.483406 -83.262947
v 28.294893 35.653763 -85.227730
v 28.808922 36.567139 -85.020683
v 29.464182 17.400551 -10.000440
v 29.728813 17.006382 -31.517765
v -0.044140 17.009003 -31.523418
v -0.044140 17.009003 -31.523418
v -0.044140 17.400654 -9.997022
v 29.464182 17.400551 -10.000440
v 26.624262 45.734737 30.575130
v 27.310658 44.761116 26.446306
v 27.459160 43.847191 26.130018
v 27.459160 43.847191 26.130018
v 25.968676 44.743305 32.629108
v 26.624262 45.734737 30.575130
v 26.743116 47.188740 28.700285
v 27.179811 45.699406 26.199303
v 27.310658 44.761116 26.446306
v 27.310658 44.761116 26.446306
v 26.624262 45.734737 30.575130
v 26.743116 47.188740 28.700285
v 26.028955 55.358753 20.586142
v 26.051685 55.719910 16.009033
v 27.179811 45.699406 26.199303
v 27.179811 45.699406 26.199303
v 26.743116 47.188740 28.700285
v 26.028955 55.358753 20.586142
v 25.850319 57.085232 13.462485
v 11.995661 62.833836 13.462482
v 12.039789 62.331043 -3.213164
v 12.039789 62.331043 -3.213164
v 25.992453 56.582432 -3.213163
v 25.850319 57.085232 13.462485
v 26.023050 56.462879 -10.285530
v 12.049289 62.211475 -10.285529
v 12.055862 61.905945 -17.375950
v 12.055862 61.905945 -17.375950
v 26.044222 56.157337 -17.375954
v 26.023050 56.462879 -10.285530
v 25.968676 44.743305 32.629108
v 27.459160 43.847191 26.130018
v 27.650377 43.345181 24.980385
v 27.650377 43.345181 24.980385
v 23.898781 44.625271 34.605755
v 25.968676 44.743305 32.629108
v 29.324335 43.342476 -3.078149
v 29.207304 44.097614 -3.689874
v 29.305721 43.864040 -8.338332
v 29.305721 43.864040 -8.338332
v 29.552345 43.025276 -9.003034
v 29.324335 43.342476 -3.078149
v 29.207304 44.097614 -3.689874
v 28.903543 45.372829 -4.038827
v 29.039026 44.873814 -8.084474
v 29.039026 44.873814 -8.084474
v 29.305721 43.864040 -8.338332
v 29.207304 44.097614 -3.689874
v 26.589478 54.318066 -4.710696
v 26.569763 54.369667 -8.821777
v 29.039026 44.873814 -8.084474
v 29.039026 44.873814 -8.084474
v 28.903543 45.372829 -4.038827
v 26.589478 54.318066 -4.710696
v 26.317682 55.328754 -4.613813
v 26.312122 55.366562 -9.076882
v 26.569763 54.369667 -8.821777
v 26.569763 54.369667 -8.821777
v 26.589478 54.318066 -4.710696
v 26.317682 55.328754 -4.613813
v 26.317682 55.328754 -4.613813
v 26.076359 56.163197 -4.090004
v 26.121874 56.096024 -9.542117
v 26.121874 56.096024 -9.542117
v 26.312122 55.366562 -9.076882
v 26.317682 55.328754 -4.613813
v 26.076359 56.163197 -4.090004
v 25.992453 56.582432 -3.213163
v 26.023050 56.462879 -10.285530
v 26.023050 56.462879 -10.285530
v 26.121874 56.096024 -9.542117
v 26.076359 56.163197 -4.090004
v 29.324335 43.342476 -3.078149
v 29.552345 43.025276 -9.003034
v 29.615602 42.700298 -10.190670
v 29.615602 42.700298 -10.190670
v 29.322838 42.996605 -1.663302
v 29.324335 43.342476 -3.078149
v 29.804024 42.617268 -35.326149
v 29.648829 43.224449 -35.941635
v 26.936798 42.641048 -53.427910
v 26.936798 42.641048 -53.427910
v 26.174898 41.347115 -54.751789
v 29.804024 42.617268 -35.326149
v -0.044140 30.805811 -35.132496
v -0.044140 17.009003 -31.523418
v 29.728813 17.006382 -31.517765
v 29.728813 17.006382 -31.517765
v 29.653730 30.804115 -35.112133
v -0.044140 30.805811 -35.132496
v 29.648829 43.224449 -35.941635
v 27.964575 49.759514 -37.043571
v 25.433880 51.074509 -46.959190
v 25.433880 51.074509 -46.959190
v 26.936798 42.641048 -53.427910
v 29.648829 43.224449 -35.941635
v 27.964575 49.759514 -37.043571
v 27.542919 51.276115 -36.392483
v 23.777437 53.868324 -45.939087
v 23.777437 53.868324 -45.939087
v 25.433880 51.074509 -46.959190
v 27.964575 49.759514 -37.043571
v 27.223911 52.342800 -35.453342
v 20.146460 55.578068 -46.371132
v 23.777437 53.868324 -45.939087
v 23.777437 53.868324 -45.939087
v 27.542919 51.276115 -36.392483
v 27.223911 52.342800 -35.453342
v 20.146460 55.578068 -46.371132
v 27.223911 52.342800 -35.453342
v 26.912968 53.593662 -33.322788
v 26.912968 53.593662 -33.322788
v 14.699442 56.597973 -46.714718
v 20.146460 55.578068 -46.371132
v 26.451096 54.816910 -29.090284
v 12.182184 60.565517 -29.090286
v 12.325582 59.342270 -33.322788
v 12.325582 59.342270 -33.322788
v 26.912968 53.593662 -33.322788
v 26.451096 54.816910 -29.090284
v 27.500673 18.041801 25.141479
v 29.171556 17.696815 -1.476994
v -0.044140 17.696970 -1.469654
v -0.044140 17.696970 -1.469654
v -0.044140 18.045546 25.174034
v 27.500673 18.041801 25.141479
v 12.103304 61.265823 -24.870066
v 12.055862 61.905945 -17.375950
v -0.044140 61.905945 -17.375950
v -0.044140 61.265816 -24.870066
v -0.044140 60.565521 -29.090284
v 12.182184 60.565517 -29.090286
v 12.103304 61.265823 -24.870066
v 12.049289 62.211475 -10.285529
v 12.039789 62.331043 -3.213164
v -0.044140 62.331039 -3.213164
v -0.044140 62.211475 -10.285529
v 29.171556 17.696815 -1.476994
v 29.464182 17.400551 -10.000440
v -0.044140 17.400654 -9.997022
v -0.044140 17.400654 -9.997022
v -0.044140 17.696970 -1.469654
v 29.171556 17.696815 -1.476994
v 23.794931 19.305668 34.649281
v 27.500673 18.041801 25.141479
v -0.044140 18.045546 25.174034
v -0.044140 18.045546 25.174034
v -0.044140 19.305668 34.649277
v 23.794931 19.305668 34.649281
v 4.901587 47.006741 37.409084
v 9.674203 46.768654 37.156326
v 14.691889 46.313946 36.822056
v 14.691889 46.313946 36.822056
v 21.004831 45.313156 35.668510
v 23.898781 44.625271 34.605755
v 14.691889 46.313946 36.822056
v 23.898781 44.625271 34.605755
v -0.044140 44.625271 34.605755
v 4.901587 47.006741 37.409084
v 14.691889 46.313946 36.822056
v -0.044140 44.625271 34.605755
v -0.044136 47.078533 37.487350
v 4.901587 47.006741 37.409084
v -0.044140 44.625271 34.605755
v -0.044140 30.805811 -35.132496
v 29.653730 30.804115 -35.112133
v 26.037249 29.492605 -54.467129
v 26.037249 29.492605 -54.467129
v -0.044140 29.535656 -54.558144
v -0.044140 30.805811 -35.132496
v 8.011221 57.057770 -46.878193
v 12.325582 59.342270 -33.322788
v -0.044140 59.342270 -33.322788
v -0.044140 59.342270 -33.322788
v -0.044136 57.234058 -47.030491
v 8.011221 57.057770 -46.878193
v 26.037249 29.492605 -54.467129
v 24.285442 29.830135 -55.295792
v 20.082920 30.646029 -56.572296
v 20.082920 30.646029 -56.572296
v 16.166660 31.271128 -57.474503
v 10.822969 31.693092 -58.050987
v 26.037249 29.492605 -54.467129
v 20.082920 30.646029 -56.572296
v 10.822969 31.693092 -58.050987
v 26.037249 29.492605 -54.467129
v 10.822969 31.693092 -58.050987
v -0.044140 32.057911 -58.502403
v -0.044140 29.535656 -54.558144
v 26.037249 29.492605 -54.467129
v -0.044140 32.057911 -58.502403
v 25.660526 56.975056 19.502060
v 25.969948 56.572269 14.903348
v 26.051685 55.719910 16.009033
v 26.051685 55.719910 16.009033
v 26.028955 55.358753 20.586142
v 25.660526 56.975056 19.502060
v 25.117805 58.177746 19.753311
v 25.850319 57.085232 13.462485
v 25.969948 56.572269 14.903348
v 25.969948 56.572269 14.903348
v 25.660526 56.975056 19.502060
v 25.117805 58.177746 19.753311
v 7.995489 60.298119 23.113823
v 11.995661 62.833836 13.462482
v 14.752648 60.080257 22.756002
v -0.044140 62.833836 13.462485
v -0.044140 62.331039 -3.213164
v 12.039789 62.331043 -3.213164
v 11.995661 62.833836 13.462482
v -0.044140 61.905945 -17.375950
v 12.049289 62.211475 -10.285529
v 12.182184 60.565517 -29.090286
v -0.044140 60.565521 -29.090284
v -0.044140 59.342270 -33.322788
v 12.103304 61.265823 -24.870066
v 26.197023 55.517208 -24.870068
v 26.044222 56.157337 -17.375954
v 12.103304 61.265823 -24.870066
v 26.197023 55.517208 -24.870068
v 12.182184 60.565517 -29.090286
v 26.023050 56.462879 -10.285530
v 12.039789 62.331043 -3.213164
v 7.995489 60.298119 23.113823
v -0.044136 60.498722 23.383595
v -0.044140 62.833836 13.462485
v -0.044140 62.833836 13.462485
v 7.995489 60.298119 23.113823
v 8.011221 57.057770 -46.878193
v 14.699442 56.597973 -46.714718
v 12.325582 59.342270 -33.322788
v 14.699442 56.597973 -46.714718
v 25.850319 57.085232 13.462485
v 25.117805 58.177746 19.753311
v 23.847483 58.807888 20.432846
v 23.847483 58.807888 20.432846
v 22.356165 59.184132 21.134413
v 19.939907 59.594475 21.897413
v 25.850319 57.085232 13.462485
v 23.847483 58.807888 20.432846
v 19.939907 59.594475 21.897413
v 19.939907 59.594475 21.897413
v 11.995661 62.833836 13.462482
v 19.939907 59.594475 21.897413
v 14.752648 60.080257 22.756002
v 20.129051 42.532047 -56.889549
v 16.197206 43.159489 -57.795448
v 16.166660 31.271128 -57.474503
v 20.082920 30.646029 -56.572296
v 16.197206 43.159489 -57.795448
v 10.836990 43.582676 -58.373760
v 10.822969 31.693092 -58.050987
v 16.166660 31.271128 -57.474503
v 10.836990 43.582676 -58.373760
v -0.044136 43.947910 -58.825798
v -0.044140 32.057911 -58.502403
v -0.044140 32.057911 -58.502403
v 10.822969 31.693092 -58.050987
v 10.836990 43.582676 -58.373760
v -0.044140 44.625271 34.605755
v 23.898781 44.625271 34.605755
v 23.794931 19.305668 34.649281
v -0.044140 19.305668 34.649277
v 23.898781 44.625271 34.605755
v 27.650377 43.345181 24.980385
v 27.500673 18.041801 25.141479
v 23.794931 19.305668 34.649281
v 27.650377 43.345181 24.980385
v 29.322838 42.996605 -1.663302
v 29.171556 17.696815 -1.476994
v 27.500673 18.041801 25.141479
v 29.322838 42.996605 -1.663302
v 29.615602 42.700298 -10.190670
v 29.464182 17.400551 -10.000440
v 29.171556 17.696815 -1.476994
v 29.615602 42.700298 -10.190670
v 29.880331 42.308636 -34.559177
v 29.728813 17.006382 -31.517765
v 29.728813 17.006382 -31.517765
v 29.464182 17.400551 -10.000440
v 29.615602 42.700298 -10.190670
v 29.880331 42.308636 -34.559177
v 29.804024 42.617268 -35.326149
v 29.653730 30.804115 -35.112133
v 29.653730 30.804115 -35.112133
v 29.728813 17.006382 -31.517765
v 29.880331 42.308636 -34.559177
v 29.804024 42.617268 -35.326149
v 26.174898 41.347115 -54.751789
v 26.037249 29.492605 -54.467129
v 29.653730 30.804115 -35.112133
v 26.174898 41.347115 -54.751789
v 24.345453 41.713501 -55.608810
v 24.285442 29.830135 -55.295792
v 24.285442 29.830135 -55.295792
v 26.037249 29.492605 -54.467129
v 26.174898 41.347115 -54.751789
v 24.345453 41.713501 -55.608810
v 20.129051 42.532047 -56.889549
v 20.082920 30.646029 -56.572296
v 24.285442 29.830135 -55.295792
v 13.795324 18.994686 80.921715
v 17.169214 18.994686 80.921715
v 10.846747 31.736624 85.262955
v 7.472857 31.736624 85.262955
v 13.795323 18.990606 78.949570
v 17.169214 18.990606 78.949570
v 17.169214 18.994686 80.921715
v 13.795324 18.994686 80.921715
v 17.169214 18.990606 78.949570
v 10.846747 31.174742 83.290810
v 10.846747 31.736624 85.262955
v 17.169214 18.994686 80.921715
v 10.846747 31.174742 83.290810
v 7.472857 31.174742 83.290810
v 7.472857 31.736624 85.262955
v 10.846747 31.736624 85.262955
v 7.472857 31.174742 83.290810
v 13.795323 18.990606 78.949570
v 13.795324 18.994686 80.921715
v 7.472857 31.736624 85.262955
v 13.754507 16.617170 86.114944
v 17.199785 16.617170 86.114944
v 17.199785 18.584345 86.114944
v 13.754507 18.584345 86.114944
v 13.754507 16.617167 75.170990
v 17.199785 16.617167 75.170990
v 17.199785 16.617170 86.114944
v 13.754507 16.617170 86.114944
v 17.199785 16.617167 75.170990
v 17.199785 18.584343 75.170990
v 17.199785 18.584345 86.114944
v 17.199785 16.617170 86.114944
v 17.199785 18.584343 75.170990
v 13.754507 18.584343 75.170990
v 13.754507 18.584345 86.114944
v 17.199785 18.584345 86.114944
v 13.754507 18.584343 75.170990
v 13.754507 16.617167 75.170990
v 13.754507 16.617170 86.114944
v 13.754507 18.584345 86.114944
v -26.234459 57.460003 -25.145510
v -25.106190 59.974911 -25.165220
v -26.528625 56.727108 -29.464417
v -25.281879 59.192673 -29.506456
v -25.106194 60.979076 -7.438189
v -26.127815 58.613373 -6.633818
v -25.106197 60.893810 2.461140
v -25.962038 58.761864 14.356770
v -25.106197 60.465282 10.244966
v -25.106197 60.154144 13.709476
v -25.756538 54.700977 -42.677952
v -28.127024 51.610741 -39.483562
v -25.877819 56.283531 -38.551228
v -27.554840 53.585243 -37.129139
v -27.055845 55.319366 -33.878380
v -25.507015 57.984161 -33.982475
v -25.890884 59.333790 16.692280
v -25.105801 59.809101 16.705706
v -25.962038 58.761864 14.356770
v -25.105801 59.809101 16.705706
v -27.064907 33.108711 -83.549004
v -27.509516 34.004105 -85.544411
v -27.212896 34.277859 -82.253838
v -27.412895 35.246716 -80.751434
v -27.795233 35.030704 -85.346809
v -27.835552 36.490490 -77.763428
v -28.073500 35.790134 -85.197769
v -28.647362 37.261223 -77.923210
v -27.835552 36.490490 -77.763428
v -28.634436 36.786594 -84.970703
v -28.634436 36.786594 -84.970703
v -29.875053 38.109222 -78.057030
v -29.459076 37.402527 -84.815895
v -28.377813 37.652683 -73.231102
v -25.106192 60.558544 -17.674431
v -26.108387 58.046234 -17.697355
v -25.108679 59.535698 18.546511
v -26.732790 51.260807 -45.095238
v -25.756538 54.700977 -42.677952
v -23.865715 53.868324 -45.939087
v -25.522160 51.074509 -46.959190
v -27.250841 31.072178 -86.199181
v -26.927526 30.697746 -84.831070
v -27.169367 28.778179 -86.739540
v -26.834429 28.713776 -85.707977
v -27.137064 27.288225 -87.088058
v -26.825460 26.682657 -86.217743
v -30.291561 38.964981 -70.890770
v -28.818836 38.298653 -69.657272
v -29.330673 39.272068 -62.879681
v -29.979078 40.153980 -54.837299
v -28.111002 40.133450 -58.812195
v -30.763718 40.634209 -54.834831
v -29.979078 40.153980 -54.837299
v -30.537437 39.830849 -62.862442
v -29.330673 39.272068 -62.879681
v -26.866205 22.526819 -86.876930
v -27.150223 20.431940 -88.622032
v -26.873482 20.430897 -87.050072
v -28.078827 26.812008 -88.999191
v -28.078821 20.456322 -90.515511
v -30.923437 41.092827 -46.811123
v -30.923437 41.092827 -46.811123
v -30.033972 40.910210 -49.847481
v -28.672480 40.931908 -52.344765
v -30.761324 41.336437 -38.552059
v -28.127024 51.610741 -39.483562
v -30.923437 41.092827 -46.811123
v -26.732790 51.260807 -45.095238
v -30.923437 41.092827 -46.811123
v -30.033972 40.910210 -49.847481
v -28.672480 40.931908 -52.344765
v -27.025078 42.641048 -53.427910
v -27.025078 42.641048 -53.427910
v -26.263172 41.347115 -54.751789
v -28.672480 40.931908 -52.344765
v -25.748806 56.975056 19.502060
v -25.962038 58.761864 14.356770
v -26.117235 55.358753 20.586142
v -26.712540 45.734737 30.575130
v -27.986176 42.668331 31.726995
v -27.247505 43.165592 32.767982
v -26.831396 47.188740 28.700285
v -25.890884 59.333790 16.692280
v -23.935755 58.807888 20.432846
v -25.108679 59.535698 18.546511
v -25.206085 58.177746 19.753311
v -27.986176 42.668331 31.726995
v -28.280760 42.333820 38.687622
v -27.247505 43.165592 32.767982
v -32.222870 23.300331 76.425446
v -30.992146 16.796482 76.386169
v -31.571104 23.218454 79.422791
v -31.352427 31.359341 86.980728
v -32.189800 32.806984 86.984238
v -31.721710 31.189301 86.716354
v -34.379974 37.355461 38.357014
v -33.421837 39.396450 38.379456
v -34.340046 37.404049 31.831671
v -33.431274 39.418571 31.733633
v -33.421837 39.396450 38.379456
v -31.802010 41.016186 38.397270
v -33.431274 39.418571 31.733633
v -31.839155 41.053013 31.614943
v -31.802010 41.016186 38.397270
v -31.802010 41.016186 38.397270
v -29.760889 42.056126 38.408707
v -31.839155 41.053013 31.614943
v -29.780270 42.088192 31.643854
v -34.221058 37.167530 48.332073
v -33.217037 39.137966 48.353741
v -33.217037 39.137966 48.353741
v -31.653208 40.701706 48.370934
v -31.653208 40.701706 48.370934
v -29.682650 41.705685 48.381977
v -26.534920 41.905090 48.372650
v -34.024635 34.747398 58.461559
v -33.906647 36.953896 58.469131
v -34.577419 34.772541 46.786434
v -32.949577 38.832180 58.489792
v -32.949577 38.832180 58.489792
v -31.458870 40.322792 58.506176
v -31.458870 40.322792 58.506176
v -29.580503 41.279819 58.516708
v -27.486448 41.615414 58.512741
v -33.712776 34.667648 68.122284
v -33.624676 36.755688 68.161736
v -32.709713 38.551315 68.181480
v -31.284607 40.043282 68.197884
v -31.284607 40.043282 68.197884
v -31.284607 40.043282 68.197884
v -29.488871 40.891258 68.207207
v -27.498266 41.206520 68.210678
v -25.509794 40.899036 68.209854
v -24.840618 41.168953 58.467331
v -33.280483 34.588295 76.531288
v -33.193604 36.523548 76.534286
v -32.343002 38.192829 76.552643
v -32.343002 38.192829 76.552643
v -31.018173 39.517586 76.567207
v -32.709713 38.551315 68.181480
v -31.018173 39.517586 76.567207
v -31.018173 39.517586 76.567207
v -29.348801 40.368130 76.576569
v -27.498266 40.661209 76.579781
v -25.647738 40.368130 76.576569
v -23.978529 39.838295 76.563271
v -23.227043 40.166115 68.144699
v -32.807568 34.496788 82.855415
v -32.681583 36.231274 82.893539
v -31.907461 37.750496 82.910233
v -31.907461 37.750496 82.910233
v -30.701733 38.956150 82.923485
v -30.701733 38.956150 82.923485
v -29.182425 39.730225 82.932014
v -27.498266 39.996967 82.934937
v -25.814079 39.730225 82.932014
v -24.294777 39.104134 82.925125
v -23.094603 38.590393 82.925964
v -21.837170 38.905098 76.614899
v -32.436424 34.389606 86.989616
v -32.197163 35.942711 87.018059
v -31.498728 37.313389 87.033119
v -31.498728 37.313389 87.033119
v -30.410858 38.401161 87.045082
v -30.410858 38.401161 87.045082
v -29.040117 39.099560 87.052765
v -27.520609 39.340206 87.055412
v -26.001139 39.099560 87.052765
v -24.630362 38.401161 87.045082
v -24.630362 38.401161 87.045082
v -23.532009 37.304131 87.020729
v -24.294777 39.104134 82.925125
v -23.532009 37.304131 87.020729
v -22.652443 37.916203 84.305687
v -22.261316 36.555290 86.092941
v -22.652443 37.916203 84.305687
v -20.553986 37.325733 83.930397
v -20.779154 37.689739 82.803307
v -20.329906 36.740242 85.053200
v -22.048428 32.892735 86.923241
v -19.790663 32.217468 87.284950
v -22.111523 35.188301 86.871071
v -19.926727 34.596992 86.823418
v -22.924229 36.067005 87.015419
v -22.664227 34.774384 87.003006
v -23.844219 30.786879 86.640526
v -24.040327 31.006960 87.008728
v -25.639315 29.600828 86.552864
v -25.675905 29.926388 86.996841
v -23.273405 32.075623 86.947975
v -32.189800 32.806984 86.984238
v -32.341068 32.417950 85.777580
v -32.386349 29.097662 82.767960
v -34.560017 34.644039 31.902092
v -22.072697 23.558159 84.145943
v -25.639313 23.167459 84.141647
v -22.072697 19.231075 82.362289
v -25.639246 19.231075 82.362289
v -32.724056 30.099972 76.500214
v -30.709286 23.146868 81.483971
v -29.977789 19.268194 79.381203
v -31.683949 29.107422 84.802162
v -25.639313 28.964615 86.448975
v -25.639315 29.600828 86.552864
v -27.575413 28.716293 86.284485
v -27.553373 29.296488 86.495346
v -27.566589 29.568453 86.976990
v -27.553373 29.296488 86.495346
v -25.675905 29.926388 86.996841
v -25.639315 29.600828 86.552864
v -29.626322 30.013365 86.965935
v -29.886459 29.679426 86.532150
v -29.886459 29.679426 86.532150
v -29.862383 29.092978 86.115616
v -22.072697 29.073608 86.450180
v -31.721710 31.189301 86.716354
v -21.318283 38.375557 79.751892
v -22.924229 36.067005 87.015419
v -22.111523 35.188301 86.871071
v -22.912397 33.184189 86.920334
v -23.273405 32.075623 86.947975
v -29.626322 30.013365 86.965935
v -31.352427 31.359341 86.980728
v -29.886459 29.679426 86.532150
v -29.256735 23.127802 83.217728
v -29.862383 29.092978 86.115616
v -30.709286 23.146868 81.483971
v -31.683949 29.107422 84.802162
v -30.709286 23.146868 81.483971
v -29.862383 29.092978 86.115616
v -28.545845 19.247795 81.236320
v -29.256735 23.127802 83.217728
v -29.977789 19.268194 79.381203
v -29.977789 19.268194 79.381203
v -29.256735 23.127802 83.217728
v -29.256735 23.127802 83.217728
v -28.545845 19.247795 81.236320
v -31.704460 30.589174 86.156708
v -31.704460 30.589174 86.156708
v -31.721710 31.189301 86.716354
v -20.119244 35.942154 86.012604
v -22.261316 36.555290 86.092941
v -23.346254 30.195837 86.577065
v -23.844219 30.786879 86.640526
v -20.119244 35.942154 86.012604
v -22.261316 36.555290 86.092941
v -19.963856 29.073610 86.450188
v -19.956636 23.558159 84.145958
v -19.956636 19.231075 82.362305
v -29.865273 42.181583 24.950983
v -28.621515 42.671852 24.977091
v -30.278625 42.227509 -1.690425
v -30.403362 41.986820 -5.917943
v -31.327938 41.782223 -1.687894
v -31.371550 41.523006 -5.918185
v -33.711258 39.213112 -5.943592
v -34.435436 37.221134 -5.965484
v -34.435501 19.624420 31.734690
v -34.646648 26.739059 31.814484
v -34.442039 19.963009 -6.155263
v -34.655434 27.126595 -6.076503
v -33.958416 14.074256 31.678137
v -33.967319 14.567429 -6.233001
v -34.214722 17.202972 -6.185632
v -34.596809 29.622416 31.840897
v -34.612274 30.052811 -6.044323
v -34.560276 34.037144 -6.001465
v -26.665010 56.572269 14.903348
v -26.545378 57.085232 13.462484
v -26.746748 55.719910 16.009033
v -27.874865 45.699406 26.199303
v -28.005718 44.761116 26.446306
v -28.248837 43.847195 26.130020
v -28.621515 42.671852 24.977091
v -28.440025 43.345181 24.980385
v -30.278625 42.227509 -1.690425
v -30.112492 42.996605 -1.663302
v -26.687511 56.582432 -3.213151
v -26.127815 58.613373 -6.633818
v -26.771416 56.163197 -4.090004
v -27.012745 55.328754 -4.613813
v -27.284533 54.318066 -4.710697
v -30.403362 41.986820 -5.917943
v -29.598604 45.372826 -4.038826
v -29.902357 44.097614 -3.689874
v -30.113985 43.342476 -3.078149
v -32.695549 40.328804 -5.931312
v -31.327938 41.782223 -1.687894
v -32.695549 40.328804 -5.931312
v -29.411118 42.996605 -1.663302
v -30.112492 42.996605 -1.663302
v -27.738657 43.345181 24.980385
v -28.440025 43.345181 24.980385
v -27.547440 43.847191 26.130018
v -28.248837 43.847195 26.130020
v -27.547440 43.847191 26.130018
v -28.248837 43.847195 26.130020
v -27.398937 44.761116 26.446306
v -28.005718 44.761116 26.446306
v -27.268091 45.699406 26.199303
v -27.874865 45.699406 26.199303
v -27.268091 45.699406 26.199303
v -27.874865 45.699406 26.199303
v -26.139965 55.719910 16.009033
v -26.746748 55.719910 16.009033
v -26.665010 56.572269 14.903348
v -26.058228 56.572269 14.903348
v -25.938599 57.085232 13.462485
v -26.545378 57.085232 13.462484
v -26.687511 56.582432 -3.213151
v -26.080732 56.582432 -3.213163
v -29.902357 44.097614 -3.689874
v -30.113985 43.342476 -3.078149
v -29.295584 44.097614 -3.689874
v -29.412615 43.342476 -3.078149
v -29.598604 45.372826 -4.038826
v -28.991823 45.372829 -4.038827
v -27.284533 54.318066 -4.710697
v -26.677757 54.318066 -4.710696
v -27.012745 55.328754 -4.613813
v -26.405962 55.328754 -4.613813
v -26.771416 56.163197 -4.090004
v -26.164639 56.163197 -4.090004
v -26.771416 56.163197 -4.090004
v -26.164639 56.163197 -4.090004
v -29.412615 43.342476 -3.078149
v -30.113985 43.342476 -3.078149
v -28.011005 52.342800 -35.453342
v -27.554840 53.585243 -37.129139
v -28.330004 51.276112 -36.392483
v -27.055845 55.319366 -33.878380
v -27.700054 53.593662 -33.322788
v -27.356850 54.369671 -8.821778
v -30.591106 42.617275 -35.326157
v -30.435909 43.224449 -35.941635
v -30.761324 41.336437 -38.552059
v -30.667427 42.308636 -34.559181
v -30.339424 43.025276 -9.003034
v -30.402689 42.700291 -10.190670
v -30.092812 43.864040 -8.338332
v -29.826113 44.873817 -8.084474
v -27.099207 55.366562 -9.076881
v -26.908960 56.096024 -9.542117
v -26.810143 56.462872 -10.285529
v -26.528625 56.727108 -29.464417
v -27.238182 54.816910 -29.090284
v -26.234459 57.460003 -25.145510
v -26.984108 55.517208 -24.870070
v -26.831314 56.157337 -17.375954
v -26.108387 58.046234 -17.697355
v -28.751661 49.759514 -37.043571
v -28.127024 51.610741 -39.483562
v -34.721313 27.219793 -15.692216
v -34.761600 30.138010 -13.831384
v -34.515377 20.438095 -20.285755
v -34.168579 14.993704 -26.514000
v -34.927929 34.043526 -12.217401
v -33.443752 38.019676 -38.594742
v -32.550560 39.674053 -38.581692
v -31.480425 40.749500 -38.571560
v -30.761324 41.336437 -38.552059
v -32.550560 39.674053 -38.581692
v -31.480425 40.749500 -38.571560
v -31.371550 41.523006 -5.918185
v -35.327076 34.731743 -13.755732
v -35.015903 35.811695 -13.531548
v -34.775223 36.167934 -29.041565
v -35.151058 34.822369 -29.056356
v -34.410496 35.770920 -38.586994
v -34.863239 34.566010 -38.611008
v -35.015903 35.811695 -13.531548
v -34.927929 34.043526 -12.217401
v -34.588448 36.222141 -13.437019
v -34.588448 36.222141 -13.437019
v -34.251972 36.608494 -29.036716
v -35.015903 35.811695 -13.531548
v -34.775223 36.167934 -29.041565
v -33.903450 36.202202 -38.593849
v -34.410496 35.770920 -38.586994
v -35.274525 33.098076 -14.335821
v -35.267826 33.362156 -29.099346
v -35.053093 33.296822 -38.629917
v -35.233829 24.746580 -38.721218
v -35.526505 24.530905 -29.976374
v -35.333389 27.010471 -38.696262
v -35.596416 26.936499 -29.554331
v -35.305328 29.344812 -38.669964
v -35.578213 29.507458 -29.304781
v -35.367805 27.224457 -18.412434
v -35.352875 30.034428 -16.529308
v -35.247871 23.107685 -34.315552
v -35.190659 22.536484 -33.463997
v -35.140953 23.664881 -38.719921
v -35.133446 21.744228 -32.934273
v -34.392143 14.993255 -30.750156
v -35.123512 23.044477 -21.379602
v -34.251972 36.608494 -29.036716
v -33.903450 36.202202 -38.593849
v -34.435436 37.221134 -5.965484
v -34.927929 34.043526 -12.217401
v -35.274525 33.098076 -14.335821
v -34.761600 30.138010 -13.831384
v -35.352875 30.034428 -16.529308
v -34.721313 27.219793 -15.692216
v -35.367805 27.224457 -18.412434
v -34.515377 20.438095 -20.285755
v -35.123512 23.044477 -21.379602
v -34.168579 14.993704 -26.514000
v -28.127024 51.610741 -39.483562
v -30.761324 41.336437 -38.552059
v -28.751661 49.759514 -37.043571
v -30.435909 43.224449 -35.941635
v -28.751661 49.759514 -37.043571
v -30.761324 41.336437 -38.552059
v -29.826113 44.873817 -8.084474
v -29.127306 44.873814 -8.084474
v -30.092812 43.864040 -8.338332
v -29.394001 43.864040 -8.338332
v -30.339424 43.025276 -9.003034
v -29.640625 43.025276 -9.003034
v -30.339424 43.025276 -9.003034
v -29.640625 43.025276 -9.003034
v -30.402689 42.700291 -10.190670
v -29.703882 42.700298 -10.190670
v -30.667427 42.308636 -34.559181
v -29.968611 42.308636 -34.559177
v -27.099207 55.366562 -9.076881
v -26.400402 55.366562 -9.076882
v -27.356850 54.369671 -8.821778
v -26.658043 54.369667 -8.821777
v -27.238182 54.816910 -29.090284
v -27.700054 53.593662 -33.322788
v -26.539375 54.816910 -29.090284
v -27.001247 53.593662 -33.322788
v -26.984108 55.517208 -24.870070
v -26.285303 55.517208 -24.870068
v -26.831314 56.157337 -17.375954
v -26.132502 56.157337 -17.375954
v -26.810143 56.462872 -10.285529
v -26.111330 56.462879 -10.285530
v -26.908960 56.096024 -9.542117
v -26.210154 56.096024 -9.542117
v -26.908960 56.096024 -9.542117
v -26.210154 56.096024 -9.542117
v -27.312191 52.342800 -35.453342
v -28.011005 52.342800 -35.453342
v -27.631199 51.276115 -36.392483
v -27.312191 52.342800 -35.453342
v -28.330004 51.276112 -36.392483
v -28.011005 52.342800 -35.453342
v -28.052855 49.759514 -37.043571
v -28.751661 49.759514 -37.043571
v -29.737108 43.224449 -35.941635
v -30.435909 43.224449 -35.941635
v -29.892303 42.617268 -35.326149
v -29.737108 43.224449 -35.941635
v -30.591106 42.617275 -35.326157
v -30.435909 43.224449 -35.941635
v -33.329491 37.843029 -46.846901
v -33.881397 35.821907 -46.866470
v -32.997070 37.250088 -54.872013
v -33.591595 35.319347 -54.888718
v -32.711525 36.627846 -62.897705
v -33.171803 34.617249 -62.914757
v -32.259773 35.820477 -70.925430
v -32.696609 33.912300 -70.980507
v -31.765348 35.097004 -78.090172
v -32.099945 33.211998 -78.091011
v -32.732841 39.155449 -46.832470
v -32.583672 38.541954 -54.857811
v -32.296001 37.697914 -62.885941
v -31.893250 36.965046 -70.912857
v -31.391418 36.326439 -78.076645
v -31.019304 35.482632 -85.260529
v -31.786715 39.620247 -54.845955
v -31.554438 38.911499 -62.872597
v -31.260372 38.107388 -70.900299
v -30.817141 37.384914 -78.065002
v -30.314295 36.737198 -84.974770
v -30.761324 41.336437 -38.552059
v -31.480425 40.749500 -38.571560
v -31.735565 40.325012 -46.819603
v -30.763718 40.634209 -54.834831
v -31.786715 39.620247 -54.845955
v -30.537437 39.830849 -62.862442
v -31.554438 38.911499 -62.872597
v -30.291561 38.964981 -70.890770
v -31.260372 38.107388 -70.900299
v -29.875053 38.109222 -78.057030
v -30.817141 37.384914 -78.065002
v -29.459076 37.402527 -84.815895
v -30.314295 36.737198 -84.974770
v -31.922956 17.267206 -78.248138
v -32.520023 16.438248 -71.206497
v -32.445160 19.660297 -78.221825
v -33.254913 19.330637 -71.174683
v -31.581074 18.852295 -87.181625
v -31.582140 20.415770 -87.156166
v -35.253708 26.879982 -47.030869
v -35.192974 29.126890 -47.006157
v -34.874401 26.465708 -54.981560
v -34.772110 28.908651 -54.954689
v -34.192513 25.444174 -63.010292
v -34.270821 28.659502 -62.974937
v -33.602242 23.886738 -71.124580
v -33.561752 28.269129 -71.076393
v -35.008656 32.745430 -46.966366
v -34.622959 31.933128 -54.921425
v -34.091286 30.767220 -62.951756
v -33.487175 29.458357 -71.063324
v -32.714714 28.071892 -78.129318
v -34.848827 34.107285 -46.951393
v -34.420509 33.288139 -54.906532
v -33.998589 32.341183 -62.934444
v -33.431770 31.345329 -71.042572
v -32.664639 30.393242 -78.103806
v -31.757946 27.288416 -87.061066
v -31.714249 29.342010 -86.601616
v -34.426910 35.435776 -46.902149
v -34.132839 34.732483 -54.890640
v -33.696003 33.807171 -62.918339
v -33.144096 32.893314 -71.025551
v -32.434502 32.040051 -78.085693
v -31.633280 31.341568 -86.141975
v -34.426910 35.435776 -46.902149
v -33.881397 35.821907 -46.866470
v -33.591595 35.319347 -54.888718
v -33.591595 35.319347 -54.888718
v -33.171803 34.617249 -62.914757
v -32.696609 33.912300 -70.980507
v -32.099945 33.211998 -78.091011
v -31.538675 32.431469 -85.869873
v -30.413340 26.763050 -89.431763
v -29.464579 26.750963 -89.655464
v -30.337431 20.460804 -90.927567
v -29.464577 20.464443 -91.256950
v -30.851236 26.812788 -89.075058
v -30.413340 26.763050 -89.431763
v -30.830553 20.453794 -90.290207
v -30.337431 20.460804 -90.927567
v -30.830553 20.453794 -90.290207
v -30.413340 26.763050 -89.431763
v -35.546906 23.027620 -38.961399
v -35.140953 23.664881 -38.719921
v -35.288868 23.062334 -47.076580
v -35.057659 23.445330 -47.063309
v -34.814728 22.788305 -55.076859
v -34.583530 23.199638 -55.037979
v -34.650661 22.540251 -57.949043
v -34.419453 22.977415 -57.949028
v -34.414116 21.972752 -60.161186
v -34.182915 22.388485 -60.522881
v -34.158413 20.627087 -61.885078
v -33.927219 21.042822 -62.246773
v -33.818527 18.594025 -62.857368
v -33.634220 18.905800 -63.323811
v -35.220055 21.533377 -38.968082
v -35.440395 22.009298 -38.974854
v -34.924484 21.580898 -47.083794
v -35.155693 22.038734 -47.113407
v -34.429050 21.335211 -55.058491
v -34.660248 21.793200 -55.102184
v -34.191441 21.147017 -57.857807
v -34.422649 21.654272 -57.898315
v -34.090221 20.722401 -59.393349
v -34.321434 21.182941 -59.669598
v -33.856895 19.543221 -60.894073
v -34.088097 20.005177 -61.298954
v -33.634220 17.913258 -61.642937
v -33.865414 18.375805 -62.101601
v -35.155693 22.038734 -47.113407
v -35.440395 22.009298 -38.974854
v -35.288868 23.062334 -47.076580
v -35.546906 23.027620 -38.961399
v -34.660248 21.793200 -55.102184
v -34.814728 22.788305 -55.076859
v -34.321434 21.182941 -59.669598
v -34.422649 21.654272 -57.898315
v -34.414116 21.972752 -60.161186
v -34.650661 22.540251 -57.949043
v -33.865414 18.375805 -62.101601
v -34.088097 20.005177 -61.298954
v -33.818527 18.594025 -62.857368
v -34.158413 20.627087 -61.885078
v -35.057659 23.445330 -47.063309
v -34.583530 23.199638 -55.037979
v -34.419453 22.977415 -57.949028
v -34.182915 22.388485 -60.522881
v -33.927219 21.042822 -62.246773
v -33.634220 18.905800 -63.323811
v -33.030373 15.692642 -63.517101
v -32.910831 14.943263 -62.272560
v -32.910831 14.943263 -62.272560
v -32.971180 14.987008 -63.059242
v -32.971180 14.987008 -63.059242
v -33.030373 15.692642 -63.517101
v -31.735565 40.325012 -46.819603
v -31.480425 40.749500 -38.571560
v -33.977238 12.080257 31.928900
v -33.965141 12.519196 -6.297169
v -34.392143 14.993255 -30.750156
v -35.044025 17.888641 -32.398422
v -34.381111 14.495339 -31.798193
v -35.436394 21.759750 -35.796726
v -35.226933 21.266981 -35.925133
v -33.957211 12.807109 -31.371288
v -34.315289 14.158415 -31.738600
v -33.957211 12.807109 -31.371288
v -34.315289 14.158415 -31.738600
v -34.146366 13.326110 -32.780720
v -33.936913 12.835945 -33.145760
v -35.416504 21.267986 -34.949219
v -35.144169 20.789253 -35.174007
v -35.396610 20.555162 -34.423553
v -35.061405 20.090462 -34.744717
v -34.330582 14.497861 -32.984188
v -34.381111 14.495339 -31.798193
v -34.761852 17.241146 -33.460541
v -35.044025 17.888641 -32.398422
v -34.198338 14.498823 -33.434498
v -34.330582 14.497861 -32.984188
v -34.552406 16.750992 -33.825562
v -34.761852 17.241146 -33.460541
v -35.628910 21.956305 -33.900723
v -35.190659 22.536484 -33.463997
v -35.691841 22.487785 -34.705421
v -35.247871 23.107685 -34.315552
v -35.436394 21.759750 -35.796726
v -35.416504 21.267986 -34.949219
v -35.691841 22.487785 -34.705421
v -35.628910 21.956305 -33.900723
v -35.133446 21.744228 -32.934273
v -35.565975 21.203768 -33.417866
v -35.565975 21.203768 -33.417866
v -35.396610 20.555162 -34.423553
v -31.555729 16.217192 74.586838
v -31.106745 18.345675 -87.187187
v -31.471012 16.490507 -78.256683
v -32.068073 15.581664 -71.215912
v -32.688686 15.031232 -63.523869
v -32.688686 15.031232 -63.523869
v -25.108679 59.535698 18.546511
v -25.206085 58.177746 19.753311
v -31.538675 32.431469 -85.869873
v -31.300087 20.440397 -89.211548
v -30.851236 26.812788 -89.075058
v -30.830553 20.453794 -90.290207
v -29.464579 26.750963 -89.655464
v -28.078827 26.812008 -88.999191
v -29.464577 20.464443 -91.256950
v -28.078821 20.456322 -90.515511
v -33.727383 12.067609 40.427082
v -0.044140 12.099092 31.621084
v -33.977238 12.080257 31.928900
v -33.965141 12.519196 -6.297169
v -0.044140 15.920424 73.681786
v -20.001513 15.937136 73.696960
v -0.044140 12.076140 40.576958
v -19.979019 12.072425 40.562828
v -32.068073 15.581664 -71.215912
v -0.044140 15.581658 -71.215874
v -19.763016 15.029307 -63.504444
v -0.044140 15.024719 -63.509708
v -31.471012 16.490507 -78.256683
v -26.872303 16.491974 -78.256905
v -26.873507 18.345388 -87.187096
v -31.106745 18.345675 -87.187187
v -0.044140 12.835809 -33.143379
v -19.792536 12.835811 -33.143391
v -34.297722 18.930540 -33.586964
v -19.770262 18.928026 -33.358734
v -33.936913 12.835945 -33.145760
v -19.792536 12.835811 -33.143391
v -32.688686 15.031232 -63.523869
v -19.763016 15.029307 -63.504444
v -32.905094 19.242077 -61.918171
v -19.770267 19.242075 -61.918163
v -19.770267 19.242075 -61.918163
v -19.763016 15.029307 -63.504444
v -19.792536 12.835811 -33.143391
v -19.770267 25.827234 -58.019047
v -33.231285 25.827234 -58.019016
v -19.770271 29.580599 -51.349739
v -33.151592 29.580599 -51.349720
v -19.770267 25.827234 -58.019047
v -33.231285 25.827234 -58.019016
v -19.770267 25.827234 -58.019047
v -19.770271 29.580599 -51.349739
v -19.770260 29.496447 -43.697273
v -33.535130 29.496447 -43.697250
v -19.770264 25.597336 -37.112091
v -33.913982 25.597334 -37.112083
v -19.770264 25.597336 -37.112091
v -33.913982 25.597334 -37.112083
v -19.770264 25.597336 -37.112091
v -19.770262 18.928026 -33.358734
v -19.770260 29.496447 -43.697273
v -33.727383 12.067609 40.427082
v -0.044140 16.776363 76.367882
v -20.041552 16.788763 76.362686
v -19.985695 29.136303 63.697605
v -19.985695 29.252007 53.771858
v -19.985695 27.951756 68.249008
v -19.985706 27.777723 48.940292
v -20.001513 15.937136 73.696960
v -31.837719 15.934462 73.685509
v -19.985695 24.882608 71.152840
v -31.972973 24.882603 71.152840
v -19.985695 27.951756 68.249008
v -32.346909 27.951756 68.249016
v -19.985695 27.951756 68.249008
v -32.346909 27.951756 68.249016
v -19.985695 29.136303 63.697605
v -32.606815 29.136303 63.697620
v -32.667179 29.252007 53.771866
v -19.985695 29.252007 53.771858
v -19.985706 27.777723 48.940292
v -32.895523 27.777731 48.940300
v -32.895523 27.777731 48.940300
v -33.135429 22.019579 45.167763
v -19.985706 27.777723 48.940292
v -19.985706 22.019579 45.167759
v -19.979019 12.072425 40.562828
v -33.727383 12.067609 40.427082
v -19.985695 24.882608 71.152840
v -19.985706 22.019579 45.167759
v -19.985695 24.882608 71.152840
v -19.985706 22.019579 45.167759
v -20.001513 15.937136 73.696960
v -19.979019 12.072425 40.562828
v -20.001513 15.937136 73.696960
v -19.985706 22.019579 45.167759
v -0.044140 19.193567 82.347572
v -19.956636 19.231075 82.362305
v -28.545845 19.247795 81.236320
v -29.977789 19.268194 79.381203
v -25.639246 19.231075 82.362289
v -30.992146 16.796482 76.386169
v -25.639246 19.231075 82.362289
v -29.977789 19.268194 79.381203
v -25.639246 19.231075 82.362289
v -30.992146 16.796482 76.386169
v -22.072697 19.231075 82.362289
v -31.555729 16.217192 74.586838
v -31.837719 15.934462 73.685509
v -34.552406 16.750992 -33.825562
v -34.297722 18.930540 -33.586964
v -34.198338 14.498823 -33.434498
v -32.905094 19.242077 -61.918171
v -33.634220 17.913258 -61.642937
v -32.688686 15.031232 -63.523869
v -32.910831 14.943263 -62.272560
v -32.688686 15.031232 -63.523869
v -33.634220 17.913258 -61.642937
v -33.856895 19.543221 -60.894073
v -33.151592 29.580599 -51.349720
v -34.429050 21.335211 -55.058491
v -33.231285 25.827234 -58.019016
v -34.191441 21.147017 -57.857807
v -34.090221 20.722401 -59.393349
v -32.905094 19.242077 -61.918171
v -34.090221 20.722401 -59.393349
v -34.924484 21.580898 -47.083794
v -33.913982 25.597334 -37.112083
v -35.220055 21.533377 -38.968082
v -33.535130 29.496447 -43.697250
v -35.226933 21.266981 -35.925133
v -33.913982 25.597334 -37.112083
v -34.297722 18.930540 -33.586964
v -35.226933 21.266981 -35.925133
v -35.226933 21.266981 -35.925133
v -34.297722 18.930540 -33.586964
v -35.144169 20.789253 -35.174007
v -35.144169 20.789253 -35.174007
v -34.297722 18.930540 -33.586964
v -35.061405 20.090462 -34.744717
v -35.061405 20.090462 -34.744717
v -32.971180 14.987008 -63.059242
v -32.688686 15.031232 -63.523869
v -32.910831 14.943263 -62.272560
v -15.554912 18.344633 -87.186760
v -10.924364 20.484842 -90.386230
v -0.044140 18.343599 -87.186333
v -0.044136 20.502937 -90.788406
v -0.044140 16.500526 -78.258308
v -15.554912 18.344633 -87.186760
v -0.044140 18.343599 -87.186333
v -18.195095 20.480953 -89.736572
v -21.561922 20.472355 -89.250259
v -21.561922 20.472355 -89.250259
v -15.554912 18.344633 -87.186760
v -26.873507 18.345388 -87.187096
v -24.491526 20.462259 -88.332146
v -26.873482 20.430897 -87.050072
v -27.150223 20.431940 -88.622032
v -26.873482 20.430897 -87.050072
v -26.873507 18.345388 -87.187096
v -28.078821 20.456322 -90.515511
v -29.464577 20.464443 -91.256950
v -28.078821 20.456322 -90.515511
v -26.873507 18.345388 -87.187096
v -31.106745 18.345675 -87.187187
v -30.337431 20.460804 -90.927567
v -30.830553 20.453794 -90.290207
v -30.337431 20.460804 -90.927567
v -31.106745 18.345675 -87.187187
v -31.581074 18.852295 -87.181625
v -31.300087 20.440397 -89.211548
v -30.830553 20.453794 -90.290207
v -31.106745 18.345675 -87.187187
v -31.300087 20.440397 -89.211548
v -31.582140 20.415770 -87.156166
v -31.581074 18.852295 -87.181625
v -34.560276 34.037144 -6.001465
v -34.588448 36.222141 -13.437019
v -33.813148 13.845705 41.185165
v -33.936913 12.835945 -33.145760
v -34.146366 13.326110 -32.780720
v -33.936913 12.835945 -33.145760
v -32.950283 23.643288 70.909340
v -33.304722 23.855125 71.098366
v -33.100040 24.707306 70.316292
v -33.459896 24.895969 70.526169
v -33.615070 25.936810 69.658615
v -33.708931 26.696779 68.659332
v -33.249798 25.771326 69.427895
v -33.336933 26.468218 68.466103
v -34.005852 27.478464 51.885159
v -33.903889 27.769249 54.506195
v -34.392712 27.715748 51.887768
v -34.290722 27.997396 54.508713
v -34.503620 26.480305 49.334358
v -34.534576 25.477261 48.292229
v -34.116154 26.296597 49.486855
v -34.147453 25.262783 48.443249
v -34.184078 21.033392 45.634937
v -34.178753 24.076580 47.474731
v -34.570934 21.519714 45.609734
v -34.565533 24.321829 47.325199
v -34.570934 21.519714 45.609734
v -34.178753 24.076580 47.474731
v -33.254856 24.430088 71.736313
v -32.906029 24.991949 71.758949
v -33.408287 25.511745 71.151314
v -33.051857 26.093342 71.161629
v -33.561714 26.593409 70.270950
v -33.197689 27.194735 70.268936
v -33.673786 27.536863 69.214989
v -33.322411 28.131794 69.229965
v -34.402828 28.949369 51.641674
v -34.290722 29.258955 54.522579
v -33.996052 29.559214 51.643417
v -33.902462 29.853416 54.507977
v -34.119755 28.065895 48.782425
v -34.153049 26.993999 47.737858
v -34.514896 27.499905 48.806068
v -34.542915 26.433891 47.757103
v -34.570934 22.244436 45.098072
v -34.570934 25.215490 46.783222
v -34.238255 22.658930 44.942654
v -34.186337 25.769712 46.768375
v -34.238255 22.658930 44.942654
v -34.570934 25.215490 46.783222
v -33.304722 23.855125 71.098366
v -33.254856 24.430088 71.736313
v -33.459896 24.895969 70.526169
v -33.408287 25.511745 71.151314
v -33.561714 26.593409 70.270950
v -33.673786 27.536863 69.214989
v -33.615070 25.936810 69.658615
v -33.708931 26.696779 68.659332
v -34.392712 27.715748 51.887768
v -34.290722 27.997396 54.508713
v -34.402828 28.949369 51.641674
v -34.290722 29.258955 54.522579
v -34.514896 27.499905 48.806068
v -34.542915 26.433891 47.757103
v -34.503620 26.480305 49.334358
v -34.534576 25.477261 48.292229
v -34.570934 21.519714 45.609734
v -34.565533 24.321829 47.325199
v -34.570934 22.244436 45.098072
v -34.570934 25.215490 46.783222
v -33.621582 29.782516 63.579945
v -34.010540 29.194935 63.590832
v -34.010540 29.194935 63.590832
v -34.010540 27.933371 63.576954
v -33.623711 27.653772 63.573879
v -34.010540 27.933371 63.576954
v -33.534363 29.521414 65.790710
v -33.898197 28.933353 65.780174
v -33.898197 28.933353 65.780174
v -33.906666 27.790781 65.523758
v -33.906666 27.790781 65.523758
v -33.523888 27.505167 65.444359
v -34.057899 28.971178 50.158497
v -34.458862 28.383261 50.169453
v -34.458862 28.383261 50.169453
v -34.448162 27.256651 50.556637
v -34.448162 27.256651 50.556637
v -34.061001 27.046156 50.631580
v -34.570934 21.519714 45.609734
v -33.934608 13.848384 42.340912
v -34.184078 21.033392 45.634937
v -33.782860 13.848799 42.520157
v -34.184078 21.033392 45.634937
v -33.934608 13.848384 42.340912
v -33.934608 13.848384 42.340912
v -33.920677 13.846298 41.441845
v -33.783237 12.085092 41.599739
v -33.783237 12.071287 40.669064
v -33.813148 13.845705 41.185165
v -34.570934 22.244436 45.098072
v -33.920677 13.846298 41.441845
v -33.813148 13.845705 41.185165
v -33.621582 29.782516 63.579945
v -33.902462 29.853416 54.507977
v -33.534363 29.521414 65.790710
v -34.238255 22.658930 44.942654
v -31.555729 16.217192 74.586838
v -32.213875 16.160389 74.401619
v -32.230778 15.974987 73.833603
v -32.213875 16.160389 74.401619
v -31.837719 15.934462 73.685509
v -32.230778 15.974987 73.833603
v -32.950283 23.643288 70.909340
v -33.304722 23.855125 71.098366
v -32.906029 24.991949 71.758949
v -33.051857 26.093342 71.161629
v -33.322411 28.131794 69.229965
v -33.447140 28.960461 68.001472
v -33.996052 29.559214 51.643417
v -34.057899 28.971178 50.158497
v -34.119755 28.065895 48.782425
v -34.186337 25.769712 46.768375
v -34.153049 26.993999 47.737858
v -31.972973 24.882603 71.152840
v -31.837719 15.934462 73.685509
v -32.950283 23.643288 70.909340
v -33.100040 24.707306 70.316292
v -33.523888 27.505167 65.444359
v -32.346909 27.951756 68.249016
v -33.424065 27.056717 67.314812
v -33.623711 27.653772 63.573879
v -33.903889 27.769249 54.506195
v -32.606815 29.136303 63.697620
v -32.667179 29.252007 53.771866
v -34.005852 27.478464 51.885159
v -34.147453 25.262783 48.443249
v -32.895523 27.777731 48.940300
v -34.116154 26.296597 49.486855
v -34.184078 21.033392 45.634937
v -33.782860 13.848799 42.520157
v -33.135429 22.019579 45.167763
v -33.727383 12.067609 40.427082
v -33.135429 22.019579 45.167763
v -33.782860 13.848799 42.520157
v -32.346909 27.951756 68.249016
v -31.972973 24.882603 71.152840
v -33.249798 25.771326 69.427895
v -33.336933 26.468218 68.466103
v -33.249798 25.771326 69.427895
v -33.135429 22.019579 45.167763
v -32.895523 27.777731 48.940300
v -34.178753 24.076580 47.474731
v -34.184078 21.033392 45.634937
v -32.895523 27.777731 48.940300
v -32.667179 29.252007 53.771866
v -34.005852 27.478464 51.885159
v -34.061001 27.046156 50.631580
v -34.005852 27.478464 51.885159
v -33.783237 12.085092 41.599739
v -33.783237 12.071287 40.669064
v -33.682178 12.111102 41.776764
v -33.727383 12.067609 40.427082
v -32.213875 16.160389 74.401619
v -32.230778 15.974987 73.833603
v -33.682178 12.111102 41.776764
v -33.783237 12.085092 41.599739
v -33.783237 12.071287 40.669064
v -33.727383 12.067609 40.427082
v -33.682178 12.111102 41.776764
v -33.336933 26.468218 68.466103
v -33.708931 26.696779 68.659332
v -33.424065 27.056717 67.314812
v -33.802799 27.348351 67.470543
v -33.424065 27.056717 67.314812
v -33.785854 28.371927 67.969536
v -33.447140 28.960461 68.001472
v -33.802799 27.348351 67.470543
v -33.785854 28.371927 67.969536
v -33.408287 25.511745 71.151314
v -33.051857 26.093342 71.161629
v -33.561714 26.593409 70.270950
v -33.197689 27.194735 70.268936
v -33.197689 27.194735 70.268936
v -33.424065 27.056717 67.314812
v -33.802799 27.348351 67.470543
v -34.116154 26.296597 49.486855
v -34.503620 26.480305 49.334358
v -34.565533 24.321829 47.325199
v -34.153049 26.993999 47.737858
v -34.542915 26.433891 47.757103
v -33.100040 24.707306 70.316292
v -34.147453 25.262783 48.443249
v -32.688686 15.031232 -63.523869
v -33.957211 12.807109 -31.371288
v -33.936913 12.835945 -33.145760
v -30.595015 35.453205 83.528931
v -30.754267 34.419552 83.504654
v -30.137812 36.350445 83.540375
v -29.423098 37.065083 83.549683
v -30.137812 36.350445 83.540375
v -28.522547 37.523911 83.555908
v -30.137812 36.350445 83.540375
v -30.754267 34.419552 83.504654
v -28.522547 37.523911 83.555908
v -27.524265 37.682003 83.558426
v -26.526011 37.523899 83.556999
v -25.625027 37.064857 83.551765
v -26.526011 37.523899 83.556999
v -24.908854 36.349575 83.530930
v -26.526011 37.523899 83.556999
v -28.522547 37.523911 83.555908
v -24.908854 36.349575 83.530930
v -24.518473 35.554958 83.529457
v -24.908854 36.349575 83.530930
v -24.359735 34.765778 83.521263
v -24.541485 33.601460 83.442001
v -24.359735 34.765778 83.521263
v -24.781015 32.865799 83.472557
v -24.359735 34.765778 83.521263
v -24.908854 36.349575 83.530930
v -24.781015 32.865799 83.472557
v -24.908854 36.349575 83.530930
v -28.522547 37.523911 83.555908
v -24.781015 32.865799 83.472557
v -28.522547 37.523911 83.555908
v -30.754267 34.419552 83.504654
v -24.781015 32.865799 83.472557
v -25.218266 32.256218 83.536713
v -24.781015 32.865799 83.472557
v -26.318552 31.529308 83.527153
v -27.548561 31.296507 83.507637
v -26.318552 31.529308 83.527153
v -28.905928 31.589746 83.494598
v -26.318552 31.529308 83.527153
v -24.781015 32.865799 83.472557
v -28.905928 31.589746 83.494598
v -24.781015 32.865799 83.472557
v -30.754267 34.419552 83.504654
v -28.905928 31.589746 83.494598
v -30.754267 34.419552 83.504654
v -30.595358 33.399834 83.503960
v -28.905928 31.589746 83.494598
v -30.595358 33.399834 83.503960
v -30.076195 32.502289 83.505272
v -28.905928 31.589746 83.494598
v -30.595358 33.399834 83.503960
v -32.189800 32.806984 86.984238
v -30.076195 32.502289 83.505272
v -31.352427 31.359341 86.980728
v -30.076195 32.502289 83.505272
v -32.189800 32.806984 86.984238
v -30.076195 32.502289 83.505272
v -31.352427 31.359341 86.980728
v -28.905928 31.589746 83.494598
v -29.626322 30.013365 86.965935
v -28.905928 31.589746 83.494598
v -31.352427 31.359341 86.980728
v -28.905928 31.589746 83.494598
v -29.626322 30.013365 86.965935
v -27.548561 31.296507 83.507637
v -27.566589 29.568453 86.976990
v -27.548561 31.296507 83.507637
v -29.626322 30.013365 86.965935
v -27.548561 31.296507 83.507637
v -27.566589 29.568453 86.976990
v -26.318552 31.529308 83.527153
v -25.675905 29.926388 86.996841
v -26.318552 31.529308 83.527153
v -27.566589 29.568453 86.976990
v -26.318552 31.529308 83.527153
v -25.675905 29.926388 86.996841
v -25.218266 32.256218 83.536713
v -24.040327 31.006960 87.008728
v -25.218266 32.256218 83.536713
v -25.675905 29.926388 86.996841
v -25.218266 32.256218 83.536713
v -24.040327 31.006960 87.008728
v -24.781015 32.865799 83.472557
v -23.273405 32.075623 86.947975
v -24.781015 32.865799 83.472557
v -24.040327 31.006960 87.008728
v -24.781015 32.865799 83.472557
v -23.273405 32.075623 86.947975
v -24.541485 33.601460 83.442001
v -22.912397 33.184189 86.920334
v -24.541485 33.601460 83.442001
v -23.273405 32.075623 86.947975
v -24.541485 33.601460 83.442001
v -22.912397 33.184189 86.920334
v -24.359735 34.765778 83.521263
v -22.664227 34.774384 87.003006
v -24.359735 34.765778 83.521263
v -22.912397 33.184189 86.920334
v -24.359735 34.765778 83.521263
v -22.664227 34.774384 87.003006
v -24.518473 35.554958 83.529457
v -22.924229 36.067005 87.015419
v -24.518473 35.554958 83.529457
v -22.664227 34.774384 87.003006
v -24.518473 35.554958 83.529457
v -22.924229 36.067005 87.015419
v -24.908854 36.349575 83.530930
v -23.532009 37.304131 87.020729
v -24.908854 36.349575 83.530930
v -22.924229 36.067005 87.015419
v -24.908854 36.349575 83.530930
v -23.532009 37.304131 87.020729
v -25.625027 37.064857 83.551765
v -24.630362 38.401161 87.045082
v -25.625027 37.064857 83.551765
v -23.532009 37.304131 87.020729
v -25.625027 37.064857 83.551765
v -24.630362 38.401161 87.045082
v -26.526011 37.523899 83.556999
v -26.001139 39.099560 87.052765
v -26.526011 37.523899 83.556999
v -24.630362 38.401161 87.045082
v -26.526011 37.523899 83.556999
v -26.001139 39.099560 87.052765
v -27.524265 37.682003 83.558426
v -27.520609 39.340206 87.055412
v -27.524265 37.682003 83.558426
v -26.001139 39.099560 87.052765
v -27.524265 37.682003 83.558426
v -27.520609 39.340206 87.055412
v -28.522547 37.523911 83.555908
v -29.040117 39.099560 87.052765
v -28.522547 37.523911 83.555908
v -27.520609 39.340206 87.055412
v -28.522547 37.523911 83.555908
v -29.040117 39.099560 87.052765
v -29.423098 37.065083 83.549683
v -30.410858 38.401161 87.045082
v -29.423098 37.065083 83.549683
v -29.040117 39.099560 87.052765
v -29.423098 37.065083 83.549683
v -30.410858 38.401161 87.045082
v -30.137812 36.350445 83.540375
v -31.498728 37.313389 87.033119
v -30.137812 36.350445 83.540375
v -30.410858 38.401161 87.045082
v -30.137812 36.350445 83.540375
v -31.498728 37.313389 87.033119
v -30.595015 35.453205 83.528931
v -32.197163 35.942711 87.018059
v -30.595015 35.453205 83.528931
v -31.498728 37.313389 87.033119
v -30.595015 35.453205 83.528931
v -32.197163 35.942711 87.018059
v -30.754267 34.419552 83.504654
v -32.436424 34.389606 86.989616
v -30.754267 34.419552 83.504654
v -32.197163 35.942711 87.018059
v -30.754267 34.419552 83.504654
v -32.436424 34.389606 86.989616
v -30.595358 33.399834 83.503960
v -32.189800 32.806984 86.984238
v -30.595358 33.399834 83.503960
v -32.436424 34.389606 86.989616
v -0.044140 31.005926 82.960068
v -18.474287 19.180239 76.251732
v -0.044140 19.229650 76.092064
v -18.459278 27.705059 79.587959
v -18.452099 22.216309 77.294952
v -18.116619 29.806482 80.172600
v -14.646571 30.145218 81.031113
v -18.116619 29.806482 80.172600
v -9.533205 30.565001 81.962761
v -18.116619 29.806482 80.172600
v -18.452099 22.216309 77.294952
v -9.533205 30.565001 81.962761
v -3.519124 30.852062 82.779335
v -9.533205 30.565001 81.962761
v -0.044140 31.005926 82.960068
v -9.533205 30.565001 81.962761
v -18.452099 22.216309 77.294952
v -0.044140 31.005926 82.960068
v -0.044140 31.005926 82.960068
v -18.452099 22.216309 77.294952
v -18.474287 19.180239 76.251732
v -18.459278 27.705059 79.587959
v -19.963856 29.073610 86.450188
v -18.452099 22.216309 77.294952
v -19.956636 23.558159 84.145958
v -18.452099 22.216309 77.294952
v -19.956636 23.558159 84.145958
v -18.474287 19.180239 76.251732
v -19.956636 19.231075 82.362305
v -18.474287 19.180239 76.251732
v -19.956636 23.558159 84.145958
v -18.474287 19.180239 76.251732
v -19.956636 19.231075 82.362305
v -0.044140 19.229650 76.092064
v -0.044140 19.193567 82.347572
v -0.044140 19.229650 76.092064
v -19.956636 19.231075 82.362305
v -0.044140 31.005926 82.960068
v -0.044138 33.626942 90.669235
v -3.519124 30.852062 82.779335
v -3.638061 33.525684 90.363098
v -3.519124 30.852062 82.779335
v -0.044138 33.626942 90.669235
v -3.519124 30.852062 82.779335
v -3.638061 33.525684 90.363098
v -9.533205 30.565001 81.962761
v -9.713152 33.235909 89.537758
v -9.533205 30.565001 81.962761
v -3.638061 33.525684 90.363098
v -9.533205 30.565001 81.962761
v -9.713152 33.235909 89.537758
v -14.646571 30.145218 81.031113
v -14.884706 32.810894 88.596642
v -14.646571 30.145218 81.031113
v -9.713152 33.235909 89.537758
v -14.646571 30.145218 81.031113
v -14.884706 32.810894 88.596642
v -18.116619 29.806482 80.172600
v -18.244839 32.452408 87.910286
v -18.116619 29.806482 80.172600
v -14.884706 32.810894 88.596642
v -18.116619 29.806482 80.172600
v -18.244839 32.452408 87.910286
v -19.790663 32.217468 87.284950
v -18.116619 29.806482 80.172600
v -19.790663 32.217468 87.284950
v -18.459278 27.705059 79.587959
v -19.963856 29.073610 86.450188
v -18.459278 27.705059 79.587959
v -19.790663 32.217468 87.284950
v -27.776159 25.268200 -84.955544
v -31.111452 25.265331 -84.942062
v -27.807543 26.712141 -84.750793
v -31.069824 27.275236 -84.616333
v -27.807543 26.712141 -84.750793
v -31.111452 25.265331 -84.942062
v -27.807543 26.712141 -84.750793
v -31.069824 27.275236 -84.616333
v -27.888302 28.985996 -84.215591
v -30.989655 29.255022 -84.161026
v -27.888302 28.985996 -84.215591
v -31.069824 27.275236 -84.616333
v -30.989655 29.255022 -84.161026
v -30.898424 30.305151 -83.895485
v -27.888302 28.985996 -84.215591
v -28.140564 31.845036 -83.575691
v -27.888302 28.985996 -84.215591
v -30.898424 30.305151 -83.895485
v -30.898424 30.305151 -83.895485
v -30.401270 33.225937 -83.312874
v -28.140564 31.845036 -83.575691
v -28.404312 32.793121 -83.395378
v -28.140564 31.845036 -83.575691
v -30.401270 33.225937 -83.312874
v -28.404312 32.793121 -83.395378
v -30.401270 33.225937 -83.312874
v -28.657015 33.483406 -83.262947
v -29.810190 34.278748 -83.077797
v -28.657015 33.483406 -83.262947
v -30.401270 33.225937 -83.312874
v -29.448393 34.559914 -83.009354
v -29.129086 34.322414 -83.073654
v -29.810190 34.278748 -83.077797
v -28.657015 33.483406 -83.262947
v -29.810190 34.278748 -83.077797
v -29.129086 34.322414 -83.073654
v -30.321451 24.827976 -86.691284
v -31.111452 25.265331 -84.942062
v -28.557312 24.840456 -86.532501
v -27.776159 25.268200 -84.955544
v -28.557312 24.840456 -86.532501
v -31.111452 25.265331 -84.942062
v -30.117842 24.785336 -86.854721
v -30.321451 24.827976 -86.691284
v -29.533554 24.782940 -86.993111
v -28.557312 24.840456 -86.532501
v -29.533554 24.782940 -86.993111
v -30.321451 24.827976 -86.691284
v -28.383173 35.653763 -85.227730
v -28.073500 35.790134 -85.197769
v -28.118402 34.930786 -85.367798
v -27.795233 35.030704 -85.346809
v -28.118402 34.930786 -85.367798
v -28.073500 35.790134 -85.197769
v -28.118402 34.930786 -85.367798
v -27.795233 35.030704 -85.346809
v -27.844278 33.945618 -85.556206
v -27.509516 34.004105 -85.544411
v -27.844278 33.945618 -85.556206
v -27.795233 35.030704 -85.346809
v -27.844278 33.945618 -85.556206
v -27.509516 34.004105 -85.544411
v -27.588989 31.052170 -86.203156
v -27.250841 31.072178 -86.199181
v -27.588989 31.052170 -86.203156
v -27.509516 34.004105 -85.544411
v -27.588989 31.052170 -86.203156
v -27.250841 31.072178 -86.199181
v -27.507898 28.768843 -86.741005
v -27.169367 28.778179 -86.739540
v -27.507898 28.768843 -86.741005
v -27.169367 28.778179 -86.739540
v -27.476175 27.302792 -87.013542
v -27.137064 27.288225 -87.088058
v -27.476175 27.302792 -87.013542
v -27.169367 28.778179 -86.739540
v -27.476175 27.302792 -87.013542
v -27.137064 27.288225 -87.088058
v -28.333099 26.850246 -88.747772
v -28.078827 26.812008 -88.999191
v -28.333099 26.850246 -88.747772
v -27.137064 27.288225 -87.088058
v -28.333099 26.850246 -88.747772
v -28.078827 26.812008 -88.999191
v -29.502619 26.789455 -89.300644
v -29.464579 26.750963 -89.655464
v -29.502619 26.789455 -89.300644
v -28.078827 26.812008 -88.999191
v -29.502619 26.789455 -89.300644
v -29.464579 26.750963 -89.655464
v -30.259050 26.796810 -89.122040
v -30.413340 26.763050 -89.431763
v -30.259050 26.796810 -89.122040
v -29.464579 26.750963 -89.655464
v -30.259050 26.796810 -89.122040
v -30.413340 26.763050 -89.431763
v -30.573221 26.844515 -88.867432
v -30.851236 26.812788 -89.075058
v -30.573221 26.844515 -88.867432
v -30.413340 26.763050 -89.431763
v -30.573221 26.844515 -88.867432
v -30.851236 26.812788 -89.075058
v -31.418398 27.301472 -86.993370
v -31.757946 27.288416 -87.061066
v -31.418398 27.301472 -86.993370
v -30.851236 26.812788 -89.075058
v -31.418398 27.301472 -86.993370
v -31.757946 27.288416 -87.061066
v -31.375742 29.332226 -86.604584
v -31.714249 29.342010 -86.601616
v -31.375742 29.332226 -86.604584
v -31.757946 27.288416 -87.061066
v -31.375742 29.332226 -86.604584
v -31.714249 29.342010 -86.601616
v -31.295191 31.321363 -86.147308
v -31.633280 31.341568 -86.141975
v -31.295191 31.321363 -86.147308
v -31.714249 29.342010 -86.601616
v -31.295191 31.321363 -86.147308
v -31.633280 31.341568 -86.141975
v -31.202372 32.390274 -85.878700
v -31.538675 32.431469 -85.869873
v -31.202372 32.390274 -85.878700
v -31.633280 31.341568 -86.141975
v -31.202372 32.390274 -85.878700
v -31.538675 32.431469 -85.869873
v -30.694719 35.372639 -85.283562
v -31.019304 35.482632 -85.260529
v -30.694719 35.372639 -85.283562
v -31.538675 32.431469 -85.869873
v -30.694719 35.372639 -85.283562
v -31.019304 35.482632 -85.260529
v -30.049852 36.520691 -85.024513
v -30.314295 36.737198 -84.974770
v -30.049852 36.520691 -85.024513
v -31.019304 35.482632 -85.260529
v -30.049852 36.520691 -85.024513
v -30.314295 36.737198 -84.974770
v -29.455095 36.983292 -84.913612
v -29.459076 37.402527 -84.815895
v -29.455095 36.983292 -84.913612
v -30.314295 36.737198 -84.974770
v -29.455095 36.983292 -84.913612
v -29.459076 37.402527 -84.815895
v -28.897202 36.567139 -85.020683
v -28.634436 36.786594 -84.970703
v -28.897202 36.567139 -85.020683
v -29.459076 37.402527 -84.815895
v -28.897202 36.567139 -85.020683
v -28.634436 36.786594 -84.970703
v -28.383173 35.653763 -85.227730
v -28.073500 35.790134 -85.197769
v -28.383173 35.653763 -85.227730
v -28.634436 36.786594 -84.970703
v -28.657015 33.483406 -83.262947
v -28.383173 35.653763 -85.227730
v -28.404312 32.793121 -83.395378
v -28.118402 34.930786 -85.367798
v -28.404312 32.793121 -83.395378
v -28.383173 35.653763 -85.227730
v -28.404312 32.793121 -83.395378
v -28.118402 34.930786 -85.367798
v -28.140564 31.845036 -83.575691
v -27.844278 33.945618 -85.556206
v -28.140564 31.845036 -83.575691
v -28.118402 34.930786 -85.367798
v -28.140564 31.845036 -83.575691
v -27.844278 33.945618 -85.556206
v -27.888302 28.985996 -84.215591
v -27.588989 31.052170 -86.203156
v -27.888302 28.985996 -84.215591
v -27.888302 28.985996 -84.215591
v -27.588989 31.052170 -86.203156
v -27.807543 26.712141 -84.750793
v -27.507898 28.768843 -86.741005
v -27.807543 26.712141 -84.750793
v -27.507898 28.768843 -86.741005
v -27.776159 25.268200 -84.955544
v -27.476175 27.302792 -87.013542
v -27.776159 25.268200 -84.955544
v -27.507898 28.768843 -86.741005
v -27.776159 25.268200 -84.955544
v -27.476175 27.302792 -87.013542
v -28.557312 24.840456 -86.532501
v -28.333099 26.850246 -88.747772
v -28.557312 24.840456 -86.532501
v -27.476175 27.302792 -87.013542
v -28.557312 24.840456 -86.532501
v -28.333099 26.850246 -88.747772
v -29.533554 24.782940 -86.993111
v -29.502619 26.789455 -89.300644
v -29.533554 24.782940 -86.993111
v -28.333099 26.850246 -88.747772
v -29.533554 24.782940 -86.993111
v -29.502619 26.789455 -89.300644
v -30.117842 24.785336 -86.854721
v -30.259050 26.796810 -89.122040
v -30.117842 24.785336 -86.854721
v -29.502619 26.789455 -89.300644
v -30.117842 24.785336 -86.854721
v -30.259050 26.796810 -89.122040
v -30.321451 24.827976 -86.691284
v -30.573221 26.844515 -88.867432
v -30.321451 24.827976 -86.691284
v -30.259050 26.796810 -89.122040
v -30.321451 24.827976 -86.691284
v -30.573221 26.844515 -88.867432
v -31.111452 25.265331 -84.942062
v -31.418398 27.301472 -86.993370
v -31.111452 25.265331 -84.942062
v -30.573221 26.844515 -88.867432
v -31.111452 25.265331 -84.942062
v -31.418398 27.301472 -86.993370
v -31.069824 27.275236 -84.616333
v -31.375742 29.332226 -86.604584
v -31.069824 27.275236 -84.616333
v -31.418398 27.301472 -86.993370
v -31.069824 27.275236 -84.616333
v -31.375742 29.332226 -86.604584
v -30.989655 29.255022 -84.161026
v -31.295191 31.321363 -86.147308
v -30.989655 29.255022 -84.161026
v -31.295191 31.321363 -86.147308
v -30.898424 30.305151 -83.895485
v -31.202372 32.390274 -85.878700
v -30.898424 30.305151 -83.895485
v -31.295191 31.321363 -86.147308
v -30.898424 30.305151 -83.895485
v -31.202372 32.390274 -85.878700
v -30.401270 33.225937 -83.312874
v -30.694719 35.372639 -85.283562
v -30.401270 33.225937 -83.312874
v -30.694719 35.372639 -85.283562
v -29.810190 34.278748 -83.077797
v -30.049852 36.520691 -85.024513
v -29.810190 34.278748 -83.077797
v -30.694719 35.372639 -85.283562
v -29.810190 34.278748 -83.077797
v -30.049852 36.520691 -85.024513
v -29.448393 34.559914 -83.009354
v -29.455095 36.983292 -84.913612
v -29.448393 34.559914 -83.009354
v -30.049852 36.520691 -85.024513
v -29.448393 34.559914 -83.009354
v -29.455095 36.983292 -84.913612
v -29.129086 34.322414 -83.073654
v -28.897202 36.567139 -85.020683
v -29.129086 34.322414 -83.073654
v -29.455095 36.983292 -84.913612
v -29.129086 34.322414 -83.073654
v -28.897202 36.567139 -85.020683
v -28.657015 33.483406 -83.262947
v -28.383173 35.653763 -85.227730
v -28.657015 33.483406 -83.262947
v -28.897202 36.567139 -85.020683
v -29.817093 17.006382 -31.517765
v -29.552462 17.400551 -10.000440
v -0.044140 17.009003 -31.523418
v -0.044140 17.400654 -9.997022
v -0.044140 17.009003 -31.523418
v -29.552462 17.400551 -10.000440
v -27.398937 44.761116 26.446306
v -26.712540 45.734737 30.575130
v -27.547440 43.847191 26.130018
v -26.056948 44.743305 32.629108
v -27.547440 43.847191 26.130018
v -26.712540 45.734737 30.575130
v -27.268091 45.699406 26.199303
v -26.831396 47.188740 28.700285
v -27.398937 44.761116 26.446306
v -26.712540 45.734737 30.575130
v -27.398937 44.761116 26.446306
v -26.831396 47.188740 28.700285
v -26.139965 55.719910 16.009033
v -26.117235 55.358753 20.586142
v -27.268091 45.699406 26.199303
v -26.831396 47.188740 28.700285
v -27.268091 45.699406 26.199303
v -26.117235 55.358753 20.586142
v -12.083942 62.833836 13.462482
v -25.938599 57.085232 13.462485
v -12.128071 62.331043 -3.213164
v -26.080732 56.582432 -3.213163
v -12.128071 62.331043 -3.213164
v -25.938599 57.085232 13.462485
v -12.137570 62.211475 -10.285529
v -26.111330 56.462879 -10.285530
v -12.144144 61.905945 -17.375950
v -26.132502 56.157337 -17.375954
v -12.144144 61.905945 -17.375950
v -26.111330 56.462879 -10.285530
v -27.547440 43.847191 26.130018
v -26.056948 44.743305 32.629108
v -27.738657 43.345181 24.980385
v -23.987051 44.625271 34.605755
v -27.738657 43.345181 24.980385
v -26.056948 44.743305 32.629108
v -29.295584 44.097614 -3.689874
v -29.412615 43.342476 -3.078149
v -29.394001 43.864040 -8.338332
v -29.640625 43.025276 -9.003034
v -29.394001 43.864040 -8.338332
v -29.412615 43.342476 -3.078149
v -28.991823 45.372829 -4.038827
v -29.295584 44.097614 -3.689874
v -29.127306 44.873814 -8.084474
v -29.394001 43.864040 -8.338332
v -29.127306 44.873814 -8.084474
v -29.295584 44.097614 -3.689874
v -26.658043 54.369667 -8.821777
v -26.677757 54.318066 -4.710696
v -29.127306 44.873814 -8.084474
v -28.991823 45.372829 -4.038827
v -29.127306 44.873814 -8.084474
v -26.677757 54.318066 -4.710696
v -26.400402 55.366562 -9.076882
v -26.405962 55.328754 -4.613813
v -26.658043 54.369667 -8.821777
v -26.677757 54.318066 -4.710696
v -26.658043 54.369667 -8.821777
v -26.405962 55.328754 -4.613813
v -26.164639 56.163197 -4.090004
v -26.405962 55.328754 -4.613813
v -26.210154 56.096024 -9.542117
v -26.400402 55.366562 -9.076882
v -26.210154 56.096024 -9.542117
v -26.405962 55.328754 -4.613813
v -26.080732 56.582432 -3.213163
v -26.164639 56.163197 -4.090004
v -26.111330 56.462879 -10.285530
v -26.210154 56.096024 -9.542117
v -26.111330 56.462879 -10.285530
v -26.164639 56.163197 -4.090004
v -29.640625 43.025276 -9.003034
v -29.412615 43.342476 -3.078149
v -29.703882 42.700298 -10.190670
v -29.411118 42.996605 -1.663302
v -29.703882 42.700298 -10.190670
v -29.412615 43.342476 -3.078149
v -29.737108 43.224449 -35.941635
v -29.892303 42.617268 -35.326149
v -27.025078 42.641048 -53.427910
v -26.263172 41.347115 -54.751789
v -27.025078 42.641048 -53.427910
v -29.892303 42.617268 -35.326149
v -0.044140 17.009003 -31.523418
v -0.044140 30.805811 -35.132496
v -29.817093 17.006382 -31.517765
v -29.742010 30.804115 -35.112133
v -29.817093 17.006382 -31.517765
v -0.044140 30.805811 -35.132496
v -28.052855 49.759514 -37.043571
v -29.737108 43.224449 -35.941635
v -25.522160 51.074509 -46.959190
v -27.025078 42.641048 -53.427910
v -25.522160 51.074509 -46.959190
v -29.737108 43.224449 -35.941635
v -27.631199 51.276115 -36.392483
v -28.052855 49.759514 -37.043571
v -23.865715 53.868324 -45.939087
v -25.522160 51.074509 -46.959190
v -23.865715 53.868324 -45.939087
v -28.052855 49.759514 -37.043571
v -20.234730 55.578064 -46.371132
v -27.312191 52.342800 -35.453342
v -23.865715 53.868324 -45.939087
v -27.631199 51.276115 -36.392483
v -23.865715 53.868324 -45.939087
v -27.312191 52.342800 -35.453342
v -27.312191 52.342800 -35.453342
v -20.234730 55.578064 -46.371132
v -27.001247 53.593662 -33.322788
v -14.787717 56.597973 -46.714718
v -27.001247 53.593662 -33.322788
v -20.234730 55.578064 -46.371132
v -12.270466 60.565517 -29.090286
v -26.539375 54.816910 -29.090284
v -12.413863 59.342270 -33.322788
v -27.001247 53.593662 -33.322788
v -12.413863 59.342270 -33.322788
v -26.539375 54.816910 -29.090284
v -29.259836 17.696815 -1.476994
v -27.588953 18.041801 25.141479
v -0.044140 17.696970 -1.469654
v -0.044140 18.045546 25.174034
v -0.044140 17.696970 -1.469654
v -27.588953 18.041801 25.141479
v -12.144144 61.905945 -17.375950
v -12.191586 61.265823 -24.870066
v -0.044140 61.905945 -17.375950
v -0.044140 61.265816 -24.870066
v -12.270466 60.565517 -29.090286
v -0.044140 60.565521 -29.090284
v -12.191586 61.265823 -24.870066
v -12.128071 62.331043 -3.213164
v -12.137570 62.211475 -10.285529
v -0.044140 62.331039 -3.213164
v -0.044140 62.211475 -10.285529
v -29.552462 17.400551 -10.000440
v -29.259836 17.696815 -1.476994
v -0.044140 17.400654 -9.997022
v -0.044140 17.696970 -1.469654
v -0.044140 17.400654 -9.997022
v -29.259836 17.696815 -1.476994
v -27.588953 18.041801 25.141479
v -23.883211 19.305668 34.649281
v -0.044140 18.045546 25.174034
v -0.044140 19.305668 34.649277
v -0.044140 18.045546 25.174034
v -23.883211 19.305668 34.649281
v -9.762471 46.768654 37.156326
v -4.989862 47.006741 37.409084
v -14.780162 46.313946 36.822056
v -21.093098 45.313156 35.668510
v -14.780162 46.313946 36.822056
v -23.987051 44.625271 34.605755
v -23.987051 44.625271 34.605755
v -14.780162 46.313946 36.822056
v -0.044140 44.625271 34.605755
v -14.780162 46.313946 36.822056
v -4.989862 47.006741 37.409084
v -0.044140 44.625271 34.605755
v -4.989862 47.006741 37.409084
v -0.044136 47.078533 37.487350
v -0.044140 44.625271 34.605755
v -29.742010 30.804115 -35.112133
v -0.044140 30.805811 -35.132496
v -26.125528 29.492605 -54.467129
v -0.044140 29.535656 -54.558144
v -26.125528 29.492605 -54.467129
v -0.044140 30.805811 -35.132496
v -12.413863 59.342270 -33.322788
v -8.099496 57.057770 -46.878193
v -0.044140 59.342270 -33.322788
v -0.044136 57.234058 -47.030491
v -0.044140 59.342270 -33.322788
v -8.099496 57.057770 -46.878193
v -24.373722 29.830135 -55.295792
v -26.125528 29.492605 -54.467129
v -20.171200 30.646029 -56.572296
v -16.254940 31.271128 -57.474503
v -20.171200 30.646029 -56.572296
v -10.911251 31.693092 -58.050987
v -20.171200 30.646029 -56.572296
v -26.125528 29.492605 -54.467129
v -10.911251 31.693092 -58.050987
v -10.911251 31.693092 -58.050987
v -26.125528 29.492605 -54.467129
v -0.044140 32.057911 -58.502403
v -26.125528 29.492605 -54.467129
v -0.044140 29.535656 -54.558144
v -0.044140 32.057911 -58.502403
v -26.058228 56.572269 14.903348
v -25.748806 56.975056 19.502060
v -26.139965 55.719910 16.009033
v -26.117235 55.358753 20.586142
v -26.139965 55.719910 16.009033
v -25.748806 56.975056 19.502060
v -25.938599 57.085232 13.462485
v -25.206085 58.177746 19.753311
v -26.058228 56.572269 14.903348
v -25.748806 56.975056 19.502060
v -26.058228 56.572269 14.903348
v -25.206085 58.177746 19.753311
v -12.083942 62.833836 13.462482
v -8.083763 60.298119 23.113823
v -14.840922 60.080257 22.756002
v -0.044140 62.331039 -3.213164
v -0.044140 62.833836 13.462485
v -12.128071 62.331043 -3.213164
v -12.083942 62.833836 13.462482
v -0.044140 61.905945 -17.375950
v -12.137570 62.211475 -10.285529
v -0.044140 60.565521 -29.090284
v -12.270466 60.565517 -29.090286
v -0.044140 59.342270 -33.322788
v -26.285303 55.517208 -24.870068
v -12.191586 61.265823 -24.870066
v -26.132502 56.157337 -17.375954
v -12.191586 61.265823 -24.870066
v -26.285303 55.517208 -24.870068
v -12.270466 60.565517 -29.090286
v -26.111330 56.462879 -10.285530
v -12.128071 62.331043 -3.213164
v -0.044136 60.498722 23.383595
v -8.083763 60.298119 23.113823
v -0.044140 62.833836 13.462485
v -0.044140 62.833836 13.462485
v -8.083763 60.298119 23.113823
v -14.787717 56.597973 -46.714718
v -8.099496 57.057770 -46.878193
v -12.413863 59.342270 -33.322788
v -14.787717 56.597973 -46.714718
v -25.206085 58.177746 19.753311
v -25.938599 57.085232 13.462485
v -23.935755 58.807888 20.432846
v -22.444424 59.184132 21.134413
v -23.935755 58.807888 20.432846
v -20.028179 59.594475 21.897413
v -23.935755 58.807888 20.432846
v -25.938599 57.085232 13.462485
v -20.028179 59.594475 21.897413
v -20.028179 59.594475 21.897413
v -20.028179 59.594475 21.897413
v -12.083942 62.833836 13.462482
v -14.840922 60.080257 22.756002
v -16.285477 43.159489 -57.795444
v -20.217323 42.532047 -56.889549
v -16.254940 31.271128 -57.474503
v -20.171200 30.646029 -56.572296
v -10.925265 43.582676 -58.373760
v -16.285477 43.159489 -57.795444
v -10.911251 31.693092 -58.050987
v -16.254940 31.271128 -57.474503
v -0.044136 43.947910 -58.825798
v -10.925265 43.582676 -58.373760
v -0.044140 32.057911 -58.502403
v -10.911251 31.693092 -58.050987
v -0.044140 32.057911 -58.502403
v -10.925265 43.582676 -58.373760
v -23.987051 44.625271 34.605755
v -0.044140 44.625271 34.605755
v -23.883211 19.305668 34.649281
v -0.044140 19.305668 34.649277
v -27.738657 43.345181 24.980385
v -23.987051 44.625271 34.605755
v -27.588953 18.041801 25.141479
v -23.883211 19.305668 34.649281
v -29.411118 42.996605 -1.663302
v -27.738657 43.345181 24.980385
v -29.259836 17.696815 -1.476994
v -27.588953 18.041801 25.141479
v -29.703882 42.700298 -10.190670
v -29.411118 42.996605 -1.663302
v -29.552462 17.400551 -10.000440
v -29.259836 17.696815 -1.476994
v -29.968611 42.308636 -34.559177
v -29.703882 42.700298 -10.190670
v -29.817093 17.006382 -31.517765
v -29.552462 17.400551 -10.000440
v -29.817093 17.006382 -31.517765
v -29.703882 42.700298 -10.190670
v -29.892303 42.617268 -35.326149
v -29.968611 42.308636 -34.559177
v -29.742010 30.804115 -35.112133
v -29.817093 17.006382 -31.517765
v -29.742010 30.804115 -35.112133
v -29.968611 42.308636 -34.559177
v -26.263172 41.347115 -54.751789
v -29.892303 42.617268 -35.326149
v -26.125528 29.492605 -54.467129
v -29.742010 30.804115 -35.112133
v -24.433723 41.713501 -55.608810
v -26.263172 41.347115 -54.751789
v -24.373722 29.830135 -55.295792
v -26.125528 29.492605 -54.467129
v -24.373722 29.830135 -55.295792
v -26.263172 41.347115 -54.751789
v -20.217323 42.532047 -56.889549
v -24.433723 41.713501 -55.608810
v -20.171200 30.646029 -56.572296
v -24.373722 29.830135 -55.295792
v -17.257494 18.994686 80.921715
v -13.883606 18.994686 80.921715
v -10.935029 31.736624 85.262955
v -7.561138 31.736624 85.262955
v -17.257494 18.990606 78.949570
v -13.883605 18.990606 78.949570
v -17.257494 18.994686 80.921715
v -13.883606 18.994686 80.921715
v -10.935029 31.174742 83.290810
v -17.257494 18.990606 78.949570
v -10.935029 31.736624 85.262955
v -17.257494 18.994686 80.921715
v -7.561137 31.174742 83.290810
v -10.935029 31.174742 83.290810
v -7.561138 31.736624 85.262955
v -10.935029 31.736624 85.262955
v -13.883605 18.990606 78.949570
v -7.561137 31.174742 83.290810
v -13.883606 18.994686 80.921715
v -7.561138 31.736624 85.262955
v -17.288065 16.617170 86.114944
v -13.842789 16.617170 86.114944
v -17.288065 18.584345 86.114944
v -13.842789 18.584345 86.114944
v -17.288065 16.617167 75.170990
v -13.842789 16.617167 75.170990
v -17.288065 16.617170 86.114944
v -13.842789 16.617170 86.114944
v -17.288065 18.584343 75.170990
v -17.288065 16.617167 75.170990
v -17.288065 18.584345 86.114944
v -17.288065 16.617170 86.114944
v -13.842789 18.584343 75.170990
v -17.288065 18.584343 75.170990
v -13.842789 18.584345 86.114944
v -17.288065 18.584345 86.114944
v -13.842789 16.617167 75.170990
v -13.842789 18.584343 75.170990
v -13.842789 16.617170 86.114944
v -13.842789 18.584345 86.114944
v 19.915319 59.534718 -39.348598
v 22.935177 58.584484 -39.316093
v 23.383438 56.372322 -43.989998
v 23.383438 56.372322 -43.989998
v 19.966152 57.630249 -43.973923
v 19.915319 59.534718 -39.348598
v 14.698064 60.437618 -39.338661
v 19.966152 57.630249 -43.973923
v 14.698064 58.534290 -43.963165
v 14.698064 60.437618 -39.338661
v 8.006321 60.750336 -39.335224
v 8.006321 58.959251 -43.958485
v 19.915321 60.987816 -33.945957
v 22.997578 59.957935 -33.957283
v 22.935177 58.584484 -39.316093
v 19.915319 59.534718 -39.348598
v 19.915321 60.987816 -33.945957
v 14.698067 61.890717 -33.936024
v 8.006322 62.203430 -33.932575
v 22.997578 60.771549 -29.487141
v 25.193613 59.192673 -29.506456
v 25.418749 57.984161 -33.982475
v 22.997580 61.245918 -25.151234
v 25.017923 59.974911 -25.165220
v 22.997583 62.164810 2.475131
v 25.017931 60.893810 2.461140
v 25.017927 60.979076 -7.438189
v 22.997581 62.250080 -7.424212
v 19.915327 63.194698 2.486456
v 19.915325 63.279964 -7.412884
v 14.698071 64.097603 2.496386
v 14.698071 64.182869 -7.402955
v 8.006326 64.410316 2.499826
v 8.006326 64.495590 -7.399502
v 22.997583 61.628025 10.257754
v 25.017931 60.465282 10.244966
v 19.915327 62.657913 10.269081
v 22.997583 61.628025 10.257754
v 22.997583 62.164810 2.475131
v 14.698083 63.560810 10.279018
v 8.006329 63.873528 10.282457
v 22.997585 61.073555 14.598678
v 25.017931 60.154144 13.709476
v 19.915329 61.955917 15.288589
v 14.698086 62.728138 15.847037
v 8.006329 63.010647 16.051159
v 23.007902 60.439671 18.511885
v 25.017532 59.809101 16.705706
v 19.915329 61.019718 19.401310
v 14.698086 61.550629 20.188652
v 8.006330 61.797321 20.600456
v 19.913784 60.134785 21.371069
v 23.071939 59.835896 20.207998
v 14.694988 60.573143 22.239471
v 8.000909 60.809345 22.583172
v 25.668266 54.700974 -42.677952
v 23.383438 56.372322 -43.989998
v 22.935177 58.584484 -39.316093
v 22.935177 58.584484 -39.316093
v 25.789560 56.283531 -38.551228
v 25.668266 54.700974 -42.677952
v 24.202524 22.542868 -87.868515
v 26.777939 22.526819 -86.876930
v 26.785208 20.430897 -87.050072
v 24.403259 20.462259 -88.332146
v 26.976646 33.108711 -83.549004
v 25.118004 34.283195 -84.127022
v 27.124630 34.277859 -82.253838
v 25.394705 35.844864 -82.004494
v 27.324631 35.246716 -80.751434
v 25.596426 36.635853 -80.363258
v 27.747280 36.490490 -77.763428
v 27.324631 35.246716 -80.751434
v 25.394705 35.844864 -82.004494
v 25.905024 37.347988 -77.988075
v 26.368025 38.172073 -73.804527
v 28.289547 37.652683 -73.231102
v 27.397680 39.560268 -63.045925
v 29.242401 39.272068 -62.879681
v 28.730570 38.298653 -69.657272
v 26.790810 38.765530 -70.016426
v 28.022736 40.133450 -58.812195
v 16.197206 43.159489 -57.795448
v 20.129051 42.532047 -56.889549
v 20.051836 42.276863 -58.542282
v 16.190208 42.866425 -59.241817
v 25.789560 56.283531 -38.551228
v 22.783068 35.430786 -84.790367
v 18.558594 36.305378 -85.183891
v 18.722519 38.229477 -82.622711
v 22.951456 37.467846 -82.063698
v 18.984781 39.586338 -79.208275
v 23.142244 38.685673 -78.632042
v 19.279839 40.310825 -75.555443
v 23.302073 39.346569 -74.802330
v 23.627668 39.931442 -70.726158
v 19.640455 40.940136 -71.632858
v 20.067425 41.786312 -64.215431
v 24.135294 40.761185 -63.632008
v 16.270960 42.495674 -64.748802
v 21.769901 27.400980 -88.327141
v 23.425739 26.475286 -87.511124
v 22.463291 25.448465 -87.986221
v 21.464695 25.067682 -88.326988
v -0.044127 61.913548 20.601732
v -0.044127 60.971523 22.850269
v -0.044127 63.126881 16.052448
v -0.044127 63.989758 10.283733
v -0.044127 64.611832 -7.398221
v -0.044127 64.526558 2.501102
v -0.044127 59.134350 -43.956554
v -0.044127 60.866562 -39.333931
v 8.006324 64.075050 -17.635763
v 14.698069 63.762321 -17.639206
v 8.006324 63.491417 -25.126539
v 8.006324 64.075050 -17.635763
v 14.698069 63.762321 -17.639206
v 14.698067 63.178703 -25.129984
v 19.915325 62.859428 -17.649130
v 19.915321 62.275810 -25.139908
v 25.017925 60.558544 -17.674431
v 22.997581 61.829552 -17.660456
v 25.020409 59.535698 18.546511
v -0.044127 64.191284 -17.634468
v -0.044127 63.607655 -25.125242
v -0.044127 63.104176 -29.528269
v 8.006322 62.987946 -29.529556
v -0.044127 62.319664 -33.931297
v 14.698067 62.675232 -29.533005
v 19.915321 61.772331 -29.542934
v 20.146460 55.578068 -46.371132
v 14.699442 56.597973 -46.714718
v 14.698064 58.534290 -43.963165
v 8.011221 57.057770 -46.878193
v -0.044136 57.234058 -47.030491
v 20.146460 55.578068 -46.371132
v 23.777437 53.868324 -45.939087
v 10.836990 43.582676 -58.373760
v 10.673421 43.355091 -59.775261
v -0.044136 43.947910 -58.825798
v -0.044127 43.697903 -60.191521
v 10.800105 43.027138 -65.270317
v -0.044127 43.349697 -65.636635
v 10.800103 41.970646 -72.461372
v -0.044127 42.394936 -72.799171
v 27.232466 39.908554 -61.017242
v 26.234489 40.450031 -59.416798
v 24.322443 41.120205 -58.192802
v 22.752302 41.503391 -58.119431
v 10.800097 41.199707 -76.316498
v -0.044127 41.653324 -76.682671
v 10.800097 40.320320 -79.868050
v 10.800097 38.886749 -83.015152
v -0.044127 40.799183 -80.326645
v -0.044127 39.380943 -83.328751
v 10.800097 36.868145 -85.597046
v -0.044127 37.355892 -86.032822
v -0.044127 37.355892 -86.032822
v 10.800097 36.868145 -85.597046
v 10.800097 34.425110 -87.444443
v -0.044127 35.046860 -87.834595
v 10.800097 32.159836 -88.636520
v -0.044127 32.855625 -88.944984
v 10.800097 29.096601 -89.490868
v -0.044127 29.621572 -89.681717
v 10.804483 25.062416 -89.852074
v -0.044127 25.072590 -90.159782
v 18.558594 36.305378 -85.183891
v 18.339167 33.660606 -87.132576
v 18.153719 31.337042 -88.296753
v 18.066385 28.322779 -89.078613
v 18.032192 25.031485 -89.247353
v 18.106829 20.480953 -89.736572
v 10.836096 20.484842 -90.386230
v -0.044136 20.502937 -90.788406
v 21.473650 20.472355 -89.250259
v 22.459860 32.682625 -86.582199
v 22.232933 30.208071 -87.547813
v 22.783068 35.430786 -84.790367
v 24.632044 31.626270 -85.802559
v 24.200033 29.410501 -86.641548
v 22.783068 35.430786 -84.790367
v 22.951456 37.467846 -82.063698
v 25.118004 34.283195 -84.127022
v 26.746164 28.713778 -85.707977
v 24.632044 31.626270 -85.802559
v 26.839260 30.697746 -84.831078
v 26.746164 28.713778 -85.707977
v 26.737194 26.682657 -86.217743
v 23.807516 27.674593 -87.133377
v 24.345453 41.713501 -55.608810
v 20.051836 42.276863 -58.542282
v 20.129051 42.532047 -56.889549
v 26.174898 41.347115 -54.751789
v 28.584206 40.931908 -52.344765
v 26.976646 33.108711 -83.549004
v 14.752648 60.080257 22.756002
v 7.995489 60.298119 23.113823
v 19.939907 59.594475 21.897413
v 19.913784 60.134785 21.371069
v 14.694988 60.573143 22.239471
v 19.939907 59.594475 21.897413
v 23.071939 59.835896 20.207998
v 23.847483 58.807888 20.432846
v 25.020409 59.535698 18.546511
v 9.674203 46.768654 37.156326
v 4.901587 47.006741 37.409084
v 4.900990 46.568600 37.858597
v 9.670848 46.352337 37.589085
v -0.044136 47.078533 37.487350
v -0.044127 46.602909 37.989170
v 14.691889 46.313946 36.822056
v 14.688534 45.917534 37.230518
v 21.004831 45.313156 35.668510
v 14.691889 46.313946 36.822056
v 14.688534 45.917534 37.230518
v 21.010172 44.876240 36.096970
v 23.898781 44.625271 34.605755
v 23.898571 44.156898 35.068832
v 26.163700 43.491436 33.796917
v 27.159237 43.165592 32.767982
v 26.624262 45.734737 30.575130
v 25.968676 44.743305 32.629108
v 23.071939 59.835896 20.207998
v 22.356165 59.184132 21.134413
v 23.847483 58.807888 20.432846
v 22.356165 59.184132 21.134413
v -0.044136 60.498722 23.383595
v 25.968676 44.743305 32.629108
v 26.163700 43.491436 33.796917
v -0.044127 46.217228 42.083332
v 3.567067 46.095467 41.875103
v 9.636652 45.920956 41.689007
v 14.659807 45.456997 41.457027
v 21.010172 44.876240 36.096970
v 20.709898 44.524426 40.801208
v 23.757952 43.709873 40.187962
v 23.898571 44.156898 35.068832
v 26.070627 43.024029 39.564610
v 26.163700 43.491436 33.796917
v 28.192493 42.333820 38.687622
v 27.159237 43.165592 32.767982
v 18.156567 39.307037 83.194412
v 14.796431 40.072929 83.464195
v 14.796431 39.067177 85.266075
v 18.156567 38.528706 84.627785
v 9.624876 40.548866 83.600471
v 9.624877 39.384113 85.743828
v 3.556035 40.929054 83.709396
v 3.549780 39.734608 86.152130
v 18.156567 38.528706 84.627785
v 18.156567 37.200611 86.079483
v 20.241646 36.740242 85.053200
v 20.241646 36.740242 85.053200
v 20.465719 37.325733 83.930397
v 14.796431 39.067177 85.266075
v 14.796431 37.616856 86.753807
v 14.796431 37.616856 86.753807
v 18.156567 37.200611 86.079483
v 18.156567 38.528706 84.627785
v 9.624877 38.074825 87.307693
v 14.796431 37.616856 86.753807
v 3.549780 38.306561 87.837471
v 18.156567 37.200611 86.079483
v 18.156567 35.107075 87.403160
v 19.838463 34.596992 86.823418
v 20.030977 35.942154 86.012611
v 14.796431 37.616856 86.753807
v 14.796431 35.522430 88.057610
v 9.624877 38.074825 87.307693
v 9.624877 35.889706 88.762810
v 3.549780 38.306561 87.837471
v 3.549787 36.200645 89.285988
v 14.796431 32.810894 88.596642
v 18.156567 32.452408 87.910286
v 9.624877 33.235909 89.537758
v 3.549787 33.525684 90.363098
v 20.690887 37.689739 82.803307
v 20.030977 35.942154 86.012611
v 19.702389 32.217468 87.284950
v 9.624875 42.059074 77.912659
v 9.624874 43.631870 68.184837
v 3.555425 43.864246 68.199509
v 3.555252 42.353951 78.335411
v 9.624876 41.467651 80.812454
v 3.555182 41.784309 81.067398
v 18.784687 40.710209 77.078232
v 21.748903 38.905098 76.614899
v 23.138777 40.166115 68.144699
v 19.954008 41.952404 68.154678
v 21.230017 38.375557 79.751892
v 18.399605 40.196495 80.193398
v 21.369747 43.122334 58.544655
v 22.717545 43.932762 48.425510
v 17.082346 44.971924 48.440571
v 16.288090 44.123081 58.556232
v 9.624870 45.644081 48.451420
v 9.624872 44.733501 58.564075
v 3.555655 45.821522 48.457115
v 3.555548 44.911076 58.569233
v 24.752352 41.168953 58.467331
v 26.446657 41.905090 48.372650
v 15.044646 41.455269 77.533997
v 14.891898 40.940361 80.559341
v 15.554591 42.944386 68.170990
v -0.044127 41.102230 83.744461
v -0.044127 39.803692 86.310936
v -0.044127 38.303684 88.079582
v -0.044127 38.303684 88.079582
v -0.044127 36.198067 89.527878
v -0.044138 33.626942 90.669235
v -0.044127 43.898026 68.204254
v -0.044127 42.448551 78.513397
v -0.044127 41.924370 81.176895
v -0.044127 45.814896 48.459728
v -0.044127 44.904594 58.571796
v -20.003572 59.534718 -39.348598
v -20.054405 57.630249 -43.973923
v -23.471689 56.372322 -43.989998
v -23.023430 58.584484 -39.316093
v -14.786319 60.437618 -39.338661
v -14.786319 58.534290 -43.963165
v -8.094576 60.750336 -39.335224
v -8.094576 58.959251 -43.958485
v -20.003574 60.987816 -33.945957
v -23.085831 59.957935 -33.957283
v -14.786322 61.890717 -33.936024
v -8.094577 62.203430 -33.932575
v -23.085831 60.771549 -29.487141
v -25.507015 57.984161 -33.982475
v -25.281879 59.192673 -29.506456
v -23.085833 61.245918 -25.151234
v -25.106190 59.974911 -25.165220
v -23.085836 62.164810 2.475131
v -23.085835 62.250080 -7.424212
v -25.106194 60.979076 -7.438189
v -25.106197 60.893810 2.461140
v -20.003580 63.194698 2.486456
v -20.003578 63.279964 -7.412884
v -14.786326 64.097603 2.496386
v -14.786325 64.182869 -7.402955
v -8.094582 64.410316 2.499826
v -8.094582 64.495590 -7.399502
v -23.085836 61.628025 10.257754
v -25.106197 60.465282 10.244966
v -20.003580 62.657913 10.269081
v -14.786338 63.560810 10.279018
v -8.094584 63.873528 10.282457
v -23.085838 61.073555 14.598678
v -25.106197 60.154144 13.709476
v -20.003582 61.955917 15.288589
v -14.786341 62.728138 15.847037
v -8.094584 63.010647 16.051159
v -23.096155 60.439671 18.511885
v -25.105801 59.809101 16.705706
v -20.003582 61.019718 19.401310
v -14.786341 61.550629 20.188652
v -8.094584 61.797321 20.600456
v -20.002037 60.134785 21.371069
v -23.160191 59.835896 20.207998
v -14.783243 60.573143 22.239471
v -8.089164 60.809345 22.583172
v -25.756538 54.700977 -42.677952
v -25.877819 56.283531 -38.551228
v -23.023430 58.584484 -39.316093
v -23.471689 56.372322 -43.989998
v -24.290777 22.542868 -87.868515
v -24.491526 20.462259 -88.332146
v -26.873482 20.430897 -87.050072
v -26.866205 22.526819 -86.876930
v -27.064907 33.108711 -83.549004
v -27.212896 34.277859 -82.253838
v -25.206255 34.283195 -84.127022
v -25.482958 35.844864 -82.004494
v -27.412895 35.246716 -80.751434
v -25.684679 36.635853 -80.363258
v -25.482958 35.844864 -82.004494
v -27.412895 35.246716 -80.751434
v -27.835552 36.490490 -77.763428
v -25.993277 37.347988 -77.988075
v -26.456278 38.172073 -73.804527
v -28.377813 37.652683 -73.231102
v -27.485933 39.560268 -63.045925
v -26.879063 38.765530 -70.016426
v -28.818836 38.298653 -69.657272
v -29.330673 39.272068 -62.879681
v -28.111002 40.133450 -58.812195
v -16.285477 43.159489 -57.795444
v -16.278460 42.866425 -59.241817
v -20.140089 42.276863 -58.542282
v -20.217323 42.532047 -56.889549
v -25.877819 56.283531 -38.551228
v -22.871323 35.430786 -84.790367
v -23.039707 37.467846 -82.063698
v -18.810772 38.229477 -82.622711
v -18.646847 36.305378 -85.183891
v -23.230497 38.685673 -78.632042
v -19.073034 39.586338 -79.208275
v -23.390326 39.346569 -74.802330
v -19.368092 40.310825 -75.555443
v -23.715921 39.931442 -70.726158
v -24.223549 40.761185 -63.632008
v -20.155678 41.786312 -64.215431
v -19.728708 40.940136 -71.632858
v -16.359213 42.495674 -64.748802
v -21.858156 27.400980 -88.327141
v -22.551544 25.448465 -87.986221
v -23.513992 26.475286 -87.511124
v -21.552948 25.067682 -88.326988
v -8.094579 64.075050 -17.635763
v -14.786324 63.762321 -17.639206
v -8.094579 63.491417 -25.126539
v -14.786322 63.178703 -25.129984
v -20.003578 62.859428 -17.649130
v -20.003574 62.275810 -25.139908
v -25.106192 60.558544 -17.674431
v -23.085835 61.829552 -17.660456
v -25.108679 59.535698 18.546511
v -8.094577 62.987946 -29.529556
v -14.786322 62.675232 -29.533005
v -20.003574 61.772331 -29.542934
v -20.234730 55.578064 -46.371132
v -14.787717 56.597973 -46.714718
v -8.099496 57.057770 -46.878193
v -20.234730 55.578064 -46.371132
v -23.865715 53.868324 -45.939087
v -10.925265 43.582676 -58.373760
v -10.761676 43.355091 -59.775261
v -10.888360 43.027138 -65.270317
v -10.888358 41.970646 -72.461372
v -27.320719 39.908554 -61.017242
v -26.322742 40.450031 -59.416798
v -24.410696 41.120205 -58.192802
v -22.840555 41.503391 -58.119431
v -10.888351 41.199707 -76.316498
v -10.888351 40.320320 -79.868050
v -10.888351 38.886749 -83.015152
v -10.888351 36.868145 -85.597046
v -10.888351 34.425110 -87.444443
v -10.888351 36.868145 -85.597046
v -10.888351 32.159836 -88.636520
v -10.888351 29.096601 -89.490868
v -10.892738 25.062416 -89.852074
v -18.646847 36.305378 -85.183891
v -18.427420 33.660606 -87.132576
v -18.241972 31.337042 -88.296753
v -18.154638 28.322779 -89.078613
v -18.120445 25.031485 -89.247353
v -10.924364 20.484842 -90.386230
v -18.195095 20.480953 -89.736572
v -21.561922 20.472355 -89.250259
v -22.548113 32.682625 -86.582199
v -22.321186 30.208071 -87.547813
v -22.871323 35.430786 -84.790367
v -24.720297 31.626270 -85.802559
v -24.288286 29.410501 -86.641548
v -23.039707 37.467846 -82.063698
v -22.871323 35.430786 -84.790367
v -25.206255 34.283195 -84.127022
v -26.834429 28.713776 -85.707977
v -26.927526 30.697746 -84.831070
v -23.895769 27.674593 -87.133377
v -26.825460 26.682657 -86.217743
v -24.433723 41.713501 -55.608810
v -26.263172 41.347115 -54.751789
v -28.672480 40.931908 -52.344765
v -27.064907 33.108711 -83.549004
v -14.840922 60.080257 22.756002
v -8.083763 60.298119 23.113823
v -20.028179 59.594475 21.897413
v -14.783243 60.573143 22.239471
v -20.002037 60.134785 21.371069
v -20.028179 59.594475 21.897413
v -23.160191 59.835896 20.207998
v -25.108679 59.535698 18.546511
v -23.935755 58.807888 20.432846
v -9.762471 46.768654 37.156326
v -9.759103 46.352337 37.589085
v -4.989245 46.568600 37.858597
v -4.989862 47.006741 37.409084
v -14.780162 46.313946 36.822056
v -14.776789 45.917534 37.230518
v -21.093098 45.313156 35.668510
v -21.098425 44.876240 36.096970
v -14.776789 45.917534 37.230518
v -14.780162 46.313946 36.822056
v -23.987051 44.625271 34.605755
v -23.986824 44.156902 35.068832
v -26.251953 43.491436 33.796913
v -26.056948 44.743305 32.629108
v -26.712540 45.734737 30.575130
v -27.247505 43.165592 32.767982
v -23.160191 59.835896 20.207998
v -23.935755 58.807888 20.432846
v -22.444424 59.184132 21.134413
v -22.444424 59.184132 21.134413
v -23.160191 59.835896 20.207998
v -23.986824 44.156902 35.068832
v -23.987051 44.625271 34.605755
v -3.655322 46.095467 41.875103
v -9.724907 45.920956 41.689007
v -14.748062 45.456997 41.457027
v -21.098425 44.876240 36.096970
v -23.986824 44.156902 35.068832
v -23.846205 43.709873 40.187962
v -20.798151 44.524426 40.801208
v -26.251953 43.491436 33.796913
v -26.158880 43.024029 39.564610
v -27.247505 43.165592 32.767982
v -28.280760 42.333820 38.687622
v -18.244820 39.307037 83.194412
v -18.244820 38.528706 84.627785
v -14.884686 39.067177 85.266075
v -14.884686 40.072929 83.464195
v -9.713132 39.384113 85.743828
v -9.713131 40.548866 83.600471
v -3.638036 39.734608 86.152130
v -3.644289 40.929054 83.709396
v -20.553986 37.325733 83.930397
v -20.329906 36.740242 85.053200
v -20.329906 36.740242 85.053200
v -18.244820 37.200611 86.079483
v -18.244820 38.528706 84.627785
v -18.244820 38.528706 84.627785
v -18.244820 37.200611 86.079483
v -14.884686 37.616856 86.753807
v -14.884686 37.616856 86.753807
v -14.884686 39.067177 85.266075
v -14.884686 37.616856 86.753807
v -9.713132 38.074825 87.307693
v -3.638036 38.306561 87.837471
v -18.244820 37.200611 86.079483
v -20.119244 35.942154 86.012604
v -19.926727 34.596992 86.823418
v -18.244820 35.107075 87.403160
v -14.884686 35.522430 88.057610
v -14.884686 37.616856 86.753807
v -9.713132 35.889706 88.762810
v -9.713132 38.074825 87.307693
v -3.638041 36.200645 89.285988
v -3.638036 38.306561 87.837471
v -18.244839 32.452408 87.910286
v -14.884706 32.810894 88.596642
v -9.713152 33.235909 89.537758
v -3.638061 33.525684 90.363098
v -20.779154 37.689739 82.803307
v -20.119244 35.942154 86.012604
v -19.790663 32.217468 87.284950
v -9.713130 42.059074 77.912659
v -3.643507 42.353951 78.335411
v -3.643681 43.864246 68.199509
v -9.713129 43.631870 68.184837
v -3.643437 41.784309 81.067398
v -9.713131 41.467651 80.812454
v -18.872940 40.710209 77.078232
v -20.042261 41.952404 68.154678
v -23.227043 40.166115 68.144699
v -21.837170 38.905098 76.614899
v -18.487858 40.196495 80.193398
v -21.318283 38.375557 79.751892
v -21.458000 43.122334 58.544655
v -16.376343 44.123081 58.556232
v -17.170599 44.971924 48.440571
v -22.805798 43.932762 48.425510
v -9.713127 44.733501 58.564075
v -9.713126 45.644081 48.451420
v -3.643803 44.911076 58.569233
v -3.643909 45.821522 48.457115
v -3.643909 45.821522 48.457115
v -9.713126 45.644081 48.451420
v -9.713127 44.733501 58.564075
v -24.840618 41.168953 58.467331
v -22.805798 43.932762 48.425510
v -26.534920 41.905090 48.372650
v -14.748062 45.456997 41.457027
v -14.980153 40.940361 80.559341
v -15.132901 41.455269 77.533997
v -15.642846 42.944386 68.170990
v 26.278706 14.355448 52.414757
v 26.278706 18.640194 53.806953
v 28.890636 18.198812 54.414467
v 28.890636 14.355448 53.165680
v 26.278706 18.640194 53.806953
v 26.278706 21.288315 57.451775
v 28.890636 20.574144 57.683823
v 28.890636 18.198812 54.414467
v 26.278706 21.288315 61.957031
v 28.890636 20.574146 61.724979
v 26.278706 18.640196 65.601852
v 28.890636 18.198814 64.994347
v 26.278706 18.640196 65.601852
v 26.278706 14.355449 66.994049
v 28.890636 14.355449 66.243126
v 28.890636 18.198814 64.994347
v 26.278706 10.070703 65.601852
v 28.890636 10.512084 64.994339
v 26.278706 10.070703 65.601852
v 26.278706 7.422585 61.957031
v 28.890636 8.136755 61.724983
v 28.890636 10.512084 64.994339
v 26.278706 7.422585 57.451778
v 28.890636 8.136754 57.683826
v 26.278706 10.070705 53.806957
v 28.890636 10.512087 54.414471
v 26.278706 10.070705 53.806957
v 28.890636 10.512087 54.414471
v 26.278706 7.422585 57.451778
v 26.278706 7.422585 61.957031
v 26.278706 10.070703 65.601852
v 26.278706 14.355449 66.994049
v 26.278706 18.640196 65.601852
v 26.278706 21.288315 61.957031
v 26.278706 21.288315 57.451775
v 26.278706 18.640194 53.806953
v 26.278706 14.355448 52.414757
v 26.278706 10.070705 53.806957
v 31.010925 15.203588 58.537041
v 31.010925 15.727769 59.258514
v 31.010925 15.727768 60.150299
v 31.010925 15.203589 60.871765
v 31.010925 14.355450 61.147343
v 31.010925 13.507310 60.871769
v 31.010925 12.983131 60.150303
v 31.010925 12.983131 59.258518
v 31.010925 13.507312 58.537037
v 31.010925 14.355449 58.261459
v 28.890636 14.355448 53.165680
v 28.890636 18.198812 54.414467
v 28.890636 15.765194 57.764053
v 28.890636 14.355449 57.306000
v 28.890636 20.574144 57.683823
v 28.890636 16.636463 58.963257
v 28.890636 20.574146 61.724979
v 28.890636 16.636463 60.445557
v 28.890636 18.198814 64.994347
v 28.890636 15.765195 61.644749
v 28.890636 14.355449 66.243126
v 28.890636 14.355450 62.102802
v 28.890636 10.512084 64.994339
v 28.890636 12.945705 61.644753
v 28.890636 8.136755 61.724983
v 28.890636 12.074436 60.445560
v 28.890636 8.136754 57.683826
v 28.890636 12.074435 58.963261
v 28.890636 10.512087 54.414471
v 28.890636 12.945706 57.764057
v 28.890636 14.355449 57.306000
v 28.890636 15.765194 57.764053
v 31.010925 15.203588 58.537041
v 31.010925 14.355449 58.261459
v 28.890636 15.765194 57.764053
v 28.890636 16.636463 58.963257
v 31.010925 15.727769 59.258514
v 31.010925 15.203588 58.537041
v 28.890636 16.636463 58.963257
v 28.890636 16.636463 60.445557
v 31.010925 15.727768 60.150299
v 31.010925 15.727769 59.258514
v 28.890636 16.636463 60.445557
v 28.890636 15.765195 61.644749
v 31.010925 15.203589 60.871765
v 31.010925 15.727768 60.150299
v 28.890636 15.765195 61.644749
v 28.890636 14.355450 62.102802
v 31.010925 14.355450 61.147343
v 31.010925 15.203589 60.871765
v 28.890636 14.355450 62.102802
v 28.890636 12.945705 61.644753
v 31.010925 13.507310 60.871769
v 31.010925 14.355450 61.147343
v 28.890636 12.945705 61.644753
v 28.890636 12.074436 60.445560
v 31.010925 12.983131 60.150303
v 31.010925 13.507310 60.871769
v 28.890636 12.074436 60.445560
v 28.890636 12.074435 58.963261
v 31.010925 12.983131 59.258518
v 31.010925 12.983131 60.150303
v 28.890636 12.074435 58.963261
v 28.890636 12.945706 57.764057
v 31.010925 13.507312 58.537037
v 31.010925 12.983131 59.258518
v 28.890636 12.945706 57.764057
v 28.890636 14.355449 57.306000
v 31.010925 14.355449 58.261459
v 31.010925 13.507312 58.537037
v -26.366985 18.640194 53.806953
v -26.366985 14.355448 52.414757
v -28.978916 18.198812 54.414467
v -28.978916 14.355448 53.165680
v -26.366985 21.288315 57.451775
v -26.366985 18.640194 53.806953
v -28.978916 20.574144 57.683823
v -28.978916 18.198812 54.414467
v -26.366985 21.288315 61.957031
v -28.978916 20.574146 61.724979
v -26.366985 18.640196 65.601852
v -28.978916 18.198814 64.994347
v -26.366985 14.355449 66.994049
v -26.366985 18.640196 65.601852
v -28.978916 14.355449 66.243126
v -28.978916 18.198814 64.994347
v -26.366985 10.070703 65.601852
v -28.978916 10.512084 64.994339
v -26.366985 7.422585 61.957031
v -26.366985 10.070703 65.601852
v -28.978916 8.136755 61.724983
v -28.978916 10.512084 64.994339
v -26.366985 7.422585 57.451778
v -28.978916 8.136754 57.683826
v -26.366985 10.070705 53.806957
v -28.978916 10.512087 54.414471
v -26.366985 10.070705 53.806957
v -28.978916 10.512087 54.414471
v -26.366985 7.422585 61.957031
v -26.366985 7.422585 57.451778
v -26.366985 10.070703 65.601852
v -26.366985 14.355449 66.994049
v -26.366985 18.640196 65.601852
v -26.366985 21.288315 61.957031
v -26.366985 21.288315 57.451775
v -26.366985 18.640194 53.806953
v -26.366985 14.355448 52.414757
v -26.366985 10.070705 53.806957
v -31.099205 15.727769 59.258514
v -31.099205 15.203588 58.537041
v -31.099205 15.727768 60.150299
v -31.099205 15.203589 60.871765
v -31.099205 14.355450 61.147343
v -31.099205 13.507310 60.871769
v -31.099205 12.983131 60.150303
v -31.099205 12.983131 59.258518
v -31.099205 13.507312 58.537037
v -31.099205 14.355449 58.261459
v -28.978916 18.198812 54.414467
v -28.978916 14.355448 53.165680
v -28.978916 15.765194 57.764053
v -28.978916 14.355449 57.306000
v -28.978916 20.574144 57.683823
v -28.978916 16.636463 58.963257
v -28.978916 20.574146 61.724979
v -28.978916 16.636463 60.445557
v -28.978916 18.198814 64.994347
v -28.978916 15.765195 61.644749
v -28.978916 14.355449 66.243126
v -28.978916 14.355450 62.102802
v -28.978916 10.512084 64.994339
v -28.978916 12.945705 61.644753
v -28.978916 8.136755 61.724983
v -28.978916 12.074436 60.445560
v -28.978916 8.136754 57.683826
v -28.978916 12.074435 58.963261
v -28.978916 10.512087 54.414471
v -28.978916 12.945706 57.764057
v -28.978916 15.765194 57.764053
v -28.978916 14.355449 57.306000
v -31.099205 15.203588 58.537041
v -31.099205 14.355449 58.261459
v -28.978916 16.636463 58.963257
v -28.978916 15.765194 57.764053
v -31.099205 15.727769 59.258514
v -31.099205 15.203588 58.537041
v -28.978916 16.636463 60.445557
v -28.978916 16.636463 58.963257
v -31.099205 15.727768 60.150299
v -31.099205 15.727769 59.258514
v -28.978916 15.765195 61.644749
v -28.978916 16.636463 60.445557
v -31.099205 15.203589 60.871765
v -31.099205 15.727768 60.150299
v -28.978916 14.355450 62.102802
v -28.978916 15.765195 61.644749
v -31.099205 14.355450 61.147343
v -31.099205 15.203589 60.871765
v -28.978916 12.945705 61.644753
v -28.978916 14.355450 62.102802
v -31.099205 13.507310 60.871769
v -31.099205 14.355450 61.147343
v -28.978916 12.074436 60.445560
v -28.978916 12.945705 61.644753
v -31.099205 12.983131 60.150303
v -31.099205 13.507310 60.871769
v -28.978916 12.074435 58.963261
v -28.978916 12.074436 60.445560
v -31.099205 12.983131 59.258518
v -31.099205 12.983131 60.150303
v -28.978916 12.945706 57.764057
v -28.978916 12.074435 58.963261
v -31.099205 13.507312 58.537037
v -31.099205 12.983131 59.258518
v -28.978916 14.355449 57.306000
v -28.978916 12.945706 57.764057
v -31.099205 14.355449 58.261459
v -31.099205 13.507312 58.537037
v -26.366985 14.355435 -40.378872
v -26.366985 18.640181 -41.771069
v -28.978916 18.198799 -42.378582
v -28.978916 14.355435 -41.129795
v -26.366985 18.640181 -41.771069
v -26.366985 21.288301 -45.415890
v -28.978916 20.574131 -45.647938
v -28.978916 18.198799 -42.378582
v -26.366985 21.288300 -49.921146
v -28.978916 20.574131 -49.689095
v -26.366985 18.640179 -53.565964
v -28.978916 18.198797 -52.958458
v -26.366985 18.640179 -53.565964
v -26.366985 14.355433 -54.958160
v -28.978916 14.355433 -54.207237
v -28.978916 18.198797 -52.958458
v -26.366985 10.070686 -53.565960
v -28.978916 10.512069 -52.958447
v -26.366985 10.070686 -53.565960
v -26.366985 7.422570 -49.921139
v -28.978916 8.136740 -49.689091
v -28.978916 10.512069 -52.958447
v -26.366985 7.422571 -45.415886
v -28.978916 8.136741 -45.647934
v -26.366985 10.070692 -41.771065
v -28.978916 10.512074 -42.378578
v -26.366985 10.070692 -41.771065
v -28.978916 10.512074 -42.378578
v -26.366985 7.422571 -45.415886
v -26.366985 7.422570 -49.921139
v -26.366985 10.070686 -53.565960
v -26.366985 14.355433 -54.958160
v -26.366985 18.640179 -53.565964
v -26.366985 21.288300 -49.921146
v -26.366985 21.288301 -45.415890
v -26.366985 18.640181 -41.771069
v -26.366985 14.355435 -40.378872
v -26.366985 10.070692 -41.771065
v -31.099205 15.203574 -46.501156
v -31.099205 15.727755 -47.222626
v -31.099205 15.727754 -48.114414
v -31.099205 15.203574 -48.835880
v -31.099205 14.355434 -49.111458
v -31.099205 13.507295 -48.835876
v -31.099205 12.983117 -48.114410
v -31.099205 12.983117 -47.222622
v -31.099205 13.507298 -46.501144
v -31.099205 14.355434 -46.225574
v -28.978916 14.355435 -41.129795
v -28.978916 18.198799 -42.378582
v -28.978916 15.765181 -45.728168
v -28.978916 14.355435 -45.270115
v -28.978916 20.574131 -45.647938
v -28.978916 16.636450 -46.927368
v -28.978916 20.574131 -49.689095
v -28.978916 16.636450 -48.409672
v -28.978916 18.198797 -52.958458
v -28.978916 15.765180 -49.608864
v -28.978916 14.355433 -54.207237
v -28.978916 14.355434 -50.066917
v -28.978916 10.512069 -52.958447
v -28.978916 12.945690 -49.608860
v -28.978916 8.136740 -49.689091
v -28.978916 12.074421 -48.409668
v -28.978916 8.136741 -45.647934
v -28.978916 12.074421 -46.927364
v -28.978916 10.512074 -42.378578
v -28.978916 12.945693 -45.728165
v -28.978916 14.355435 -45.270115
v -28.978916 15.765181 -45.728168
v -31.099205 15.203574 -46.501156
v -31.099205 14.355434 -46.225574
v -28.978916 15.765181 -45.728168
v -28.978916 16.636450 -46.927368
v -31.099205 15.727755 -47.222626
v -31.099205 15.203574 -46.501156
v -28.978916 16.636450 -46.927368
v -28.978916 16.636450 -48.409672
v -31.099205 15.727754 -48.114414
v -31.099205 15.727755 -47.222626
v -28.978916 16.636450 -48.409672
v -28.978916 15.765180 -49.608864
v -31.099205 15.203574 -48.835880
v -31.099205 15.727754 -48.114414
v -28.978916 15.765180 -49.608864
v -28.978916 14.355434 -50.066917
v -31.099205 14.355434 -49.111458
v -31.099205 15.203574 -48.835880
v -28.978916 14.355434 -50.066917
v -28.978916 12.945690 -49.608860
v -31.099205 13.507295 -48.835876
v -31.099205 14.355434 -49.111458
v -28.978916 12.945690 -49.608860
v -28.978916 12.074421 -48.409668
v -31.099205 12.983117 -48.114410
v -31.099205 13.507295 -48.835876
v -28.978916 12.074421 -48.409668
v -28.978916 12.074421 -46.927364
v -31.099205 12.983117 -47.222622
v -31.099205 12.983117 -48.114410
v -28.978916 12.074421 -46.927364
v -28.978916 12.945693 -45.728165
v -31.099205 13.507298 -46.501144
v -31.099205 12.983117 -47.222622
v -28.978916 12.945693 -45.728165
v -28.978916 14.355435 -45.270115
v -31.099205 14.355434 -46.225574
v -31.099205 13.507298 -46.501144
v 26.278706 18.640181 -41.771069
v 26.278706 14.355435 -40.378872
v 28.890636 18.198799 -42.378582
v 28.890636 14.355435 -41.129795
v 26.278706 21.288301 -45.415890
v 26.278706 18.640181 -41.771069
v 28.890636 20.574131 -45.647938
v 28.890636 18.198799 -42.378582
v 26.278706 21.288300 -49.921146
v 28.890636 20.574131 -49.689095
v 26.278706 18.640179 -53.565964
v 28.890636 18.198797 -52.958458
v 26.278706 14.355433 -54.958160
v 26.278706 18.640179 -53.565964
v 28.890636 14.355433 -54.207237
v 28.890636 18.198797 -52.958458
v 26.278706 10.070686 -53.565960
v 28.890636 10.512069 -52.958447
v 26.278706 7.422570 -49.921139
v 26.278706 10.070686 -53.565960
v 28.890636 8.136740 -49.689091
v 28.890636 10.512069 -52.958447
v 26.278706 7.422571 -45.415886
v 28.890636 8.136741 -45.647934
v 26.278706 10.070692 -41.771065
v 28.890636 10.512074 -42.378578
v 26.278706 10.070692 -41.771065
v 28.890636 10.512074 -42.378578
v 26.278706 7.422570 -49.921139
v 26.278706 7.422571 -45.415886
v 26.278706 10.070686 -53.565960
v 26.278706 14.355433 -54.958160
v 26.278706 18.640179 -53.565964
v 26.278706 21.288300 -49.921146
v 26.278706 21.288301 -45.415890
v 26.278706 18.640181 -41.771069
v 26.278706 14.355435 -40.378872
v 26.278706 10.070692 -41.771065
v 31.010925 15.727755 -47.222626
v 31.010925 15.203574 -46.501156
v 31.010925 15.727754 -48.114414
v 31.010925 15.203574 -48.835880
v 31.010925 14.355434 -49.111458
v 31.010925 13.507295 -48.835876
v 31.010925 12.983117 -48.114410
v 31.010925 12.983117 -47.222622
v 31.010925 13.507298 -46.501144
v 31.010925 14.355434 -46.225574
v 28.890636 18.198799 -42.378582
v 28.890636 14.355435 -41.129795
v 28.890636 15.765181 -45.728168
v 28.890636 14.355435 -45.270115
v 28.890636 20.574131 -45.647938
v 28.890636 16.636450 -46.927368
v 28.890636 20.574131 -49.689095
v 28.890636 16.636450 -48.409672
v 28.890636 18.198797 -52.958458
v 28.890636 15.765180 -49.608864
v 28.890636 14.355433 -54.207237
v 28.890636 14.355434 -50.066917
v 28.890636 10.512069 -52.958447
v 28.890636 12.945690 -49.608860
v 28.890636 8.136740 -49.689091
v 28.890636 12.074421 -48.409668
v 28.890636 8.136741 -45.647934
v 28.890636 12.074421 -46.927364
v 28.890636 10.512074 -42.378578
v 28.890636 12.945693 -45.728165
v 28.890636 15.765181 -45.728168
v 28.890636 14.355435 -45.270115
v 31.010925 15.203574 -46.501156
v 31.010925 14.355434 -46.225574
v 28.890636 16.636450 -46.927368
v 28.890636 15.765181 -45.728168
v 31.010925 15.727755 -47.222626
v 31.010925 15.203574 -46.501156
v 28.890636 16.636450 -48.409672
v 28.890636 16.636450 -46.927368
v 31.010925 15.727754 -48.114414
v 31.010925 15.727755 -47.222626
v 28.890636 15.765180 -49.608864
v 28.890636 16.636450 -48.409672
v 31.010925 15.203574 -48.835880
v 31.010925 15.727754 -48.114414
v 28.890636 14.355434 -50.066917
v 28.890636 15.765180 -49.608864
v 31.010925 14.355434 -49.111458
v 31.010925 15.203574 -48.835880
v 28.890636 12.945690 -49.608860
v 28.890636 14.355434 -50.066917
v 31.010925 13.507295 -48.835876
v 31.010925 14.355434 -49.111458
v 28.890636 12.074421 -48.409668
v 28.890636 12.945690 -49.608860
v 31.010925 12.983117 -48.114410
v 31.010925 13.507295 -48.835876
v 28.890636 12.074421 -46.927364
v 28.890636 12.074421 -48.409668
v 31.010925 12.983117 -47.222622
v 31.010925 12.983117 -48.114410
v 28.890636 12.945693 -45.728165
v 28.890636 12.074421 -46.927364
v 31.010925 13.507298 -46.501144
v 31.010925 12.983117 -47.222622
v 28.890636 14.355435 -45.270115
v 28.890636 12.945693 -45.728165
v 31.010925 14.355434 -46.225574
v 31.010925 13.507298 -46.501144
v 26.071075 14.035335 -76.514633
v 23.625824 14.035335 -76.514633
v 23.625824 16.742340 -76.514633
v 26.071075 16.742340 -76.514633
v 26.071075 11.320306 -50.921127
v 23.625824 11.320306 -50.921127
v 23.625824 14.035335 -76.514633
v 26.071075 14.035335 -76.514633
v 23.625824 11.320306 -50.921127
v 23.625824 14.027311 -50.921127
v 23.625824 16.742340 -76.514633
v 23.625824 14.035335 -76.514633
v 23.625824 14.027311 -50.921127
v 26.071075 14.027311 -50.921127
v 26.071075 16.742340 -76.514633
v 23.625824 16.742340 -76.514633
v 26.071075 14.027311 -50.921127
v 26.071075 11.320306 -50.921127
v 26.071075 14.035335 -76.514633
v 26.071075 16.742340 -76.514633
v -23.526825 11.320306 -50.921127
v -25.972080 11.320306 -50.921127
v -25.972076 14.035335 -76.514633
v -23.526825 14.035335 -76.514633
v -25.972080 11.320306 -50.921127
v -25.972080 14.027311 -50.921127
v -25.972076 16.742340 -76.514633
v -25.972076 14.035335 -76.514633
v -25.972080 14.027311 -50.921127
v -23.526825 14.027311 -50.921127
v -23.526825 16.742340 -76.514633
v -25.972076 16.742340 -76.514633
v -23.526825 14.027311 -50.921127
v -23.526825 11.320306 -50.921127
v -23.526825 14.035335 -76.514633
v -23.526825 16.742340 -76.514633
v 23.625824 11.320308 -25.327621
v 26.071075 11.320308 -25.327621
v 23.625824 14.027313 -25.327621
v 26.071075 14.027313 -25.327621
v 23.625824 11.320306 -50.921127
v 26.071075 11.320306 -50.921127
v 23.625824 11.320308 -25.327621
v 26.071075 11.320308 -25.327621
v 23.625824 14.027311 -50.921127
v 23.625824 11.320306 -50.921127
v 23.625824 14.027313 -25.327621
v 23.625824 11.320308 -25.327621
v 26.071075 14.027311 -50.921127
v 23.625824 14.027311 -50.921127
v 26.071075 14.027313 -25.327621
v 23.625824 14.027313 -25.327621
v 26.071075 11.320306 -50.921127
v 26.071075 14.027311 -50.921127
v 26.071075 11.320308 -25.327621
v 26.071075 14.027313 -25.327621
v -25.972080 11.320306 -50.921127
v -23.526825 11.320306 -50.921127
v -25.972084 11.320308 -25.327623
v -23.526825 11.320308 -25.327621
v -25.972080 14.027311 -50.921127
v -25.972080 11.320306 -50.921127
v -25.972084 14.027313 -25.327623
v -25.972084 11.320308 -25.327623
v -23.526825 14.027311 -50.921127
v -25.972080 14.027311 -50.921127
v -23.526825 14.027313 -25.327621
v -25.972084 14.027313 -25.327623
v -23.526825 11.320306 -50.921127
v -23.526825 14.027311 -50.921127
v -23.526825 11.320308 -25.327621
v -23.526825 14.027313 -25.327621
v 25.549356 11.320320 67.290169
v 25.549356 11.320320 64.844917
v 25.549356 14.027326 64.844917
v 25.549356 14.027326 67.290169
v -0.044140 11.320321 67.290169
v -0.044140 11.320321 64.844917
v 25.549356 11.320320 64.844917
v 25.549356 11.320320 67.290169
v -0.044140 11.320321 64.844917
v -0.044140 14.027327 64.844917
v 25.549356 14.027326 64.844917
v 25.549356 11.320320 64.844917
v -0.044140 14.027327 64.844917
v -0.044140 14.027327 67.290169
v 25.549356 14.027326 67.290169
v 25.549356 14.027326 64.844917
v -0.044140 14.027327 67.290169
v -0.044140 11.320321 67.290169
v 25.549356 11.320320 67.290169
v 25.549356 14.027326 67.290169
v -0.044140 11.320320 59.442661
v -0.044140 11.320320 56.997402
v 25.549356 11.320319 56.997402
v 25.549356 11.320319 59.442661
v -0.044140 11.320320 56.997402
v -0.044140 14.027326 56.997402
v 25.549356 14.027325 56.997402
v 25.549356 11.320319 56.997402
v -0.044140 14.027326 56.997402
v -0.044140 14.027326 59.442661
v 25.549356 14.027325 59.442661
v 25.549356 14.027325 56.997402
v -0.044140 14.027326 59.442661
v -0.044140 11.320320 59.442661
v 25.549356 11.320319 59.442661
v 25.549356 14.027325 59.442661
v -25.637636 11.320320 64.844917
v -25.637636 11.320320 67.290169
v -25.637636 14.027326 64.844917
v -25.637636 14.027326 67.290169
v -0.044140 11.320321 64.844917
v -0.044140 11.320321 67.290169
v -25.637636 11.320320 64.844917
v -25.637636 11.320320 67.290169
v -0.044140 14.027327 64.844917
v -0.044140 11.320321 64.844917
v -25.637636 14.027326 64.844917
v -25.637636 11.320320 64.844917
v -0.044140 14.027327 67.290169
v -0.044140 14.027327 64.844917
v -25.637636 14.027326 67.290169
v -25.637636 14.027326 64.844917
v -0.044140 11.320321 67.290169
v -0.044140 14.027327 67.290169
v -25.637636 11.320320 67.290169
v -25.637636 14.027326 67.290169
v -0.044140 11.320320 56.997402
v -0.044140 11.320320 59.442661
v -25.637636 11.320319 56.997402
v -25.637636 11.320319 59.442661
v -0.044140 14.027326 56.997402
v -0.044140 11.320320 56.997402
v -25.637636 14.027325 56.997402
v -25.637636 11.320319 56.997402
v -0.044140 14.027326 59.442661
v -0.044140 14.027326 56.997402
v -25.637636 14.027325 59.442661
v -25.637636 14.027325 56.997402
v -0.044140 11.320320 59.442661
v -0.044140 14.027326 59.442661
v -25.637636 11.320319 59.442661
v -25.637636 14.027325 59.442661
vt 0.120928 0.780489
vt 0.079379 0.785814
vt 0.060879 0.792998
vt 0.141898 0.784313
vt 0.593976 0.169304
vt 0.591063 0.178754
vt 0.594252 0.191516
vt 0.167105 0.791950
vt 0.167982 0.789825
vt 0.167216 0.786579
vt 0.161392 0.633623
vt 0.160214 0.678723
vt 0.165795 0.667539
vt 0.851780 0.307829
vt 0.952815 0.307829
vt 0.952377 0.200984
vt 0.851780 0.200984
vt 0.258440 0.315375
vt 0.271556 0.321864
vt 0.271487 0.260169
vt 0.258371 0.253679
vt 0.123325 0.665784
vt 0.109087 0.665784
vt 0.109087 0.674106
vt 0.123325 0.674106
vt 0.333310 0.424548
vt 0.333310 0.410031
vt 0.324824 0.410031
vt 0.324824 0.424548
vt 0.142200 0.736429
vt 0.142200 0.721891
vt 0.133899 0.721891
vt 0.133899 0.736429
vt 0.285670 0.850214
vt 0.285670 0.864752
vt 0.331852 0.864752
vt 0.331852 0.850214
vt 0.033639 0.846059
vt 0.041940 0.846059
vt 0.041940 0.799878
vt 0.033639 0.799878
vt 0.318772 0.503463
vt 0.333310 0.503463
vt 0.333310 0.457282
vt 0.318772 0.457282
vt 0.542524 0.888039
vt 0.550825 0.888039
vt 0.550825 0.841858
vt 0.542524 0.841858
vt 0.079379 0.785814
vt 0.120928 0.780489
vt 0.060879 0.792998
vt 0.141898 0.784313
vt 0.591063 0.178754
vt 0.593976 0.169304
vt 0.594252 0.191516
vt 0.167982 0.789825
vt 0.167105 0.791950
vt 0.167216 0.786579
vt 0.160214 0.678723
vt 0.161392 0.633623
vt 0.165795 0.667539
vt 0.952815 0.307829
vt 0.851780 0.307829
vt 0.952377 0.200984
vt 0.851780 0.200984
vt 0.271556 0.321864
vt 0.258440 0.315375
vt 0.271487 0.260169
vt 0.258371 0.253679
vt 0.109087 0.665784
vt 0.123325 0.665784
vt 0.109087 0.674106
vt 0.123325 0.674106
vt 0.333310 0.410031
vt 0.333310 0.424548
vt 0.324824 0.410031
vt 0.324824 0.424548
vt 0.142200 0.721891
vt 0.142200 0.736429
vt 0.133899 0.721891
vt 0.133899 0.736429
vt 0.285670 0.864752
vt 0.285670 0.850214
vt 0.331852 0.864752
vt 0.331852 0.850214
vt 0.041940 0.846059
vt 0.033639 0.846059
vt 0.041940 0.799878
vt 0.033639 0.799878
vt 0.333310 0.503463
vt 0.318772 0.503463
vt 0.333310 0.457282
vt 0.318772 0.457282
vt 0.550825 0.888039
vt 0.542524 0.888039
vt 0.550825 0.841858
vt 0.542524 0.841858
vt 0.333989 0.057429
vt 0.333989 0.038418
vt 0.322814 0.023037
vt 0.304733 0.017162
vt 0.286652 0.023037
vt 0.275477 0.038418
vt 0.275477 0.057429
vt 0.286652 0.072810
vt 0.304733 0.078685
vt 0.322814 0.072810
vt 0.582655 0.072817
vt 0.580443 0.075862
vt 0.580443 0.079625
vt 0.582655 0.082669
vt 0.586234 0.083832
vt 0.589813 0.082669
vt 0.592025 0.079625
vt 0.592025 0.075862
vt 0.589813 0.072817
vt 0.586234 0.071654
vt 0.904209 0.141878
vt 0.887990 0.147148
vt 0.898260 0.161283
vt 0.904209 0.159349
vt 0.877966 0.160944
vt 0.894583 0.166343
vt 0.877966 0.177997
vt 0.894583 0.172598
vt 0.887990 0.191793
vt 0.898260 0.177658
vt 0.904209 0.197063
vt 0.904209 0.179591
vt 0.920427 0.191793
vt 0.910157 0.177658
vt 0.930450 0.177997
vt 0.913834 0.172598
vt 0.930450 0.160944
vt 0.913834 0.166343
vt 0.920427 0.147148
vt 0.910157 0.161283
vt 0.333989 0.038418
vt 0.333989 0.057429
vt 0.322814 0.023037
vt 0.304733 0.017162
vt 0.286652 0.023037
vt 0.275477 0.038418
vt 0.275477 0.057429
vt 0.286652 0.072810
vt 0.304733 0.078685
vt 0.322814 0.072810
vt 0.580443 0.075862
vt 0.582655 0.072817
vt 0.580443 0.079625
vt 0.582655 0.082669
vt 0.586234 0.083832
vt 0.589813 0.082669
vt 0.592025 0.079625
vt 0.592025 0.075862
vt 0.589813 0.072817
vt 0.586234 0.071654
vt 0.887990 0.147148
vt 0.904209 0.141878
vt 0.898260 0.161283
vt 0.904209 0.159349
vt 0.877966 0.160944
vt 0.894583 0.166343
vt 0.877966 0.177997
vt 0.894583 0.172598
vt 0.887990 0.191793
vt 0.898260 0.177658
vt 0.904209 0.197063
vt 0.904209 0.179591
vt 0.920427 0.191793
vt 0.910157 0.177658
vt 0.930450 0.177997
vt 0.913834 0.172598
vt 0.930450 0.160944
vt 0.913834 0.166343
vt 0.920427 0.147148
vt 0.910157 0.161283
vt 0.333989 0.057429
vt 0.333989 0.038418
vt 0.322814 0.023037
vt 0.304733 0.017162
vt 0.286652 0.023037
vt 0.275477 0.038418
vt 0.275477 0.057429
vt 0.286652 0.072810
vt 0.304733 0.078685
vt 0.322814 0.072810
vt 0.582655 0.072817
vt 0.580443 0.075862
vt 0.580443 0.079625
vt 0.582655 0.082669
vt 0.586234 0.083832
vt 0.589813 0.082669
vt 0.592025 0.079625
vt 0.592025 0.075862
vt 0.589813 0.072817
vt 0.586234 0.071654
vt 0.904209 0.141878
vt 0.887990 0.147148
vt 0.898260 0.161283
vt 0.904209 0.159349
vt 0.877966 0.160944
vt 0.894583 0.166343
vt 0.877966 0.177997
vt 0.894583 0.172598
vt 0.887990 0.191793
vt 0.898260 0.177658
vt 0.904209 0.197063
vt 0.904209 0.179591
vt 0.920427 0.191793
vt 0.910157 0.177658
vt 0.930450 0.177997
vt 0.913834 0.172598
vt 0.930450 0.160944
vt 0.913834 0.166343
vt 0.920427 0.147148
vt 0.910157 0.161283
vt 0.333989 0.038418
vt 0.333989 0.057429
vt 0.322814 0.023037
vt 0.304733 0.017162
vt 0.286652 0.023037
vt 0.275477 0.038418
vt 0.275477 0.057429
vt 0.286652 0.072810
vt 0.304733 0.078685
vt 0.322814 0.072810
vt 0.580443 0.075862
vt 0.582655 0.072817
vt 0.580443 0.079625
vt 0.582655 0.082669
vt 0.586234 0.083832
vt 0.589813 0.082669
vt 0.592025 0.079625
vt 0.592025 0.075862
vt 0.589813 0.072817
vt 0.586234 0.071654
vt 0.887990 0.147148
vt 0.904209 0.141878
vt 0.898260 0.161283
vt 0.904209 0.159349
vt 0.877966 0.160944
vt 0.894583 0.166343
vt 0.877966 0.177997
vt 0.894583 0.172598
vt 0.887990 0.191793
vt 0.898260 0.177658
vt 0.904209 0.197063
vt 0.904209 0.179591
vt 0.920427 0.191793
vt 0.910157 0.177658
vt 0.930450 0.177997
vt 0.913834 0.172598
vt 0.930450 0.160944
vt 0.913834 0.166343
vt 0.920427 0.147148
vt 0.910157 0.161283
vt 0.101818 0.234459
vt 0.101818 0.224140
vt 0.090395 0.224140
vt 0.090395 0.234459
vt 0.295415 0.395463
vt 0.283992 0.395463
vt 0.283992 0.503463
vt 0.295415 0.503463
vt 0.559099 0.229102
vt 0.570523 0.229102
vt 0.570523 0.121102
vt 0.559099 0.121102
vt 0.550825 0.890000
vt 0.539402 0.890000
vt 0.539402 0.998000
vt 0.550825 0.998000
vt 0.094599 0.754895
vt 0.106022 0.754895
vt 0.106022 0.646895
vt 0.094599 0.646895
vt 0.101818 0.224140
vt 0.101818 0.234459
vt 0.090395 0.224140
vt 0.090395 0.234459
vt 0.283992 0.395463
vt 0.295415 0.395463
vt 0.283992 0.503463
vt 0.295415 0.503463
vt 0.570523 0.229102
vt 0.559099 0.229102
vt 0.570523 0.121102
vt 0.559099 0.121102
vt 0.539402 0.890000
vt 0.550825 0.890000
vt 0.539402 0.998000
vt 0.550825 0.998000
vt 0.106022 0.754895
vt 0.094599 0.754895
vt 0.106022 0.646895
vt 0.094599 0.646895
vt 0.101818 0.234459
vt 0.101818 0.224140
vt 0.090395 0.224140
vt 0.090395 0.234459
vt 0.688046 0.305449
vt 0.698364 0.305449
vt 0.698364 0.197448
vt 0.688046 0.197448
vt 0.295415 0.395463
vt 0.283992 0.395463
vt 0.283992 0.503463
vt 0.295415 0.503463
vt 0.983105 0.998000
vt 0.993424 0.998000
vt 0.993424 0.889999
vt 0.983105 0.889999
vt 0.559099 0.229102
vt 0.570523 0.229102
vt 0.570523 0.121102
vt 0.559099 0.121102
vt 0.797268 0.132252
vt 0.807587 0.132252
vt 0.807587 0.024250
vt 0.797268 0.024250
vt 0.550825 0.890000
vt 0.539402 0.890000
vt 0.539402 0.998000
vt 0.550825 0.998000
vt 0.196721 0.604917
vt 0.207039 0.604917
vt 0.207039 0.496917
vt 0.196721 0.496917
vt 0.094599 0.754895
vt 0.106022 0.754895
vt 0.106022 0.646895
vt 0.094599 0.646895
vt 0.101818 0.224140
vt 0.101818 0.234459
vt 0.090395 0.224140
vt 0.090395 0.234459
vt 0.698364 0.305449
vt 0.688046 0.305449
vt 0.698364 0.197448
vt 0.688046 0.197448
vt 0.283992 0.395463
vt 0.295415 0.395463
vt 0.283992 0.503463
vt 0.295415 0.503463
vt 0.993424 0.998000
vt 0.983105 0.998000
vt 0.993424 0.889999
vt 0.983105 0.889999
vt 0.570523 0.229102
vt 0.559099 0.229102
vt 0.570523 0.121102
vt 0.559099 0.121102
vt 0.807587 0.132252
vt 0.797268 0.132252
vt 0.807587 0.024250
vt 0.797268 0.024250
vt 0.539402 0.890000
vt 0.550825 0.890000
vt 0.539402 0.998000
vt 0.550825 0.998000
vt 0.207039 0.604917
vt 0.196721 0.604917
vt 0.207039 0.496917
vt 0.196721 0.496917
vt 0.106022 0.754895
vt 0.094599 0.754895
vt 0.106022 0.646895
vt 0.094599 0.646895
vt 0.853133 0.438671
vt 0.864165 0.438325
vt 0.866636 0.419260
vt 0.855817 0.419499
vt 0.862292 0.519702
vt 0.851780 0.516581
vt 0.853857 0.559977
vt 0.857075 0.594038
vt 0.865252 0.611776
vt 0.859036 0.609177
vt 0.887349 0.374443
vt 0.873248 0.360966
vt 0.867018 0.379336
vt 0.879095 0.385107
vt 0.872050 0.399661
vt 0.860346 0.399663
vt 0.558446 0.722605
vt 0.555054 0.722664
vt 0.554747 0.732755
vt 0.861064 0.622257
vt 0.576865 0.164359
vt 0.586455 0.163979
vt 0.589261 0.156855
vt 0.593273 0.150113
vt 0.575636 0.159938
vt 0.602585 0.139388
vt 0.574738 0.156663
vt 0.023151 0.962011
vt 0.019618 0.962707
vt 0.019674 0.993378
vt 0.573684 0.152303
vt 0.014275 0.963289
vt 0.016085 0.992704
vt 0.020791 0.942287
vt 0.851863 0.471621
vt 0.862876 0.471088
vt 0.558434 0.714652
vt 0.305824 0.429969
vt 0.303243 0.447827
vt 0.318499 0.440004
vt 0.311382 0.452650
vt 0.586127 0.175958
vt 0.580019 0.177159
vt 0.582377 0.187230
vt 0.586557 0.185468
vt 0.583918 0.193766
vt 0.588521 0.194445
vt 0.018872 0.926733
vt 0.012462 0.932101
vt 0.013822 0.862236
vt 0.016644 0.897237
vt 0.021952 0.879535
vt 0.013822 0.862236
vt 0.010407 0.862225
vt 0.011392 0.897162
vt 0.016644 0.897237
vt 0.594049 0.212065
vt 0.591283 0.223706
vt 0.597463 0.220639
vt 0.577338 0.199371
vt 0.583795 0.227309
vt 0.009712 0.827306
vt 0.009712 0.827306
vt 0.013583 0.840520
vt 0.019509 0.851389
vt 0.887349 0.374443
vt 0.932564 0.376760
vt 0.932211 0.340500
vt 0.887918 0.349774
vt 0.932211 0.340500
vt 0.932490 0.327154
vt 0.931965 0.316206
vt 0.309097 0.496958
vt 0.924284 0.311750
vt 0.312529 0.503463
vt 0.298376 0.500059
vt 0.865252 0.611776
vt 0.873973 0.634032
vt 0.881248 0.638508
vt 0.938815 0.685180
vt 0.925170 0.680656
vt 0.936813 0.689830
vt 0.918471 0.672684
vt 0.863146 0.622116
vt 0.084210 0.502264
vt 0.077345 0.509158
vt 0.083373 0.510061
vt 0.021213 0.455213
vt 0.022495 0.485506
vt 0.025710 0.480975
vt 0.530527 0.952298
vt 0.502609 0.952467
vt 0.502961 0.965333
vt 0.110480 0.528885
vt 0.117759 0.530484
vt 0.117982 0.528686
vt 0.433517 0.789155
vt 0.442278 0.789059
vt 0.442070 0.761049
vt 0.433422 0.760628
vt 0.783363 0.218571
vt 0.793255 0.218476
vt 0.793347 0.190837
vt 0.426406 0.760119
vt 0.426565 0.789232
vt 0.014772 0.456427
vt 0.005889 0.456477
vt 0.005727 0.485993
vt 0.014687 0.485868
vt 0.434627 0.831970
vt 0.443085 0.831877
vt 0.783642 0.259710
vt 0.793192 0.259619
vt 0.015112 0.413023
vt 0.006536 0.413071
vt 0.028811 0.413063
vt 0.444002 0.875390
vt 0.453473 0.875357
vt 0.453365 0.825242
vt 0.435939 0.875479
vt 0.783968 0.301433
vt 0.793072 0.301346
vt 0.015557 0.368916
vt 0.007382 0.368962
vt 0.024670 0.368933
vt 0.444853 0.916995
vt 0.453815 0.916826
vt 0.437145 0.917080
vt 0.430741 0.917150
vt 0.784069 0.341406
vt 0.015956 0.326743
vt 0.008140 0.326783
vt 0.024619 0.326728
vt 0.033273 0.326731
vt 0.036185 0.369131
vt 0.445849 0.952934
vt 0.454156 0.952921
vt 0.438684 0.953013
vt 0.286754 0.911001
vt 0.294941 0.910923
vt 0.295184 0.876258
vt 0.432997 0.953075
vt 0.016565 0.290319
vt 0.009300 0.290360
vt 0.024619 0.290305
vt 0.032672 0.290319
vt 0.039937 0.290377
vt 0.043207 0.327015
vt 0.447104 0.980231
vt 0.454549 0.980067
vt 0.440582 0.980303
vt 0.287322 0.937051
vt 0.294773 0.936979
vt 0.017289 0.262660
vt 0.010677 0.262697
vt 0.024619 0.262647
vt 0.031948 0.262660
vt 0.038560 0.262690
vt 0.043784 0.262686
vt 0.049256 0.290152
vt 0.448342 0.997935
vt 0.455009 0.997813
vt 0.442459 0.998000
vt 0.287995 0.953713
vt 0.294718 0.953649
vt 0.017909 0.244726
vt 0.011943 0.244760
vt 0.024522 0.244715
vt 0.031134 0.244726
vt 0.037100 0.244760
vt 0.177906 0.798884
vt 0.184605 0.798597
vt 0.184671 0.780489
vt 0.041880 0.244866
vt 0.045708 0.256682
vt 0.176376 0.786610
vt 0.171505 0.795027
vt 0.054840 0.258315
vt 0.053861 0.263220
vt 0.055816 0.253428
vt 0.129744 0.580745
vt 0.123824 0.572069
vt 0.113990 0.574905
vt 0.119455 0.583384
vt 0.115001 0.571998
vt 0.109160 0.572641
vt 0.784956 0.024101
vt 0.786961 0.024122
vt 0.786529 0.014978
vt 0.784336 0.015792
vt 0.784337 0.029346
vt 0.461802 0.997790
vt 0.463472 0.992611
vt 0.477725 0.979692
vt 0.453917 0.761351
vt 0.160272 0.543673
vt 0.163434 0.559348
vt 0.181810 0.553499
vt 0.176989 0.538352
vt 0.473422 0.952788
vt 0.503268 0.974180
vt 0.519917 0.965154
vt 0.477683 0.988424
vt 0.132950 0.552370
vt 0.135652 0.551510
vt 0.134090 0.542952
vt 0.131656 0.543830
vt 0.301099 0.446567
vt 0.298846 0.446505
vt 0.298753 0.455352
vt 0.300830 0.455523
vt 0.298897 0.436867
vt 0.300927 0.435650
vt 0.126875 0.534439
vt 0.129398 0.533748
vt 0.140011 0.566804
vt 0.468746 0.996640
vt 0.051514 0.276500
vt 0.172296 0.799527
vt 0.167105 0.799251
vt 0.125639 0.565763
vt 0.121419 0.568794
vt 0.594364 0.073863
vt 0.594370 0.083100
vt 0.596928 0.083112
vt 0.558373 0.096203
vt 0.564870 0.063784
vt 0.557931 0.058628
vt 0.465725 0.150632
vt 0.469529 0.121734
vt 0.460429 0.118924
vt 0.294717 0.129746
vt 0.315420 0.136006
vt 0.321730 0.129297
vt 0.462786 0.169319
vt 0.457341 0.146656
vt 0.155550 0.528257
vt 0.172989 0.526031
vt 0.471322 0.994238
vt 0.468765 0.113253
vt 0.468472 0.109788
vt 0.056732 0.249253
vt 0.047410 0.248904
vt 0.130340 0.561596
vt 0.133523 0.562912
vt 0.107982 0.576117
vt 0.113482 0.584384
vt 0.142861 0.575760
vt 0.166294 0.568334
vt 0.184671 0.562485
vt 0.014317 0.514995
vt 0.019730 0.514882
vt 0.011976 0.649338
vt 0.012519 0.630939
vt 0.007952 0.630928
vt 0.007762 0.649339
vt 0.434304 0.598900
vt 0.442855 0.598806
vt 0.487849 0.760975
vt 0.518388 0.760633
vt 0.516935 0.597991
vt 0.486185 0.598329
vt 0.542212 0.760390
vt 0.540095 0.597658
vt 0.528782 0.597861
vt 0.473625 0.598467
vt 0.475472 0.761089
vt 0.456522 0.598651
vt 0.874948 0.613796
vt 0.872451 0.607566
vt 0.878876 0.618498
vt 0.924572 0.661461
vt 0.928729 0.662383
vt 0.932682 0.660838
vt 0.937638 0.655580
vt 0.934686 0.655711
vt 0.934999 0.538560
vt 0.931631 0.538812
vt 0.862292 0.519702
vt 0.871787 0.534353
vt 0.873474 0.530435
vt 0.877044 0.527995
vt 0.881459 0.527396
vt 0.935327 0.519980
vt 0.920802 0.528803
vt 0.926454 0.530114
vt 0.929871 0.532667
vt 0.429515 0.598952
vt 0.423276 0.617167
vt 0.002000 0.649396
vt 0.172669 0.586045
vt 0.169711 0.586278
vt 0.171488 0.699201
vt 0.174446 0.698969
vt 0.171063 0.704114
vt 0.174021 0.703881
vt 0.446706 0.110686
vt 0.447285 0.113658
vt 0.451280 0.113532
vt 0.450779 0.110962
vt 0.455363 0.113312
vt 0.454863 0.110742
vt 0.727678 0.689830
vt 0.730298 0.689830
vt 0.735170 0.645826
vt 0.732550 0.645826
vt 0.732902 0.641051
vt 0.735523 0.641051
vt 0.736039 0.634829
vt 0.733419 0.634829
vt 0.735426 0.562819
vt 0.732805 0.562819
vt 0.790273 0.689090
vt 0.793641 0.689069
vt 0.794329 0.686556
vt 0.791068 0.686185
vt 0.799268 0.689256
vt 0.799955 0.686743
vt 0.838946 0.689810
vt 0.839633 0.687297
vt 0.843440 0.689830
vt 0.844128 0.687317
vt 0.847171 0.689776
vt 0.847858 0.687263
vt 0.732443 0.559033
vt 0.735063 0.559033
vt 0.169248 0.580310
vt 0.172206 0.580078
vt 0.879095 0.385107
vt 0.884832 0.392242
vt 0.889348 0.387941
vt 0.872050 0.399661
vt 0.879713 0.401801
vt 0.880525 0.509377
vt 0.924734 0.388532
vt 0.927502 0.391127
vt 0.932564 0.376760
vt 0.928988 0.394437
vt 0.931463 0.501366
vt 0.930242 0.506630
vt 0.926678 0.509689
vt 0.922294 0.510976
vt 0.876110 0.508430
vt 0.872831 0.506515
vt 0.871094 0.503318
vt 0.875077 0.420572
vt 0.866636 0.419260
vt 0.864165 0.438325
vt 0.872732 0.439199
vt 0.871214 0.472172
vt 0.862876 0.471088
vt 0.895886 0.384824
vt 0.887349 0.374443
vt 0.485785 0.557054
vt 0.473259 0.565042
vt 0.514895 0.537336
vt 0.538265 0.510602
vt 0.456494 0.571970
vt 0.439427 0.458745
vt 0.432326 0.458802
vt 0.007288 0.791447
vt 0.010418 0.791362
vt 0.002631 0.791491
vt 0.427709 0.458845
vt 0.424389 0.599009
vt 0.453540 0.565366
vt 0.448905 0.566329
vt 0.447375 0.499752
vt 0.453151 0.499689
vt 0.449080 0.458779
vt 0.454252 0.458676
vt 0.322678 0.444681
vt 0.331779 0.446613
vt 0.333310 0.444596
vt 0.521626 0.108319
vt 0.522814 0.033141
vt 0.520739 0.033520
vt 0.519106 0.108248
vt 0.521584 0.154402
vt 0.519144 0.154278
vt 0.460553 0.562876
vt 0.459419 0.499504
vt 0.459700 0.458595
vt 0.497327 0.495740
vt 0.496401 0.458203
vt 0.486684 0.458310
vt 0.487001 0.497551
vt 0.476664 0.458423
vt 0.475965 0.498622
vt 0.485765 0.545378
vt 0.473703 0.553461
vt 0.503436 0.477114
vt 0.505888 0.480769
vt 0.501044 0.458208
vt 0.509289 0.483043
vt 0.538267 0.492418
vt 0.503708 0.532641
vt 0.445484 0.499773
vt 0.447228 0.458749
vt 0.442855 0.598806
vt 0.460553 0.562876
vt 0.456494 0.571970
vt 0.473259 0.565042
vt 0.473703 0.553461
vt 0.485785 0.557054
vt 0.485765 0.545378
vt 0.514895 0.537336
vt 0.503708 0.532641
vt 0.538265 0.510602
vt 0.932564 0.376760
vt 0.887349 0.374443
vt 0.895886 0.384824
vt 0.895886 0.384824
vt 0.924734 0.388532
vt 0.932564 0.376760
vt 0.781354 0.215988
vt 0.778462 0.216785
vt 0.778510 0.221269
vt 0.781402 0.220472
vt 0.778446 0.225022
vt 0.781338 0.224225
vt 0.781402 0.226982
vt 0.778434 0.226982
vt 0.778165 0.232027
vt 0.781133 0.232027
vt 0.777041 0.335534
vt 0.780009 0.335534
vt 0.780670 0.169447
vt 0.777778 0.170244
vt 0.777849 0.174665
vt 0.780741 0.173867
vt 0.728433 0.432798
vt 0.730427 0.451075
vt 0.733445 0.451075
vt 0.731450 0.432798
vt 0.731524 0.469299
vt 0.734542 0.469299
vt 0.732184 0.501660
vt 0.735202 0.501660
vt 0.732276 0.532279
vt 0.735293 0.532279
vt 0.731849 0.535489
vt 0.734867 0.535489
vt 0.777733 0.167008
vt 0.780625 0.166211
vt 0.730108 0.423597
vt 0.727090 0.423597
vt 0.177663 0.636368
vt 0.177777 0.641212
vt 0.180710 0.642015
vt 0.180596 0.637170
vt 0.177805 0.648063
vt 0.180738 0.648865
vt 0.177368 0.677430
vt 0.180301 0.678233
vt 0.780992 0.341406
vt 0.780333 0.338792
vt 0.777365 0.338792
vt 0.778024 0.341406
vt 0.440185 0.423323
vt 0.448861 0.423240
vt 0.442730 0.388876
vt 0.451018 0.388804
vt 0.445401 0.354426
vt 0.454032 0.354353
vt 0.448867 0.319967
vt 0.457058 0.319730
vt 0.451972 0.289212
vt 0.460064 0.289209
vt 0.434552 0.423386
vt 0.437185 0.388937
vt 0.440808 0.354476
vt 0.443954 0.320021
vt 0.446695 0.289270
vt 0.450317 0.258434
vt 0.435599 0.354533
vt 0.432556 0.388988
vt 0.439050 0.320075
vt 0.442152 0.289320
vt 0.444932 0.259660
vt 0.010418 0.791362
vt 0.007288 0.791447
vt 0.006178 0.827343
vt 0.010407 0.862225
vt 0.005955 0.862274
vt 0.011392 0.897162
vt 0.006966 0.897206
vt 0.012462 0.932101
vt 0.008246 0.932143
vt 0.014275 0.963289
vt 0.010175 0.963324
vt 0.016085 0.992704
vt 0.012363 0.993395
vt 0.532065 0.318760
vt 0.528506 0.288534
vt 0.518234 0.288647
vt 0.519649 0.318897
vt 0.521702 0.250187
vt 0.514991 0.250297
vt 0.487244 0.422534
vt 0.477599 0.422640
vt 0.489022 0.388406
vt 0.478536 0.388521
vt 0.493407 0.353942
vt 0.479605 0.354094
vt 0.500092 0.319112
vt 0.481281 0.319319
vt 0.462066 0.422811
vt 0.465553 0.388664
vt 0.470558 0.354194
vt 0.476176 0.319375
vt 0.482127 0.289044
vt 0.456221 0.422875
vt 0.459737 0.388728
vt 0.463802 0.354268
vt 0.468076 0.319464
vt 0.472163 0.289154
vt 0.485491 0.250705
vt 0.476676 0.252677
vt 0.450518 0.423086
vt 0.453537 0.388796
vt 0.457509 0.354337
vt 0.461432 0.319537
vt 0.465094 0.289232
vt 0.468093 0.254650
vt 0.517568 0.194315
vt 0.520201 0.194241
vt 0.451018 0.388804
vt 0.520153 0.232923
vt 0.454032 0.354353
vt 0.457058 0.319730
vt 0.460064 0.289209
vt 0.463414 0.255818
vt 0.507204 0.843402
vt 0.507150 0.847635
vt 0.535264 0.847296
vt 0.535248 0.843402
vt 0.562528 0.417738
vt 0.564627 0.417976
vt 0.564528 0.387497
vt 0.783996 0.061507
vt 0.786961 0.062166
vt 0.786859 0.031306
vt 0.501044 0.458208
vt 0.503780 0.457172
vt 0.503631 0.422337
vt 0.501987 0.422394
vt 0.504807 0.387996
vt 0.503042 0.388163
vt 0.503995 0.375668
vt 0.505872 0.375668
vt 0.508308 0.366172
vt 0.506523 0.364619
vt 0.512300 0.357220
vt 0.514084 0.358773
vt 0.522811 0.354599
vt 0.521473 0.352597
vt 0.508151 0.457114
vt 0.510194 0.457143
vt 0.509990 0.422307
vt 0.508025 0.422179
vt 0.511044 0.388075
vt 0.509079 0.387888
vt 0.509675 0.375885
vt 0.511852 0.376059
vt 0.513675 0.369468
vt 0.511698 0.368282
vt 0.516754 0.361288
vt 0.518737 0.363026
vt 0.525733 0.359812
vt 0.523748 0.357843
vt 0.508151 0.457114
vt 0.508025 0.422179
vt 0.503631 0.422337
vt 0.503780 0.457172
vt 0.509079 0.387888
vt 0.504807 0.387996
vt 0.509675 0.375885
vt 0.511698 0.368282
vt 0.508308 0.366172
vt 0.505872 0.375668
vt 0.516754 0.361288
vt 0.523748 0.357843
vt 0.522811 0.354599
vt 0.514084 0.358773
vt 0.501987 0.422394
vt 0.503042 0.388163
vt 0.503995 0.375668
vt 0.506523 0.364619
vt 0.512300 0.357220
vt 0.521473 0.352597
vt 0.535265 0.351767
vt 0.538482 0.357109
vt 0.538482 0.357109
vt 0.538294 0.353732
vt 0.538294 0.353732
vt 0.535265 0.351767
vt 0.429531 0.423441
vt 0.427709 0.458845
vt 0.550771 0.761467
vt 0.548887 0.597382
vt 0.525839 0.485343
vt 0.538267 0.492418
vt 0.540404 0.487919
vt 0.509222 0.470756
vt 0.511337 0.470205
vt 0.547651 0.489752
vt 0.541851 0.488175
vt 0.541851 0.488175
vt 0.547651 0.489752
vt 0.545423 0.483702
vt 0.547527 0.482135
vt 0.513388 0.473429
vt 0.511333 0.474394
vt 0.514393 0.476650
vt 0.516388 0.475272
vt 0.540404 0.487919
vt 0.540394 0.482829
vt 0.528618 0.480784
vt 0.525839 0.485343
vt 0.540394 0.482829
vt 0.540389 0.480896
vt 0.530722 0.479217
vt 0.528618 0.480784
vt 0.505888 0.480769
vt 0.508378 0.478895
vt 0.506097 0.475440
vt 0.503436 0.477114
vt 0.511333 0.474394
vt 0.509222 0.470756
vt 0.506097 0.475440
vt 0.508378 0.478895
vt 0.509289 0.483043
vt 0.511609 0.480967
vt 0.511609 0.480967
vt 0.514393 0.476650
vt 0.533014 0.944575
vt 0.523877 0.250163
vt 0.531840 0.288498
vt 0.535741 0.318720
vt 0.538104 0.351738
vt 0.538104 0.351738
vt 0.862580 0.630282
vt 0.868742 0.635340
vt 0.463414 0.255818
vt 0.487532 0.242060
vt 0.514885 0.241474
vt 0.514828 0.236844
vt 0.506932 0.837221
vt 0.507204 0.843402
vt 0.535248 0.843402
vt 0.535284 0.837221
vt 0.550825 0.797945
vt 0.275477 0.784160
vt 0.419355 0.782855
vt 0.275528 0.622080
vt 0.334735 0.961258
vt 0.419355 0.961194
vt 0.419355 0.820828
vt 0.334830 0.820768
vt 0.419355 0.346821
vt 0.283572 0.346821
vt 0.335746 0.379518
vt 0.419355 0.379496
vt 0.286104 0.316968
vt 0.305602 0.316967
vt 0.305597 0.279103
vt 0.287648 0.279102
vt 0.335621 0.508250
vt 0.419355 0.508250
vt 0.057571 0.573790
vt 0.057560 0.637312
vt 0.084209 0.635734
vt 0.084210 0.573887
vt 0.723169 0.689830
vt 0.723160 0.631941
vt 0.704301 0.630971
vt 0.704301 0.689798
vt 0.911919 0.998000
vt 0.930156 0.992686
vt 0.912492 0.869548
vt 0.674809 0.689798
vt 0.674809 0.629510
vt 0.212372 0.541946
vt 0.271556 0.541946
vt 0.271556 0.512448
vt 0.212020 0.512449
vt 0.959122 0.978406
vt 0.977067 0.951557
vt 0.210676 0.575792
vt 0.271556 0.575792
vt 0.209000 0.604917
vt 0.271556 0.604917
vt 0.028409 0.573790
vt 0.028409 0.635634
vt 0.964904 0.890366
vt 0.938055 0.872421
vt 0.979184 0.919332
vt 0.276537 0.820193
vt 0.334565 0.972561
vt 0.419355 0.972583
vt 0.084210 0.565242
vt 0.084197 0.512093
vt 0.044029 0.512021
vt 0.044029 0.565849
vt 0.030247 0.512021
vt 0.030247 0.567528
vt 0.779877 0.002503
vt 0.727090 0.002503
vt 0.727090 0.021939
vt 0.780987 0.021939
vt 0.781244 0.064326
vt 0.727090 0.064326
vt 0.727090 0.084958
vt 0.782219 0.084958
vt 0.004664 0.077805
vt 0.005744 0.103719
vt 0.063843 0.103719
vt 0.063843 0.077805
vt 0.063873 0.033039
vt 0.002000 0.033018
vt 0.050204 0.807278
vt 0.160519 0.806610
vt 0.160519 0.806610
vt 0.050204 0.807278
vt 0.043901 0.846014
vt 0.043901 0.846014
vt 0.184671 0.846059
vt 0.160519 0.806610
vt 0.334925 0.998000
vt 0.419355 0.997938
vt 0.441350 0.163015
vt 0.469258 0.185058
vt 0.462786 0.169319
vt 0.288134 0.972661
vt 0.310831 0.998000
vt 0.325953 0.998000
vt 0.285744 0.965032
vt 0.284549 0.961210
vt 0.781402 0.135052
vt 0.778289 0.145133
vt 0.778084 0.156130
vt 0.459543 0.189193
vt 0.456302 0.194932
vt 0.474813 0.189450
vt 0.979184 0.986470
vt 0.976574 0.981750
vt 0.964386 0.986426
vt 0.451945 0.190635
vt 0.568163 0.386250
vt 0.602197 0.404810
vt 0.588338 0.375066
vt 0.568277 0.374220
vt 0.566965 0.367516
vt 0.561464 0.356236
vt 0.444241 0.189422
vt 0.566597 0.420424
vt 0.563732 0.455104
vt 0.580497 0.464372
vt 0.599327 0.437498
vt 0.561595 0.468026
vt 0.327014 0.214073
vt 0.295150 0.214045
vt 0.313897 0.220227
vt 0.521366 0.480241
vt 0.511337 0.470205
vt 0.513388 0.473429
vt 0.578482 0.081618
vt 0.578412 0.071654
vt 0.577390 0.074932
vt 0.776989 0.128517
vt 0.373222 0.265538
vt 0.353589 0.279104
vt 0.419355 0.279106
vt 0.419355 0.263833
vt 0.353589 0.279104
vt 0.419355 0.316961
vt 0.419355 0.279106
vt 0.342394 0.268293
vt 0.328119 0.270355
vt 0.190521 0.656641
vt 0.200863 0.630580
vt 0.192385 0.606878
vt 0.201300 0.617698
vt 0.201554 0.607221
vt 0.597463 0.220639
vt 0.591283 0.223706
vt 0.600998 0.229102
vt 0.583795 0.227309
vt 0.300487 0.264990
vt 0.294611 0.261846
vt 0.305597 0.279103
vt 0.287648 0.279102
vt 0.290910 0.263243
vt 0.446600 0.083307
vt 0.444465 0.085957
vt 0.446276 0.101737
vt 0.442049 0.090195
vt 0.443436 0.101023
vt 0.523877 0.250163
vt 0.514828 0.236844
vt 0.514885 0.241474
vt 0.514991 0.250297
vt 0.521702 0.250187
vt 0.456522 0.598651
vt 0.447143 0.566734
vt 0.543193 0.801199
vt 0.545423 0.483702
vt 0.547527 0.482135
vt 0.777933 0.164250
vt 0.581428 0.057447
vt 0.581258 0.059384
vt 0.586392 0.058261
vt 0.586429 0.056303
vt 0.597328 0.056155
vt 0.592185 0.055754
vt 0.592283 0.057733
vt 0.597115 0.058189
vt 0.474808 0.124508
vt 0.474790 0.112252
vt 0.472983 0.112197
vt 0.473002 0.124452
vt 0.463417 0.107606
vt 0.469529 0.107044
vt 0.469313 0.105125
vt 0.463102 0.105649
vt 0.456639 0.105831
vt 0.441917 0.104895
vt 0.443435 0.107004
vt 0.047650 0.797878
vt 0.047623 0.783866
vt 0.045689 0.785092
vt 0.177697 0.685163
vt 0.179627 0.687406
vt 0.179558 0.682518
vt 0.177581 0.680194
vt 0.485893 0.926040
vt 0.488474 0.926049
vt 0.484424 0.921516
vt 0.481871 0.921580
vt 0.477032 0.858449
vt 0.478361 0.846083
vt 0.475743 0.846091
vt 0.474480 0.858387
vt 0.486754 0.829326
vt 0.482153 0.833810
vt 0.484583 0.833911
vt 0.489159 0.829409
vt 0.494389 0.825228
vt 0.507142 0.817995
vt 0.505363 0.817328
vt 0.747132 0.248374
vt 0.747006 0.263664
vt 0.749050 0.261663
vt 0.497760 0.932339
vt 0.500228 0.929600
vt 0.495760 0.927144
vt 0.493117 0.929828
vt 0.484424 0.921516
vt 0.488474 0.926049
vt 0.491292 0.923420
vt 0.488030 0.919131
vt 0.482447 0.858390
vt 0.483656 0.847140
vt 0.478361 0.846083
vt 0.477032 0.858449
vt 0.489159 0.829409
vt 0.484583 0.833911
vt 0.488959 0.836179
vt 0.493265 0.831706
vt 0.498225 0.827555
vt 0.510253 0.820191
vt 0.507142 0.817995
vt 0.494389 0.825228
vt 0.474785 0.897328
vt 0.477307 0.897375
vt 0.477307 0.897375
vt 0.482722 0.897315
vt 0.472727 0.166842
vt 0.474534 0.166895
vt 0.475906 0.906818
vt 0.478430 0.906772
vt 0.478430 0.906772
vt 0.483334 0.905672
vt 0.472872 0.175950
vt 0.474673 0.175646
vt 0.478267 0.839717
vt 0.480791 0.839764
vt 0.480791 0.839764
vt 0.485627 0.841426
vt 0.472956 0.105972
vt 0.474751 0.106390
vt 0.299589 0.457484
vt 0.299429 0.494473
vt 0.301099 0.491998
vt 0.512340 0.820299
vt 0.543180 0.806929
vt 0.543182 0.806160
vt 0.543190 0.802301
vt 0.543182 0.806160
vt 0.550750 0.802978
vt 0.550810 0.798983
vt 0.748756 0.208139
vt 0.749136 0.247189
vt 0.543190 0.802301
vt 0.543193 0.801199
vt 0.474785 0.897328
vt 0.474480 0.858387
vt 0.475906 0.906818
vt 0.505363 0.817328
vt 0.177789 0.724888
vt 0.180738 0.724684
vt 0.534053 0.941341
vt 0.533257 0.943780
vt 0.084027 0.567007
vt 0.084210 0.565242
vt 0.049594 0.570238
vt 0.048642 0.571829
vt 0.495348 0.932436
vt 0.490620 0.929872
vt 0.481871 0.921580
vt 0.478313 0.916307
vt 0.475743 0.846091
vt 0.478267 0.839717
vt 0.482153 0.833810
vt 0.492010 0.825164
vt 0.486754 0.829326
vt 0.084210 0.565242
vt 0.044029 0.565849
vt 0.049594 0.570238
vt 0.044816 0.570910
vt 0.544295 0.465015
vt 0.541116 0.451816
vt 0.539680 0.460898
vt 0.538278 0.399589
vt 0.541124 0.442846
vt 0.548235 0.442880
vt 0.545069 0.395534
vt 0.535911 0.387207
vt 0.139642 0.741311
vt 0.131000 0.750250
vt 0.137971 0.748784
vt 0.747891 0.341406
vt 0.752538 0.306504
vt 0.747791 0.301300
vt 0.161691 0.584839
vt 0.160640 0.631662
vt 0.165651 0.621115
vt 0.890580 0.410798
vt 0.890717 0.428711
vt 0.896060 0.418935
vt 0.537306 0.466605
vt 0.534345 0.471450
vt 0.563009 0.659236
vt 0.562681 0.630104
vt 0.556902 0.642633
vt 0.556831 0.627610
vt 0.781244 0.064326
vt 0.782219 0.084958
vt 0.786961 0.072382
vt 0.144607 0.748742
vt 0.150852 0.750279
vt 0.013510 0.010768
vt 0.013658 0.006814
vt 0.013256 0.006046
vt 0.013234 0.011787
vt 0.282882 0.961838
vt 0.282954 0.964246
vt 0.550639 0.803738
vt 0.550750 0.802978
vt 0.550810 0.798983
vt 0.550825 0.797945
vt 0.165795 0.629144
vt 0.590448 0.510079
vt 0.591743 0.511708
vt 0.597271 0.510191
vt 0.602061 0.059211
vt 0.602585 0.057123
vt 0.480840 0.916170
vt 0.478313 0.916307
vt 0.485233 0.914028
vt 0.480840 0.916170
vt 0.127962 0.706924
vt 0.125627 0.705240
vt 0.125668 0.711160
vt 0.128043 0.712937
vt 0.485893 0.926040
vt 0.474813 0.184397
vt 0.473017 0.185058
vt 0.474693 0.101035
vt 0.472911 0.100256
vt 0.457053 0.107827
vt 0.747478 0.270224
vt 0.749557 0.268212
vt 0.896097 0.413058
vt 0.556511 0.649080
vt 0.280941 0.379436
vt 0.275562 0.515764
vt 0.275648 0.508240
vt 0.758554 0.193915
vt 0.762969 0.193916
vt 0.767007 0.192586
vt 0.767007 0.192586
vt 0.770449 0.190065
vt 0.772943 0.186603
vt 0.758554 0.193915
vt 0.767007 0.192586
vt 0.772943 0.186603
vt 0.774246 0.182540
vt 0.774229 0.178273
vt 0.774229 0.178273
vt 0.772894 0.174218
vt 0.770371 0.170769
vt 0.772943 0.186603
vt 0.774229 0.178273
vt 0.770371 0.170769
vt 0.770371 0.170769
vt 0.767307 0.168629
vt 0.764117 0.167458
vt 0.764117 0.167458
vt 0.759142 0.167466
vt 0.755918 0.167992
vt 0.770371 0.170769
vt 0.764117 0.167458
vt 0.755918 0.167992
vt 0.772943 0.186603
vt 0.770371 0.170769
vt 0.755918 0.167992
vt 0.758554 0.193915
vt 0.772943 0.186603
vt 0.755918 0.167992
vt 0.755918 0.167992
vt 0.753093 0.169424
vt 0.749352 0.173546
vt 0.749352 0.173546
vt 0.747588 0.178528
vt 0.747937 0.184380
vt 0.755918 0.167992
vt 0.749352 0.173546
vt 0.747937 0.184380
vt 0.758554 0.193915
vt 0.755918 0.167992
vt 0.747937 0.184380
vt 0.754401 0.192595
vt 0.758554 0.193915
vt 0.747937 0.184380
vt 0.750991 0.189851
vt 0.754401 0.192595
vt 0.747937 0.184380
vt 0.320354 0.222413
vt 0.317627 0.238424
vt 0.321756 0.238418
vt 0.321756 0.238418
vt 0.327014 0.222429
vt 0.320354 0.222413
vt 0.586159 0.137427
vt 0.602535 0.131414
vt 0.602585 0.125900
vt 0.602585 0.125900
vt 0.586229 0.129294
vt 0.586159 0.137427
vt 0.586229 0.129294
vt 0.602585 0.125900
vt 0.602524 0.119504
vt 0.602524 0.119504
vt 0.586177 0.119589
vt 0.586229 0.129294
vt 0.586177 0.119589
vt 0.602524 0.119504
vt 0.602432 0.113708
vt 0.602432 0.113708
vt 0.586083 0.110680
vt 0.586177 0.119589
vt 0.586083 0.110680
vt 0.602432 0.113708
vt 0.602387 0.108524
vt 0.602387 0.108524
vt 0.586027 0.102974
vt 0.586083 0.110680
vt 0.445728 0.196948
vt 0.451498 0.212985
vt 0.454313 0.213281
vt 0.454313 0.213281
vt 0.450664 0.197229
vt 0.445728 0.196948
vt 0.450664 0.197229
vt 0.454313 0.213281
vt 0.457711 0.213422
vt 0.457711 0.213422
vt 0.455784 0.197357
vt 0.450664 0.197229
vt 0.455784 0.197357
vt 0.457711 0.213422
vt 0.463089 0.213056
vt 0.463089 0.213056
vt 0.463129 0.196975
vt 0.455784 0.197357
vt 0.463129 0.196975
vt 0.463089 0.213056
vt 0.466734 0.213018
vt 0.466734 0.213018
vt 0.469099 0.196918
vt 0.463129 0.196975
vt 0.469099 0.196918
vt 0.466734 0.213018
vt 0.470404 0.213011
vt 0.470404 0.213011
vt 0.474813 0.196893
vt 0.469099 0.196918
vt 0.767734 0.327851
vt 0.766823 0.311541
vt 0.762551 0.311527
vt 0.762551 0.311527
vt 0.761182 0.327802
vt 0.767734 0.327851
vt 0.321730 0.126691
vt 0.317181 0.110712
vt 0.313059 0.110736
vt 0.313059 0.110736
vt 0.315460 0.126726
vt 0.321730 0.126691
vt 0.315460 0.126726
vt 0.313059 0.110736
vt 0.308493 0.110742
vt 0.308493 0.110742
vt 0.308510 0.126738
vt 0.315460 0.126726
vt 0.308510 0.126738
vt 0.308493 0.110742
vt 0.303927 0.110731
vt 0.303927 0.110731
vt 0.301559 0.126726
vt 0.308510 0.126738
vt 0.301559 0.126726
vt 0.303927 0.110731
vt 0.299807 0.110702
vt 0.299807 0.110702
vt 0.295289 0.126691
vt 0.301559 0.126726
vt 0.564031 0.102868
vt 0.565410 0.119142
vt 0.569675 0.119088
vt 0.569675 0.119088
vt 0.570523 0.102778
vt 0.564031 0.102868
vt 0.299622 0.222188
vt 0.304052 0.238257
vt 0.308180 0.238309
vt 0.308180 0.238309
vt 0.305928 0.222257
vt 0.299622 0.222188
vt 0.305928 0.222257
vt 0.308180 0.238309
vt 0.312935 0.238421
vt 0.312935 0.238421
vt 0.313073 0.222388
vt 0.305928 0.222257
vt 0.313073 0.222388
vt 0.312935 0.238421
vt 0.317627 0.238424
vt 0.317627 0.238424
vt 0.320354 0.222413
vt 0.313073 0.222388
vt 0.610716 0.519364
vt 0.557774 0.601873
vt 0.610495 0.601873
vt 0.597124 0.519464
vt 0.572552 0.519432
vt 0.563144 0.520966
vt 0.297301 0.951299
vt 0.298658 0.935833
vt 0.299228 0.913268
vt 0.597124 0.519464
vt 0.563144 0.520966
vt 0.559748 0.559392
vt 0.299228 0.913268
vt 0.298699 0.886914
vt 0.297144 0.871882
vt 0.597124 0.519464
vt 0.559748 0.559392
vt 0.557774 0.601873
vt 0.597124 0.519464
vt 0.557774 0.601873
vt 0.610716 0.519364
vt 0.170798 0.524070
vt 0.154274 0.498937
vt 0.128706 0.498656
vt 0.145105 0.523788
vt 0.145105 0.523788
vt 0.128706 0.498656
vt 0.114927 0.499398
vt 0.114927 0.499398
vt 0.124987 0.523662
vt 0.145105 0.523788
vt 0.899896 0.503610
vt 0.925682 0.497355
vt 0.926356 0.419581
vt 0.926356 0.419581
vt 0.899958 0.419581
vt 0.899896 0.503610
vt 0.330224 0.866713
vt 0.297144 0.871882
vt 0.298699 0.886914
vt 0.298699 0.886914
vt 0.331320 0.882340
vt 0.330224 0.866713
vt 0.331320 0.882340
vt 0.298699 0.886914
vt 0.299228 0.913268
vt 0.299228 0.913268
vt 0.331852 0.908961
vt 0.331320 0.882340
vt 0.331852 0.908961
vt 0.299228 0.913268
vt 0.298658 0.935833
vt 0.298658 0.935833
vt 0.331281 0.931783
vt 0.331852 0.908961
vt 0.331281 0.931783
vt 0.298658 0.935833
vt 0.297301 0.951299
vt 0.297301 0.951299
vt 0.330589 0.946661
vt 0.331281 0.931783
vt 0.330589 0.946661
vt 0.297301 0.951299
vt 0.328942 0.953713
vt 0.184671 0.522324
vt 0.163590 0.497876
vt 0.154274 0.498937
vt 0.154274 0.498937
vt 0.170798 0.524070
vt 0.184671 0.522324
vt 0.292209 0.834028
vt 0.292221 0.848253
vt 0.298380 0.848119
vt 0.298380 0.848119
vt 0.300782 0.834205
vt 0.292209 0.834028
vt 0.300782 0.834205
vt 0.298380 0.848119
vt 0.308078 0.847775
vt 0.308078 0.847775
vt 0.309226 0.834547
vt 0.300782 0.834205
vt 0.313705 0.834937
vt 0.309226 0.834547
vt 0.308078 0.847775
vt 0.308078 0.847775
vt 0.320273 0.846699
vt 0.313705 0.834937
vt 0.326162 0.837057
vt 0.313705 0.834937
vt 0.320273 0.846699
vt 0.320273 0.846699
vt 0.324316 0.845574
vt 0.326162 0.837057
vt 0.326162 0.837057
vt 0.324316 0.845574
vt 0.327260 0.844496
vt 0.327260 0.844496
vt 0.330653 0.839578
vt 0.326162 0.837057
vt 0.330839 0.842483
vt 0.331852 0.841121
vt 0.330653 0.839578
vt 0.330653 0.839578
vt 0.327260 0.844496
vt 0.330839 0.842483
vt 0.466595 0.101737
vt 0.463011 0.093799
vt 0.455005 0.094520
vt 0.455005 0.094520
vt 0.451460 0.101676
vt 0.466595 0.101737
vt 0.463011 0.093799
vt 0.462087 0.093058
vt 0.459435 0.092430
vt 0.459435 0.092430
vt 0.455005 0.094520
vt 0.463011 0.093799
vt 0.758501 0.334516
vt 0.759824 0.333933
vt 0.758693 0.330843
vt 0.758693 0.330843
vt 0.757312 0.331270
vt 0.758501 0.334516
vt 0.757312 0.331270
vt 0.758693 0.330843
vt 0.757521 0.326633
vt 0.757521 0.326633
vt 0.756091 0.326883
vt 0.757312 0.331270
vt 0.756091 0.326883
vt 0.757521 0.326633
vt 0.756430 0.314268
vt 0.756430 0.314268
vt 0.754985 0.314354
vt 0.756091 0.326883
vt 0.754985 0.314354
vt 0.756430 0.314268
vt 0.756084 0.304511
vt 0.754637 0.304551
vt 0.754637 0.304551
vt 0.756084 0.304511
vt 0.755948 0.298245
vt 0.755948 0.298245
vt 0.754499 0.298183
vt 0.754637 0.304551
vt 0.448560 0.091999
vt 0.450099 0.092337
vt 0.453988 0.084467
vt 0.453988 0.084467
vt 0.452834 0.083326
vt 0.448560 0.091999
vt 0.452834 0.083326
vt 0.453988 0.084467
vt 0.459295 0.081958
vt 0.459295 0.081958
vt 0.459122 0.080348
vt 0.452834 0.083326
vt 0.459122 0.080348
vt 0.459295 0.081958
vt 0.462727 0.082769
vt 0.462727 0.082769
vt 0.463428 0.081363
vt 0.459122 0.080348
vt 0.463428 0.081363
vt 0.462727 0.082769
vt 0.464153 0.083924
vt 0.464153 0.083924
vt 0.465415 0.082982
vt 0.463428 0.081363
vt 0.465415 0.082982
vt 0.464153 0.083924
vt 0.467988 0.092428
vt 0.467988 0.092428
vt 0.469529 0.092121
vt 0.465415 0.082982
vt 0.774246 0.298184
vt 0.772795 0.298240
vt 0.772613 0.306918
vt 0.772613 0.306918
vt 0.774059 0.306960
vt 0.774246 0.298184
vt 0.774059 0.306960
vt 0.772613 0.306918
vt 0.772268 0.315419
vt 0.772268 0.315419
vt 0.773713 0.315505
vt 0.774059 0.306960
vt 0.773713 0.315505
vt 0.772268 0.315419
vt 0.771872 0.319987
vt 0.771872 0.319987
vt 0.773309 0.320163
vt 0.773713 0.315505
vt 0.773309 0.320163
vt 0.771872 0.319987
vt 0.769702 0.332731
vt 0.769702 0.332731
vt 0.771089 0.333202
vt 0.773309 0.320163
vt 0.771089 0.333202
vt 0.769702 0.332731
vt 0.766946 0.337638
vt 0.766946 0.337638
vt 0.768077 0.338563
vt 0.771089 0.333202
vt 0.768077 0.338563
vt 0.766946 0.337638
vt 0.764405 0.339615
vt 0.764405 0.339615
vt 0.764422 0.341406
vt 0.768077 0.338563
vt 0.764422 0.341406
vt 0.764405 0.339615
vt 0.762021 0.337836
vt 0.762021 0.337836
vt 0.760898 0.338774
vt 0.764422 0.341406
vt 0.760898 0.338774
vt 0.762021 0.337836
vt 0.759824 0.333933
vt 0.759824 0.333933
vt 0.758501 0.334516
vt 0.760898 0.338774
vt 0.884236 0.602156
vt 0.895522 0.596116
vt 0.895994 0.593079
vt 0.895994 0.593079
vt 0.884724 0.598973
vt 0.884236 0.602156
vt 0.884724 0.598973
vt 0.895994 0.593079
vt 0.896648 0.588911
vt 0.896648 0.588911
vt 0.885400 0.594640
vt 0.884724 0.598973
vt 0.885400 0.594640
vt 0.896648 0.588911
vt 0.898227 0.576198
vt 0.898227 0.576198
vt 0.887000 0.581775
vt 0.887000 0.581775
vt 0.898227 0.576198
vt 0.899373 0.566049
vt 0.888150 0.571583
vt 0.888150 0.571583
vt 0.899373 0.566049
vt 0.900658 0.559803
vt 0.900658 0.559803
vt 0.889188 0.565147
vt 0.888150 0.571583
vt 0.889188 0.565147
vt 0.900658 0.559803
vt 0.894796 0.555719
vt 0.894796 0.555719
vt 0.882715 0.560728
vt 0.889188 0.565147
vt 0.453988 0.084467
vt 0.455005 0.094520
vt 0.459435 0.092430
vt 0.459435 0.092430
vt 0.459295 0.081958
vt 0.453988 0.084467
vt 0.459295 0.081958
vt 0.459435 0.092430
vt 0.462087 0.093058
vt 0.462087 0.093058
vt 0.462727 0.082769
vt 0.459295 0.081958
vt 0.316802 0.503463
vt 0.316811 0.490657
vt 0.315753 0.490300
vt 0.315753 0.490300
vt 0.315195 0.502854
vt 0.316802 0.503463
vt 0.109587 0.749830
vt 0.121506 0.754895
vt 0.128043 0.750513
vt 0.128043 0.750513
vt 0.116608 0.745183
vt 0.109587 0.749830
vt 0.116608 0.745183
vt 0.128043 0.750513
vt 0.126410 0.741776
vt 0.126410 0.741776
vt 0.115203 0.736268
vt 0.116608 0.745183
vt 0.115203 0.736268
vt 0.126410 0.741776
vt 0.125353 0.732972
vt 0.114140 0.727422
vt 0.114140 0.727422
vt 0.125353 0.732972
vt 0.124891 0.728267
vt 0.124891 0.728267
vt 0.113663 0.722635
vt 0.114140 0.727422
vt 0.113663 0.722635
vt 0.124891 0.728267
vt 0.122966 0.715410
vt 0.111698 0.709506
vt 0.111698 0.709506
vt 0.122966 0.715410
vt 0.122375 0.710738
vt 0.122375 0.710738
vt 0.111065 0.704408
vt 0.111698 0.709506
vt 0.177746 0.621867
vt 0.178619 0.634407
vt 0.180440 0.633697
vt 0.180440 0.633697
vt 0.180738 0.620695
vt 0.177746 0.621867
vt 0.180738 0.618734
vt 0.180326 0.605735
vt 0.178724 0.605162
vt 0.178724 0.605162
vt 0.177947 0.617715
vt 0.180738 0.618734
vt 0.883743 0.606221
vt 0.895065 0.599849
vt 0.895522 0.596116
vt 0.895522 0.596116
vt 0.884236 0.602156
vt 0.883743 0.606221
vt 0.783396 0.907117
vt 0.782279 0.997976
vt 0.907998 0.998000
vt 0.907998 0.998000
vt 0.907998 0.907102
vt 0.783396 0.907117
vt 0.770732 0.281386
vt 0.755156 0.272171
vt 0.751480 0.274046
vt 0.751480 0.274046
vt 0.774117 0.290509
vt 0.770732 0.281386
vt 0.769266 0.271370
vt 0.757171 0.268555
vt 0.755156 0.272171
vt 0.755156 0.272171
vt 0.770732 0.281386
vt 0.769266 0.271370
vt 0.768471 0.222251
vt 0.755463 0.207606
vt 0.757171 0.268555
vt 0.757171 0.268555
vt 0.769266 0.271370
vt 0.768471 0.222251
vt 0.736039 0.634829
vt 0.795867 0.634829
vt 0.795677 0.562819
vt 0.795677 0.562819
vt 0.735426 0.562819
vt 0.736039 0.634829
vt 0.735293 0.532279
vt 0.795636 0.532279
vt 0.795608 0.501660
vt 0.795608 0.501660
vt 0.735202 0.501660
vt 0.735293 0.532279
vt 0.774117 0.290509
vt 0.751480 0.274046
vt 0.746460 0.272191
vt 0.611091 0.469925
vt 0.607878 0.472528
vt 0.608872 0.492311
vt 0.608872 0.492311
vt 0.612441 0.495139
vt 0.611091 0.469925
vt 0.607878 0.472528
vt 0.602451 0.474013
vt 0.604575 0.491230
vt 0.604575 0.491230
vt 0.608872 0.492311
vt 0.607878 0.472528
vt 0.564383 0.476873
vt 0.564163 0.494368
vt 0.604575 0.491230
vt 0.604575 0.491230
vt 0.602451 0.474013
vt 0.564383 0.476873
vt 0.560082 0.476460
vt 0.559921 0.495454
vt 0.564163 0.494368
vt 0.564163 0.494368
vt 0.564383 0.476873
vt 0.560082 0.476460
vt 0.560082 0.476460
vt 0.556531 0.474231
vt 0.556817 0.497433
vt 0.556817 0.497433
vt 0.559921 0.495454
vt 0.560082 0.476460
vt 0.556531 0.474231
vt 0.554747 0.470500
vt 0.555256 0.500597
vt 0.555256 0.500597
vt 0.556817 0.497433
vt 0.556531 0.474231
vt 0.611091 0.469925
vt 0.612441 0.495139
vt 0.613824 0.500193
vt 0.613824 0.500193
vt 0.612563 0.463904
vt 0.611091 0.469925
vt 0.614178 0.607161
vt 0.611594 0.609781
vt 0.614076 0.684196
vt 0.614076 0.684196
vt 0.619583 0.689830
vt 0.614178 0.607161
vt 0.624925 0.305449
vt 0.684113 0.305449
vt 0.684124 0.177724
vt 0.684124 0.177724
vt 0.624933 0.178046
vt 0.624925 0.305449
vt 0.611594 0.609781
vt 0.583783 0.614470
vt 0.578187 0.656668
vt 0.578187 0.656668
vt 0.614076 0.684196
vt 0.611594 0.609781
vt 0.583783 0.614470
vt 0.577329 0.611699
vt 0.566297 0.652326
vt 0.566297 0.652326
vt 0.578187 0.656668
vt 0.583783 0.614470
vt 0.896097 0.488409
vt 0.896090 0.430671
vt 0.883613 0.441046
vt 0.566297 0.652326
vt 0.577329 0.611699
vt 0.572789 0.607703
vt 0.964275 0.241981
vt 0.956737 0.298290
vt 0.964544 0.307829
vt 0.731450 0.432798
vt 0.784192 0.374968
vt 0.760670 0.376451
vt 0.733445 0.451075
vt 0.795062 0.451075
vt 0.794443 0.432798
vt 0.794443 0.432798
vt 0.731450 0.432798
vt 0.733445 0.451075
vt 0.791687 0.758726
vt 0.784632 0.871126
vt 0.907998 0.871095
vt 0.907998 0.871095
vt 0.907998 0.758589
vt 0.791687 0.758726
vt 0.795403 0.469299
vt 0.795608 0.501660
vt 0.847858 0.501660
vt 0.847858 0.469299
vt 0.847858 0.451075
vt 0.795062 0.451075
vt 0.795403 0.469299
vt 0.795636 0.532279
vt 0.795677 0.562819
vt 0.847858 0.562819
vt 0.847858 0.532279
vt 0.784632 0.871126
vt 0.783396 0.907117
vt 0.907998 0.907102
vt 0.907998 0.907102
vt 0.907998 0.871095
vt 0.784632 0.871126
vt 0.807335 0.718579
vt 0.791687 0.758726
vt 0.907998 0.758589
vt 0.907998 0.758589
vt 0.907998 0.718579
vt 0.807335 0.718579
vt 0.442477 0.160344
vt 0.443030 0.139635
vt 0.442729 0.117794
vt 0.079968 0.463332
vt 0.052494 0.468352
vt 0.039900 0.472977
vt 0.079968 0.463332
vt 0.039900 0.472977
vt 0.144100 0.472977
vt 0.122576 0.460777
vt 0.079968 0.463332
vt 0.144100 0.472977
vt 0.144100 0.460437
vt 0.122576 0.460777
vt 0.144100 0.472977
vt 0.002087 0.109601
vt 0.002000 0.236336
vt 0.084597 0.220903
vt 0.084597 0.220903
vt 0.084986 0.109601
vt 0.002087 0.109601
vt 0.813073 0.374261
vt 0.794443 0.432798
vt 0.847858 0.432798
vt 0.847858 0.432798
vt 0.847858 0.373604
vt 0.813073 0.374261
vt 0.084597 0.220903
vt 0.088134 0.213427
vt 0.093581 0.195493
vt 0.093581 0.195493
vt 0.097431 0.178780
vt 0.099891 0.155976
vt 0.084597 0.220903
vt 0.093581 0.195493
vt 0.099891 0.155976
vt 0.084597 0.220903
vt 0.099891 0.155976
vt 0.101818 0.109601
vt 0.084986 0.109601
vt 0.084597 0.220903
vt 0.101818 0.109601
vt 0.769917 0.214075
vt 0.754583 0.201715
vt 0.755463 0.207606
vt 0.755463 0.207606
vt 0.768471 0.222251
vt 0.769917 0.214075
vt 0.774246 0.211119
vt 0.751669 0.195877
vt 0.754583 0.201715
vt 0.754583 0.201715
vt 0.769917 0.214075
vt 0.774246 0.211119
vt 0.813141 0.676506
vt 0.795867 0.634829
vt 0.783962 0.674961
vt 0.847858 0.634829
vt 0.847858 0.562819
vt 0.795677 0.562819
vt 0.795867 0.634829
vt 0.847858 0.501660
vt 0.795636 0.532279
vt 0.795062 0.451075
vt 0.847858 0.451075
vt 0.847858 0.432798
vt 0.795403 0.469299
vt 0.734542 0.469299
vt 0.735202 0.501660
vt 0.795403 0.469299
vt 0.734542 0.469299
vt 0.795062 0.451075
vt 0.735293 0.532279
vt 0.795677 0.562819
vt 0.813141 0.676506
vt 0.847858 0.677671
vt 0.847858 0.634829
vt 0.847858 0.634829
vt 0.813141 0.676506
vt 0.813073 0.374261
vt 0.784192 0.374968
vt 0.794443 0.432798
vt 0.784192 0.374968
vt 0.736039 0.634829
vt 0.739202 0.661995
vt 0.744688 0.664929
vt 0.744688 0.664929
vt 0.751128 0.667958
vt 0.761562 0.671253
vt 0.736039 0.634829
vt 0.744688 0.664929
vt 0.761562 0.671253
vt 0.761562 0.671253
vt 0.795867 0.634829
vt 0.761562 0.671253
vt 0.783962 0.674961
vt 0.082849 0.725443
vt 0.084201 0.708531
vt 0.033688 0.712370
vt 0.032340 0.729215
vt 0.084201 0.708531
vt 0.084210 0.685619
vt 0.033697 0.689529
vt 0.033688 0.712370
vt 0.084210 0.685619
vt 0.082128 0.639273
vt 0.031619 0.643242
vt 0.031619 0.643242
vt 0.033697 0.689529
vt 0.084210 0.685619
vt 0.605632 0.309555
vt 0.611080 0.350518
vt 0.718762 0.349832
vt 0.713384 0.309370
vt 0.611080 0.350518
vt 0.612563 0.463904
vt 0.720231 0.463111
vt 0.718762 0.349832
vt 0.612563 0.463904
vt 0.613824 0.500193
vt 0.721491 0.499384
vt 0.720231 0.463111
vt 0.613824 0.500193
vt 0.615491 0.603897
vt 0.723169 0.590954
vt 0.723169 0.590954
vt 0.721491 0.499384
vt 0.613824 0.500193
vt 0.615491 0.603897
vt 0.614178 0.607161
vt 0.664450 0.606250
vt 0.664450 0.606250
vt 0.723169 0.590954
vt 0.615491 0.603897
vt 0.614178 0.607161
vt 0.619583 0.689830
vt 0.670032 0.688619
vt 0.664450 0.606250
vt 0.079833 0.751522
vt 0.080779 0.743628
vt 0.030277 0.747340
vt 0.030277 0.747340
vt 0.029428 0.754895
vt 0.079833 0.751522
vt 0.080779 0.743628
vt 0.082849 0.725443
vt 0.032340 0.729215
vt 0.030277 0.747340
vt 0.542467 0.247552
vt 0.542386 0.305818
vt 0.549897 0.311195
vt 0.550825 0.250563
vt 0.793347 0.183488
vt 0.793158 0.125238
vt 0.784807 0.128264
vt 0.785848 0.188877
vt 0.864165 0.438325
vt 0.853133 0.438671
vt 0.866636 0.419260
vt 0.855817 0.419499
vt 0.851780 0.516581
vt 0.862292 0.519702
vt 0.853857 0.559977
vt 0.865252 0.611776
vt 0.857075 0.594038
vt 0.859036 0.609177
vt 0.873248 0.360966
vt 0.887349 0.374443
vt 0.867018 0.379336
vt 0.879095 0.385107
vt 0.872050 0.399661
vt 0.860346 0.399663
vt 0.555054 0.722664
vt 0.558446 0.722605
vt 0.554747 0.732755
vt 0.861064 0.622257
vt 0.586455 0.163979
vt 0.576865 0.164359
vt 0.589261 0.156855
vt 0.593273 0.150113
vt 0.575636 0.159938
vt 0.602585 0.139388
vt 0.574738 0.156663
vt 0.019618 0.962707
vt 0.023151 0.962011
vt 0.019674 0.993378
vt 0.573684 0.152303
vt 0.014275 0.963289
vt 0.016085 0.992704
vt 0.020791 0.942287
vt 0.851863 0.471621
vt 0.862876 0.471088
vt 0.558434 0.714652
vt 0.303243 0.447827
vt 0.305824 0.429969
vt 0.318499 0.440004
vt 0.311382 0.452650
vt 0.580019 0.177159
vt 0.586127 0.175958
vt 0.582377 0.187230
vt 0.586557 0.185468
vt 0.583918 0.193766
vt 0.588521 0.194445
vt 0.012462 0.932101
vt 0.018872 0.926733
vt 0.016644 0.897237
vt 0.013822 0.862236
vt 0.021952 0.879535
vt 0.010407 0.862225
vt 0.013822 0.862236
vt 0.011392 0.897162
vt 0.016644 0.897237
vt 0.594049 0.212065
vt 0.591283 0.223706
vt 0.597463 0.220639
vt 0.577338 0.199371
vt 0.583795 0.227309
vt 0.009712 0.827306
vt 0.009712 0.827306
vt 0.013583 0.840520
vt 0.019509 0.851389
vt 0.932564 0.376760
vt 0.887349 0.374443
vt 0.932211 0.340500
vt 0.887918 0.349774
vt 0.932211 0.340500
vt 0.932490 0.327154
vt 0.931965 0.316206
vt 0.309097 0.496958
vt 0.924284 0.311750
vt 0.312529 0.503463
vt 0.298376 0.500059
vt 0.873973 0.634032
vt 0.865252 0.611776
vt 0.881248 0.638508
vt 0.925170 0.680656
vt 0.938815 0.685180
vt 0.936813 0.689830
vt 0.918471 0.672684
vt 0.863146 0.622116
vt 0.077345 0.509158
vt 0.084210 0.502264
vt 0.083373 0.510061
vt 0.022495 0.485506
vt 0.021213 0.455213
vt 0.025710 0.480975
vt 0.502609 0.952467
vt 0.530527 0.952298
vt 0.502961 0.965333
vt 0.117759 0.530484
vt 0.110480 0.528885
vt 0.117982 0.528686
vt 0.442278 0.789059
vt 0.433517 0.789155
vt 0.442070 0.761049
vt 0.433422 0.760628
vt 0.793255 0.218476
vt 0.783363 0.218571
vt 0.793347 0.190837
vt 0.426406 0.760119
vt 0.426565 0.789232
vt 0.005889 0.456477
vt 0.014772 0.456427
vt 0.005727 0.485993
vt 0.014687 0.485868
vt 0.443085 0.831877
vt 0.434627 0.831970
vt 0.793192 0.259619
vt 0.783642 0.259710
vt 0.006536 0.413071
vt 0.015112 0.413023
vt 0.028811 0.413063
vt 0.453473 0.875357
vt 0.444002 0.875390
vt 0.453365 0.825242
vt 0.435939 0.875479
vt 0.793072 0.301346
vt 0.783968 0.301433
vt 0.007382 0.368962
vt 0.015557 0.368916
vt 0.024670 0.368933
vt 0.453815 0.916826
vt 0.444853 0.916995
vt 0.437145 0.917080
vt 0.430741 0.917150
vt 0.784069 0.341406
vt 0.008140 0.326783
vt 0.015956 0.326743
vt 0.024619 0.326728
vt 0.033273 0.326731
vt 0.036185 0.369131
vt 0.454156 0.952921
vt 0.445849 0.952934
vt 0.438684 0.953013
vt 0.294941 0.910923
vt 0.286754 0.911001
vt 0.295184 0.876258
vt 0.432997 0.953075
vt 0.009300 0.290360
vt 0.016565 0.290319
vt 0.024619 0.290305
vt 0.032672 0.290319
vt 0.039937 0.290377
vt 0.043207 0.327015
vt 0.454549 0.980067
vt 0.447104 0.980231
vt 0.440582 0.980303
vt 0.294773 0.936979
vt 0.287322 0.937051
vt 0.010677 0.262697
vt 0.017289 0.262660
vt 0.024619 0.262647
vt 0.031948 0.262660
vt 0.038560 0.262690
vt 0.043784 0.262686
vt 0.049256 0.290152
vt 0.455009 0.997813
vt 0.448342 0.997935
vt 0.442459 0.998000
vt 0.294718 0.953649
vt 0.287995 0.953713
vt 0.011943 0.244760
vt 0.017909 0.244726
vt 0.024522 0.244715
vt 0.031134 0.244726
vt 0.037100 0.244760
vt 0.184605 0.798597
vt 0.177906 0.798884
vt 0.184671 0.780489
vt 0.041880 0.244866
vt 0.045708 0.256682
vt 0.171505 0.795027
vt 0.176376 0.786610
vt 0.054840 0.258315
vt 0.053861 0.263220
vt 0.055816 0.253428
vt 0.123824 0.572069
vt 0.129744 0.580745
vt 0.113990 0.574905
vt 0.119455 0.583384
vt 0.109160 0.572641
vt 0.115001 0.571998
vt 0.786961 0.024122
vt 0.784956 0.024101
vt 0.786529 0.014978
vt 0.784336 0.015792
vt 0.784337 0.029346
vt 0.461802 0.997790
vt 0.463472 0.992611
vt 0.477725 0.979692
vt 0.453917 0.761351
vt 0.163434 0.559348
vt 0.160272 0.543673
vt 0.181810 0.553499
vt 0.176989 0.538352
vt 0.473422 0.952788
vt 0.503268 0.974180
vt 0.519917 0.965154
vt 0.477683 0.988424
vt 0.135652 0.551510
vt 0.132950 0.552370
vt 0.134090 0.542952
vt 0.131656 0.543830
vt 0.298846 0.446505
vt 0.301099 0.446567
vt 0.298753 0.455352
vt 0.300830 0.455523
vt 0.298897 0.436867
vt 0.300927 0.435650
vt 0.126875 0.534439
vt 0.129398 0.533748
vt 0.140011 0.566804
vt 0.468746 0.996640
vt 0.051514 0.276500
vt 0.172296 0.799527
vt 0.167105 0.799251
vt 0.121419 0.568794
vt 0.125639 0.565763
vt 0.594370 0.083100
vt 0.594364 0.073863
vt 0.596928 0.083112
vt 0.564870 0.063784
vt 0.558373 0.096203
vt 0.557931 0.058628
vt 0.469529 0.121734
vt 0.465725 0.150632
vt 0.460429 0.118924
vt 0.315420 0.136006
vt 0.294717 0.129746
vt 0.321730 0.129297
vt 0.462786 0.169319
vt 0.457341 0.146656
vt 0.155550 0.528257
vt 0.172989 0.526031
vt 0.471322 0.994238
vt 0.468765 0.113253
vt 0.468472 0.109788
vt 0.056732 0.249253
vt 0.047410 0.248904
vt 0.133523 0.562912
vt 0.130340 0.561596
vt 0.113482 0.584384
vt 0.107982 0.576117
vt 0.142861 0.575760
vt 0.166294 0.568334
vt 0.184671 0.562485
vt 0.014317 0.514995
vt 0.019730 0.514882
vt 0.012519 0.630939
vt 0.011976 0.649338
vt 0.007952 0.630928
vt 0.007762 0.649339
vt 0.434304 0.598900
vt 0.442855 0.598806
vt 0.518388 0.760633
vt 0.487849 0.760975
vt 0.516935 0.597991
vt 0.486185 0.598329
vt 0.542212 0.760390
vt 0.540095 0.597658
vt 0.528782 0.597861
vt 0.475472 0.761089
vt 0.473625 0.598467
vt 0.456522 0.598651
vt 0.874948 0.613796
vt 0.872451 0.607566
vt 0.878876 0.618498
vt 0.924572 0.661461
vt 0.928729 0.662383
vt 0.932682 0.660838
vt 0.937638 0.655580
vt 0.934686 0.655711
vt 0.934999 0.538560
vt 0.931631 0.538812
vt 0.871787 0.534353
vt 0.862292 0.519702
vt 0.873474 0.530435
vt 0.877044 0.527995
vt 0.881459 0.527396
vt 0.935327 0.519980
vt 0.920802 0.528803
vt 0.926454 0.530114
vt 0.929871 0.532667
vt 0.429515 0.598952
vt 0.423276 0.617167
vt 0.002000 0.649396
vt 0.169711 0.586278
vt 0.172669 0.586045
vt 0.171488 0.699201
vt 0.174446 0.698969
vt 0.171063 0.704114
vt 0.174021 0.703881
vt 0.447285 0.113658
vt 0.446706 0.110686
vt 0.451280 0.113532
vt 0.450779 0.110962
vt 0.455363 0.113312
vt 0.454863 0.110742
vt 0.730298 0.689830
vt 0.727678 0.689830
vt 0.735170 0.645826
vt 0.732550 0.645826
vt 0.732902 0.641051
vt 0.735523 0.641051
vt 0.736039 0.634829
vt 0.733419 0.634829
vt 0.732805 0.562819
vt 0.735426 0.562819
vt 0.793641 0.689069
vt 0.790273 0.689090
vt 0.794329 0.686556
vt 0.791068 0.686185
vt 0.799268 0.689256
vt 0.799955 0.686743
vt 0.838946 0.689810
vt 0.839633 0.687297
vt 0.843440 0.689830
vt 0.844128 0.687317
vt 0.847171 0.689776
vt 0.847858 0.687263
vt 0.732443 0.559033
vt 0.735063 0.559033
vt 0.169248 0.580310
vt 0.172206 0.580078
vt 0.884832 0.392242
vt 0.879095 0.385107
vt 0.889348 0.387941
vt 0.872050 0.399661
vt 0.879713 0.401801
vt 0.880525 0.509377
vt 0.927502 0.391127
vt 0.924734 0.388532
vt 0.932564 0.376760
vt 0.928988 0.394437
vt 0.930242 0.506630
vt 0.931463 0.501366
vt 0.926678 0.509689
vt 0.922294 0.510976
vt 0.876110 0.508430
vt 0.872831 0.506515
vt 0.871094 0.503318
vt 0.866636 0.419260
vt 0.875077 0.420572
vt 0.864165 0.438325
vt 0.872732 0.439199
vt 0.871214 0.472172
vt 0.862876 0.471088
vt 0.895886 0.384824
vt 0.887349 0.374443
vt 0.485785 0.557054
vt 0.473259 0.565042
vt 0.514895 0.537336
vt 0.538265 0.510602
vt 0.456494 0.571970
vt 0.439427 0.458745
vt 0.432326 0.458802
vt 0.007288 0.791447
vt 0.010418 0.791362
vt 0.002631 0.791491
vt 0.427709 0.458845
vt 0.424389 0.599009
vt 0.453540 0.565366
vt 0.448905 0.566329
vt 0.447375 0.499752
vt 0.453151 0.499689
vt 0.449080 0.458779
vt 0.454252 0.458676
vt 0.331779 0.446613
vt 0.322678 0.444681
vt 0.333310 0.444596
vt 0.522814 0.033141
vt 0.521626 0.108319
vt 0.520739 0.033520
vt 0.519106 0.108248
vt 0.521584 0.154402
vt 0.519144 0.154278
vt 0.460553 0.562876
vt 0.459419 0.499504
vt 0.459700 0.458595
vt 0.496401 0.458203
vt 0.497327 0.495740
vt 0.486684 0.458310
vt 0.487001 0.497551
vt 0.476664 0.458423
vt 0.475965 0.498622
vt 0.485765 0.545378
vt 0.473703 0.553461
vt 0.503436 0.477114
vt 0.505888 0.480769
vt 0.501044 0.458208
vt 0.509289 0.483043
vt 0.538267 0.492418
vt 0.503708 0.532641
vt 0.445484 0.499773
vt 0.447228 0.458749
vt 0.442855 0.598806
vt 0.456494 0.571970
vt 0.460553 0.562876
vt 0.473259 0.565042
vt 0.473703 0.553461
vt 0.485785 0.557054
vt 0.485765 0.545378
vt 0.514895 0.537336
vt 0.503708 0.532641
vt 0.538265 0.510602
vt 0.887349 0.374443
vt 0.932564 0.376760
vt 0.895886 0.384824
vt 0.924734 0.388532
vt 0.895886 0.384824
vt 0.932564 0.376760
vt 0.778462 0.216785
vt 0.781354 0.215988
vt 0.778510 0.221269
vt 0.781402 0.220472
vt 0.778446 0.225022
vt 0.781338 0.224225
vt 0.778434 0.226982
vt 0.781402 0.226982
vt 0.778165 0.232027
vt 0.781133 0.232027
vt 0.777041 0.335534
vt 0.780009 0.335534
vt 0.777778 0.170244
vt 0.780670 0.169447
vt 0.777849 0.174665
vt 0.780741 0.173867
vt 0.730427 0.451075
vt 0.728433 0.432798
vt 0.733445 0.451075
vt 0.731450 0.432798
vt 0.731524 0.469299
vt 0.734542 0.469299
vt 0.732184 0.501660
vt 0.735202 0.501660
vt 0.732276 0.532279
vt 0.735293 0.532279
vt 0.731849 0.535489
vt 0.734867 0.535489
vt 0.777733 0.167008
vt 0.780625 0.166211
vt 0.730108 0.423597
vt 0.727090 0.423597
vt 0.177777 0.641212
vt 0.177663 0.636368
vt 0.180710 0.642015
vt 0.180596 0.637170
vt 0.177805 0.648063
vt 0.180738 0.648865
vt 0.177368 0.677430
vt 0.180301 0.678233
vt 0.780333 0.338792
vt 0.780992 0.341406
vt 0.777365 0.338792
vt 0.778024 0.341406
vt 0.440185 0.423323
vt 0.448861 0.423240
vt 0.442730 0.388876
vt 0.451018 0.388804
vt 0.445401 0.354426
vt 0.454032 0.354353
vt 0.448867 0.319967
vt 0.457058 0.319730
vt 0.451972 0.289212
vt 0.460064 0.289209
vt 0.434552 0.423386
vt 0.437185 0.388937
vt 0.440808 0.354476
vt 0.443954 0.320021
vt 0.446695 0.289270
vt 0.450317 0.258434
vt 0.432556 0.388988
vt 0.435599 0.354533
vt 0.439050 0.320075
vt 0.442152 0.289320
vt 0.444932 0.259660
vt 0.010418 0.791362
vt 0.007288 0.791447
vt 0.006178 0.827343
vt 0.010407 0.862225
vt 0.005955 0.862274
vt 0.011392 0.897162
vt 0.006966 0.897206
vt 0.012462 0.932101
vt 0.008246 0.932143
vt 0.014275 0.963289
vt 0.010175 0.963324
vt 0.016085 0.992704
vt 0.012363 0.993395
vt 0.528506 0.288534
vt 0.532065 0.318760
vt 0.518234 0.288647
vt 0.519649 0.318897
vt 0.521702 0.250187
vt 0.514991 0.250297
vt 0.487244 0.422534
vt 0.477599 0.422640
vt 0.489022 0.388406
vt 0.478536 0.388521
vt 0.493407 0.353942
vt 0.479605 0.354094
vt 0.500092 0.319112
vt 0.481281 0.319319
vt 0.462066 0.422811
vt 0.465553 0.388664
vt 0.470558 0.354194
vt 0.476176 0.319375
vt 0.482127 0.289044
vt 0.456221 0.422875
vt 0.459737 0.388728
vt 0.463802 0.354268
vt 0.468076 0.319464
vt 0.472163 0.289154
vt 0.485491 0.250705
vt 0.476676 0.252677
vt 0.450518 0.423086
vt 0.453537 0.388796
vt 0.457509 0.354337
vt 0.461432 0.319537
vt 0.465094 0.289232
vt 0.468093 0.254650
vt 0.517568 0.194315
vt 0.520201 0.194241
vt 0.451018 0.388804
vt 0.520153 0.232923
vt 0.454032 0.354353
vt 0.457058 0.319730
vt 0.460064 0.289209
vt 0.463414 0.255818
vt 0.507150 0.847635
vt 0.507204 0.843402
vt 0.535264 0.847296
vt 0.535248 0.843402
vt 0.564627 0.417976
vt 0.562528 0.417738
vt 0.564528 0.387497
vt 0.786961 0.062166
vt 0.783996 0.061507
vt 0.786859 0.031306
vt 0.503780 0.457172
vt 0.501044 0.458208
vt 0.503631 0.422337
vt 0.501987 0.422394
vt 0.504807 0.387996
vt 0.503042 0.388163
vt 0.505872 0.375668
vt 0.503995 0.375668
vt 0.508308 0.366172
vt 0.506523 0.364619
vt 0.514084 0.358773
vt 0.512300 0.357220
vt 0.522811 0.354599
vt 0.521473 0.352597
vt 0.510194 0.457143
vt 0.508151 0.457114
vt 0.509990 0.422307
vt 0.508025 0.422179
vt 0.511044 0.388075
vt 0.509079 0.387888
vt 0.511852 0.376059
vt 0.509675 0.375885
vt 0.513675 0.369468
vt 0.511698 0.368282
vt 0.518737 0.363026
vt 0.516754 0.361288
vt 0.525733 0.359812
vt 0.523748 0.357843
vt 0.508025 0.422179
vt 0.508151 0.457114
vt 0.503631 0.422337
vt 0.503780 0.457172
vt 0.509079 0.387888
vt 0.504807 0.387996
vt 0.511698 0.368282
vt 0.509675 0.375885
vt 0.508308 0.366172
vt 0.505872 0.375668
vt 0.523748 0.357843
vt 0.516754 0.361288
vt 0.522811 0.354599
vt 0.514084 0.358773
vt 0.501987 0.422394
vt 0.503042 0.388163
vt 0.503995 0.375668
vt 0.506523 0.364619
vt 0.512300 0.357220
vt 0.521473 0.352597
vt 0.535265 0.351767
vt 0.538482 0.357109
vt 0.538482 0.357109
vt 0.538294 0.353732
vt 0.538294 0.353732
vt 0.535265 0.351767
vt 0.429531 0.423441
vt 0.427709 0.458845
vt 0.550771 0.761467
vt 0.548887 0.597382
vt 0.538267 0.492418
vt 0.525839 0.485343
vt 0.540404 0.487919
vt 0.509222 0.470756
vt 0.511337 0.470205
vt 0.547651 0.489752
vt 0.541851 0.488175
vt 0.547651 0.489752
vt 0.541851 0.488175
vt 0.545423 0.483702
vt 0.547527 0.482135
vt 0.511333 0.474394
vt 0.513388 0.473429
vt 0.514393 0.476650
vt 0.516388 0.475272
vt 0.540394 0.482829
vt 0.540404 0.487919
vt 0.528618 0.480784
vt 0.525839 0.485343
vt 0.540389 0.480896
vt 0.540394 0.482829
vt 0.530722 0.479217
vt 0.528618 0.480784
vt 0.508378 0.478895
vt 0.505888 0.480769
vt 0.506097 0.475440
vt 0.503436 0.477114
vt 0.509222 0.470756
vt 0.511333 0.474394
vt 0.506097 0.475440
vt 0.508378 0.478895
vt 0.509289 0.483043
vt 0.511609 0.480967
vt 0.511609 0.480967
vt 0.514393 0.476650
vt 0.533014 0.944575
vt 0.523877 0.250163
vt 0.531840 0.288498
vt 0.535741 0.318720
vt 0.538104 0.351738
vt 0.538104 0.351738
vt 0.862580 0.630282
vt 0.868742 0.635340
vt 0.463414 0.255818
vt 0.514885 0.241474
vt 0.487532 0.242060
vt 0.514828 0.236844
vt 0.507204 0.843402
vt 0.506932 0.837221
vt 0.535248 0.843402
vt 0.535284 0.837221
vt 0.550825 0.797945
vt 0.419355 0.782855
vt 0.275477 0.784160
vt 0.275528 0.622080
vt 0.419355 0.961194
vt 0.334735 0.961258
vt 0.419355 0.820828
vt 0.334830 0.820768
vt 0.283572 0.346821
vt 0.419355 0.346821
vt 0.335746 0.379518
vt 0.419355 0.379496
vt 0.286104 0.316968
vt 0.305602 0.316967
vt 0.305597 0.279103
vt 0.287648 0.279102
vt 0.419355 0.508250
vt 0.335621 0.508250
vt 0.057560 0.637312
vt 0.057571 0.573790
vt 0.084209 0.635734
vt 0.084210 0.573887
vt 0.723160 0.631941
vt 0.723169 0.689830
vt 0.704301 0.630971
vt 0.704301 0.689798
vt 0.930156 0.992686
vt 0.911919 0.998000
vt 0.912492 0.869548
vt 0.674809 0.689798
vt 0.674809 0.629510
vt 0.271556 0.541946
vt 0.212372 0.541946
vt 0.271556 0.512448
vt 0.212020 0.512449
vt 0.959122 0.978406
vt 0.977067 0.951557
vt 0.271556 0.575792
vt 0.210676 0.575792
vt 0.271556 0.604917
vt 0.209000 0.604917
vt 0.028409 0.573790
vt 0.028409 0.635634
vt 0.964904 0.890366
vt 0.938055 0.872421
vt 0.979184 0.919332
vt 0.276537 0.820193
vt 0.419355 0.972583
vt 0.334565 0.972561
vt 0.084197 0.512093
vt 0.084210 0.565242
vt 0.044029 0.512021
vt 0.044029 0.565849
vt 0.030247 0.512021
vt 0.030247 0.567528
vt 0.727090 0.002503
vt 0.779877 0.002503
vt 0.727090 0.021939
vt 0.780987 0.021939
vt 0.781244 0.064326
vt 0.727090 0.064326
vt 0.727090 0.084958
vt 0.782219 0.084958
vt 0.005744 0.103719
vt 0.004664 0.077805
vt 0.063843 0.103719
vt 0.063843 0.077805
vt 0.063873 0.033039
vt 0.002000 0.033018
vt 0.050204 0.807278
vt 0.160519 0.806610
vt 0.050204 0.807278
vt 0.160519 0.806610
vt 0.043901 0.846014
vt 0.184671 0.846059
vt 0.043901 0.846014
vt 0.160519 0.806610
vt 0.419355 0.997938
vt 0.334925 0.998000
vt 0.469258 0.185058
vt 0.441350 0.163015
vt 0.462786 0.169319
vt 0.310831 0.998000
vt 0.288134 0.972661
vt 0.325953 0.998000
vt 0.285744 0.965032
vt 0.284549 0.961210
vt 0.778289 0.145133
vt 0.781402 0.135052
vt 0.778084 0.156130
vt 0.456302 0.194932
vt 0.459543 0.189193
vt 0.474813 0.189450
vt 0.976574 0.981750
vt 0.979184 0.986470
vt 0.964386 0.986426
vt 0.451945 0.190635
vt 0.602197 0.404810
vt 0.568163 0.386250
vt 0.588338 0.375066
vt 0.568277 0.374220
vt 0.566965 0.367516
vt 0.561464 0.356236
vt 0.444241 0.189422
vt 0.566597 0.420424
vt 0.580497 0.464372
vt 0.563732 0.455104
vt 0.599327 0.437498
vt 0.561595 0.468026
vt 0.295150 0.214045
vt 0.327014 0.214073
vt 0.313897 0.220227
vt 0.511337 0.470205
vt 0.521366 0.480241
vt 0.513388 0.473429
vt 0.578412 0.071654
vt 0.578482 0.081618
vt 0.577390 0.074932
vt 0.776989 0.128517
vt 0.353589 0.279104
vt 0.373222 0.265538
vt 0.419355 0.279106
vt 0.419355 0.263833
vt 0.419355 0.316961
vt 0.353589 0.279104
vt 0.419355 0.279106
vt 0.342394 0.268293
vt 0.328119 0.270355
vt 0.200863 0.630580
vt 0.190521 0.656641
vt 0.192385 0.606878
vt 0.201300 0.617698
vt 0.201554 0.607221
vt 0.591283 0.223706
vt 0.597463 0.220639
vt 0.600998 0.229102
vt 0.583795 0.227309
vt 0.294611 0.261846
vt 0.300487 0.264990
vt 0.305597 0.279103
vt 0.287648 0.279102
vt 0.290910 0.263243
vt 0.444465 0.085957
vt 0.446600 0.083307
vt 0.446276 0.101737
vt 0.443436 0.101023
vt 0.442049 0.090195
vt 0.514828 0.236844
vt 0.523877 0.250163
vt 0.514885 0.241474
vt 0.514991 0.250297
vt 0.521702 0.250187
vt 0.456522 0.598651
vt 0.447143 0.566734
vt 0.543193 0.801199
vt 0.547527 0.482135
vt 0.545423 0.483702
vt 0.777933 0.164250
vt 0.581258 0.059384
vt 0.581428 0.057447
vt 0.586392 0.058261
vt 0.586429 0.056303
vt 0.592185 0.055754
vt 0.597328 0.056155
vt 0.592283 0.057733
vt 0.597115 0.058189
vt 0.474790 0.112252
vt 0.474808 0.124508
vt 0.472983 0.112197
vt 0.473002 0.124452
vt 0.469529 0.107044
vt 0.463417 0.107606
vt 0.469313 0.105125
vt 0.463102 0.105649
vt 0.441917 0.104895
vt 0.456639 0.105831
vt 0.443435 0.107004
vt 0.047623 0.783866
vt 0.047650 0.797878
vt 0.045689 0.785092
vt 0.179627 0.687406
vt 0.177697 0.685163
vt 0.179558 0.682518
vt 0.177581 0.680194
vt 0.488474 0.926049
vt 0.485893 0.926040
vt 0.484424 0.921516
vt 0.481871 0.921580
vt 0.478361 0.846083
vt 0.477032 0.858449
vt 0.475743 0.846091
vt 0.474480 0.858387
vt 0.482153 0.833810
vt 0.486754 0.829326
vt 0.484583 0.833911
vt 0.489159 0.829409
vt 0.507142 0.817995
vt 0.494389 0.825228
vt 0.505363 0.817328
vt 0.747006 0.263664
vt 0.747132 0.248374
vt 0.749050 0.261663
vt 0.500228 0.929600
vt 0.497760 0.932339
vt 0.495760 0.927144
vt 0.493117 0.929828
vt 0.488474 0.926049
vt 0.484424 0.921516
vt 0.491292 0.923420
vt 0.488030 0.919131
vt 0.483656 0.847140
vt 0.482447 0.858390
vt 0.478361 0.846083
vt 0.477032 0.858449
vt 0.484583 0.833911
vt 0.489159 0.829409
vt 0.488959 0.836179
vt 0.493265 0.831706
vt 0.510253 0.820191
vt 0.498225 0.827555
vt 0.507142 0.817995
vt 0.494389 0.825228
vt 0.474785 0.897328
vt 0.477307 0.897375
vt 0.477307 0.897375
vt 0.482722 0.897315
vt 0.474534 0.166895
vt 0.472727 0.166842
vt 0.475906 0.906818
vt 0.478430 0.906772
vt 0.478430 0.906772
vt 0.483334 0.905672
vt 0.472872 0.175950
vt 0.474673 0.175646
vt 0.478267 0.839717
vt 0.480791 0.839764
vt 0.480791 0.839764
vt 0.485627 0.841426
vt 0.472956 0.105972
vt 0.474751 0.106390
vt 0.299429 0.494473
vt 0.299589 0.457484
vt 0.301099 0.491998
vt 0.543180 0.806929
vt 0.512340 0.820299
vt 0.543182 0.806160
vt 0.543182 0.806160
vt 0.543190 0.802301
vt 0.550750 0.802978
vt 0.550810 0.798983
vt 0.748756 0.208139
vt 0.749136 0.247189
vt 0.543190 0.802301
vt 0.543193 0.801199
vt 0.474785 0.897328
vt 0.474480 0.858387
vt 0.475906 0.906818
vt 0.505363 0.817328
vt 0.177789 0.724888
vt 0.180738 0.724684
vt 0.534053 0.941341
vt 0.533257 0.943780
vt 0.084210 0.565242
vt 0.084027 0.567007
vt 0.049594 0.570238
vt 0.048642 0.571829
vt 0.495348 0.932436
vt 0.490620 0.929872
vt 0.481871 0.921580
vt 0.478313 0.916307
vt 0.475743 0.846091
vt 0.478267 0.839717
vt 0.482153 0.833810
vt 0.492010 0.825164
vt 0.486754 0.829326
vt 0.044029 0.565849
vt 0.084210 0.565242
vt 0.049594 0.570238
vt 0.044816 0.570910
vt 0.541116 0.451816
vt 0.544295 0.465015
vt 0.539680 0.460898
vt 0.541124 0.442846
vt 0.538278 0.399589
vt 0.548235 0.442880
vt 0.545069 0.395534
vt 0.535911 0.387207
vt 0.131000 0.750250
vt 0.139642 0.741311
vt 0.137971 0.748784
vt 0.752538 0.306504
vt 0.747891 0.341406
vt 0.747791 0.301300
vt 0.160640 0.631662
vt 0.161691 0.584839
vt 0.165651 0.621115
vt 0.890717 0.428711
vt 0.890580 0.410798
vt 0.896060 0.418935
vt 0.537306 0.466605
vt 0.534345 0.471450
vt 0.562681 0.630104
vt 0.563009 0.659236
vt 0.556902 0.642633
vt 0.556831 0.627610
vt 0.782219 0.084958
vt 0.781244 0.064326
vt 0.786961 0.072382
vt 0.144607 0.748742
vt 0.150852 0.750279
vt 0.013658 0.006814
vt 0.013510 0.010768
vt 0.013256 0.006046
vt 0.013234 0.011787
vt 0.282954 0.964246
vt 0.282882 0.961838
vt 0.550639 0.803738
vt 0.550750 0.802978
vt 0.550810 0.798983
vt 0.550825 0.797945
vt 0.165795 0.629144
vt 0.591743 0.511708
vt 0.590448 0.510079
vt 0.597271 0.510191
vt 0.602585 0.057123
vt 0.602061 0.059211
vt 0.480840 0.916170
vt 0.478313 0.916307
vt 0.485233 0.914028
vt 0.480840 0.916170
vt 0.125627 0.705240
vt 0.127962 0.706924
vt 0.125668 0.711160
vt 0.128043 0.712937
vt 0.485893 0.926040
vt 0.474813 0.184397
vt 0.473017 0.185058
vt 0.474693 0.101035
vt 0.472911 0.100256
vt 0.457053 0.107827
vt 0.747478 0.270224
vt 0.749557 0.268212
vt 0.896097 0.413058
vt 0.556511 0.649080
vt 0.280941 0.379436
vt 0.275562 0.515764
vt 0.275648 0.508240
vt 0.762969 0.193916
vt 0.758554 0.193915
vt 0.767007 0.192586
vt 0.770449 0.190065
vt 0.767007 0.192586
vt 0.772943 0.186603
vt 0.767007 0.192586
vt 0.758554 0.193915
vt 0.772943 0.186603
vt 0.774246 0.182540
vt 0.774229 0.178273
vt 0.772894 0.174218
vt 0.774229 0.178273
vt 0.770371 0.170769
vt 0.774229 0.178273
vt 0.772943 0.186603
vt 0.770371 0.170769
vt 0.767307 0.168629
vt 0.770371 0.170769
vt 0.764117 0.167458
vt 0.759142 0.167466
vt 0.764117 0.167458
vt 0.755918 0.167992
vt 0.764117 0.167458
vt 0.770371 0.170769
vt 0.755918 0.167992
vt 0.770371 0.170769
vt 0.772943 0.186603
vt 0.755918 0.167992
vt 0.772943 0.186603
vt 0.758554 0.193915
vt 0.755918 0.167992
vt 0.753093 0.169424
vt 0.755918 0.167992
vt 0.749352 0.173546
vt 0.747588 0.178528
vt 0.749352 0.173546
vt 0.747937 0.184380
vt 0.749352 0.173546
vt 0.755918 0.167992
vt 0.747937 0.184380
vt 0.755918 0.167992
vt 0.758554 0.193915
vt 0.747937 0.184380
vt 0.758554 0.193915
vt 0.754401 0.192595
vt 0.747937 0.184380
vt 0.754401 0.192595
vt 0.750991 0.189851
vt 0.747937 0.184380
vt 0.317627 0.238424
vt 0.320354 0.222413
vt 0.321756 0.238418
vt 0.327014 0.222429
vt 0.321756 0.238418
vt 0.320354 0.222413
vt 0.602535 0.131414
vt 0.586159 0.137427
vt 0.602585 0.125900
vt 0.586229 0.129294
vt 0.602585 0.125900
vt 0.586159 0.137427
vt 0.602585 0.125900
vt 0.586229 0.129294
vt 0.602524 0.119504
vt 0.586177 0.119589
vt 0.602524 0.119504
vt 0.586229 0.129294
vt 0.602524 0.119504
vt 0.586177 0.119589
vt 0.602432 0.113708
vt 0.586083 0.110680
vt 0.602432 0.113708
vt 0.586177 0.119589
vt 0.602432 0.113708
vt 0.586083 0.110680
vt 0.602387 0.108524
vt 0.586027 0.102974
vt 0.602387 0.108524
vt 0.586083 0.110680
vt 0.451498 0.212985
vt 0.445728 0.196948
vt 0.454313 0.213281
vt 0.450664 0.197229
vt 0.454313 0.213281
vt 0.445728 0.196948
vt 0.454313 0.213281
vt 0.450664 0.197229
vt 0.457711 0.213422
vt 0.455784 0.197357
vt 0.457711 0.213422
vt 0.450664 0.197229
vt 0.457711 0.213422
vt 0.455784 0.197357
vt 0.463089 0.213056
vt 0.463129 0.196975
vt 0.463089 0.213056
vt 0.455784 0.197357
vt 0.463089 0.213056
vt 0.463129 0.196975
vt 0.466734 0.213018
vt 0.469099 0.196918
vt 0.466734 0.213018
vt 0.463129 0.196975
vt 0.466734 0.213018
vt 0.469099 0.196918
vt 0.470404 0.213011
vt 0.474813 0.196893
vt 0.470404 0.213011
vt 0.469099 0.196918
vt 0.766823 0.311541
vt 0.767734 0.327851
vt 0.762551 0.311527
vt 0.761182 0.327802
vt 0.762551 0.311527
vt 0.767734 0.327851
vt 0.317181 0.110712
vt 0.321730 0.126691
vt 0.313059 0.110736
vt 0.315460 0.126726
vt 0.313059 0.110736
vt 0.321730 0.126691
vt 0.313059 0.110736
vt 0.315460 0.126726
vt 0.308493 0.110742
vt 0.308510 0.126738
vt 0.308493 0.110742
vt 0.315460 0.126726
vt 0.308493 0.110742
vt 0.308510 0.126738
vt 0.303927 0.110731
vt 0.301559 0.126726
vt 0.303927 0.110731
vt 0.308510 0.126738
vt 0.303927 0.110731
vt 0.301559 0.126726
vt 0.299807 0.110702
vt 0.295289 0.126691
vt 0.299807 0.110702
vt 0.301559 0.126726
vt 0.565410 0.119142
vt 0.564031 0.102868
vt 0.569675 0.119088
vt 0.570523 0.102778
vt 0.569675 0.119088
vt 0.564031 0.102868
vt 0.304052 0.238257
vt 0.299622 0.222188
vt 0.308180 0.238309
vt 0.305928 0.222257
vt 0.308180 0.238309
vt 0.299622 0.222188
vt 0.308180 0.238309
vt 0.305928 0.222257
vt 0.312935 0.238421
vt 0.313073 0.222388
vt 0.312935 0.238421
vt 0.305928 0.222257
vt 0.312935 0.238421
vt 0.313073 0.222388
vt 0.317627 0.238424
vt 0.320354 0.222413
vt 0.317627 0.238424
vt 0.313073 0.222388
vt 0.557774 0.601873
vt 0.610716 0.519364
vt 0.610495 0.601873
vt 0.572552 0.519432
vt 0.597124 0.519464
vt 0.563144 0.520966
vt 0.298658 0.935833
vt 0.297301 0.951299
vt 0.299228 0.913268
vt 0.563144 0.520966
vt 0.597124 0.519464
vt 0.559748 0.559392
vt 0.298699 0.886914
vt 0.299228 0.913268
vt 0.297144 0.871882
vt 0.559748 0.559392
vt 0.597124 0.519464
vt 0.557774 0.601873
vt 0.557774 0.601873
vt 0.597124 0.519464
vt 0.610716 0.519364
vt 0.154274 0.498937
vt 0.170798 0.524070
vt 0.128706 0.498656
vt 0.145105 0.523788
vt 0.128706 0.498656
vt 0.145105 0.523788
vt 0.114927 0.499398
vt 0.124987 0.523662
vt 0.114927 0.499398
vt 0.145105 0.523788
vt 0.925682 0.497355
vt 0.899896 0.503610
vt 0.926356 0.419581
vt 0.899958 0.419581
vt 0.926356 0.419581
vt 0.899896 0.503610
vt 0.297144 0.871882
vt 0.330224 0.866713
vt 0.298699 0.886914
vt 0.331320 0.882340
vt 0.298699 0.886914
vt 0.330224 0.866713
vt 0.298699 0.886914
vt 0.331320 0.882340
vt 0.299228 0.913268
vt 0.331852 0.908961
vt 0.299228 0.913268
vt 0.331320 0.882340
vt 0.299228 0.913268
vt 0.331852 0.908961
vt 0.298658 0.935833
vt 0.331281 0.931783
vt 0.298658 0.935833
vt 0.331852 0.908961
vt 0.298658 0.935833
vt 0.331281 0.931783
vt 0.297301 0.951299
vt 0.330589 0.946661
vt 0.297301 0.951299
vt 0.331281 0.931783
vt 0.297301 0.951299
vt 0.330589 0.946661
vt 0.328942 0.953713
vt 0.163590 0.497876
vt 0.184671 0.522324
vt 0.154274 0.498937
vt 0.170798 0.524070
vt 0.154274 0.498937
vt 0.184671 0.522324
vt 0.292221 0.848253
vt 0.292209 0.834028
vt 0.298380 0.848119
vt 0.300782 0.834205
vt 0.298380 0.848119
vt 0.292209 0.834028
vt 0.298380 0.848119
vt 0.300782 0.834205
vt 0.308078 0.847775
vt 0.309226 0.834547
vt 0.308078 0.847775
vt 0.300782 0.834205
vt 0.309226 0.834547
vt 0.313705 0.834937
vt 0.308078 0.847775
vt 0.320273 0.846699
vt 0.308078 0.847775
vt 0.313705 0.834937
vt 0.313705 0.834937
vt 0.326162 0.837057
vt 0.320273 0.846699
vt 0.324316 0.845574
vt 0.320273 0.846699
vt 0.326162 0.837057
vt 0.324316 0.845574
vt 0.326162 0.837057
vt 0.327260 0.844496
vt 0.330653 0.839578
vt 0.327260 0.844496
vt 0.326162 0.837057
vt 0.331852 0.841121
vt 0.330839 0.842483
vt 0.330653 0.839578
vt 0.327260 0.844496
vt 0.330653 0.839578
vt 0.330839 0.842483
vt 0.463011 0.093799
vt 0.466595 0.101737
vt 0.455005 0.094520
vt 0.451460 0.101676
vt 0.455005 0.094520
vt 0.466595 0.101737
vt 0.462087 0.093058
vt 0.463011 0.093799
vt 0.459435 0.092430
vt 0.455005 0.094520
vt 0.459435 0.092430
vt 0.463011 0.093799
vt 0.759824 0.333933
vt 0.758501 0.334516
vt 0.758693 0.330843
vt 0.757312 0.331270
vt 0.758693 0.330843
vt 0.758501 0.334516
vt 0.758693 0.330843
vt 0.757312 0.331270
vt 0.757521 0.326633
vt 0.756091 0.326883
vt 0.757521 0.326633
vt 0.757312 0.331270
vt 0.757521 0.326633
vt 0.756091 0.326883
vt 0.756430 0.314268
vt 0.754985 0.314354
vt 0.756430 0.314268
vt 0.756091 0.326883
vt 0.756430 0.314268
vt 0.754985 0.314354
vt 0.756084 0.304511
vt 0.754637 0.304551
vt 0.756084 0.304511
vt 0.754637 0.304551
vt 0.755948 0.298245
vt 0.754499 0.298183
vt 0.755948 0.298245
vt 0.754637 0.304551
vt 0.450099 0.092337
vt 0.448560 0.091999
vt 0.453988 0.084467
vt 0.452834 0.083326
vt 0.453988 0.084467
vt 0.448560 0.091999
vt 0.453988 0.084467
vt 0.452834 0.083326
vt 0.459295 0.081958
vt 0.459122 0.080348
vt 0.459295 0.081958
vt 0.452834 0.083326
vt 0.459295 0.081958
vt 0.459122 0.080348
vt 0.462727 0.082769
vt 0.463428 0.081363
vt 0.462727 0.082769
vt 0.459122 0.080348
vt 0.462727 0.082769
vt 0.463428 0.081363
vt 0.464153 0.083924
vt 0.465415 0.082982
vt 0.464153 0.083924
vt 0.463428 0.081363
vt 0.464153 0.083924
vt 0.465415 0.082982
vt 0.467988 0.092428
vt 0.469529 0.092121
vt 0.467988 0.092428
vt 0.465415 0.082982
vt 0.772795 0.298240
vt 0.774246 0.298184
vt 0.772613 0.306918
vt 0.774059 0.306960
vt 0.772613 0.306918
vt 0.774246 0.298184
vt 0.772613 0.306918
vt 0.774059 0.306960
vt 0.772268 0.315419
vt 0.773713 0.315505
vt 0.772268 0.315419
vt 0.774059 0.306960
vt 0.772268 0.315419
vt 0.773713 0.315505
vt 0.771872 0.319987
vt 0.773309 0.320163
vt 0.771872 0.319987
vt 0.773713 0.315505
vt 0.771872 0.319987
vt 0.773309 0.320163
vt 0.769702 0.332731
vt 0.771089 0.333202
vt 0.769702 0.332731
vt 0.773309 0.320163
vt 0.769702 0.332731
vt 0.771089 0.333202
vt 0.766946 0.337638
vt 0.768077 0.338563
vt 0.766946 0.337638
vt 0.771089 0.333202
vt 0.766946 0.337638
vt 0.768077 0.338563
vt 0.764405 0.339615
vt 0.764422 0.341406
vt 0.764405 0.339615
vt 0.768077 0.338563
vt 0.764405 0.339615
vt 0.764422 0.341406
vt 0.762021 0.337836
vt 0.760898 0.338774
vt 0.762021 0.337836
vt 0.764422 0.341406
vt 0.762021 0.337836
vt 0.760898 0.338774
vt 0.759824 0.333933
vt 0.758501 0.334516
vt 0.759824 0.333933
vt 0.760898 0.338774
vt 0.895522 0.596116
vt 0.884236 0.602156
vt 0.895994 0.593079
vt 0.884724 0.598973
vt 0.895994 0.593079
vt 0.884236 0.602156
vt 0.895994 0.593079
vt 0.884724 0.598973
vt 0.896648 0.588911
vt 0.885400 0.594640
vt 0.896648 0.588911
vt 0.884724 0.598973
vt 0.896648 0.588911
vt 0.885400 0.594640
vt 0.898227 0.576198
vt 0.887000 0.581775
vt 0.898227 0.576198
vt 0.898227 0.576198
vt 0.887000 0.581775
vt 0.899373 0.566049
vt 0.888150 0.571583
vt 0.899373 0.566049
vt 0.888150 0.571583
vt 0.900658 0.559803
vt 0.889188 0.565147
vt 0.900658 0.559803
vt 0.888150 0.571583
vt 0.900658 0.559803
vt 0.889188 0.565147
vt 0.894796 0.555719
vt 0.882715 0.560728
vt 0.894796 0.555719
vt 0.889188 0.565147
vt 0.455005 0.094520
vt 0.453988 0.084467
vt 0.459435 0.092430
vt 0.459295 0.081958
vt 0.459435 0.092430
vt 0.453988 0.084467
vt 0.459435 0.092430
vt 0.459295 0.081958
vt 0.462087 0.093058
vt 0.462727 0.082769
vt 0.462087 0.093058
vt 0.459295 0.081958
vt 0.316811 0.490657
vt 0.316802 0.503463
vt 0.315753 0.490300
vt 0.315195 0.502854
vt 0.315753 0.490300
vt 0.316802 0.503463
vt 0.121506 0.754895
vt 0.109587 0.749830
vt 0.128043 0.750513
vt 0.116608 0.745183
vt 0.128043 0.750513
vt 0.109587 0.749830
vt 0.128043 0.750513
vt 0.116608 0.745183
vt 0.126410 0.741776
vt 0.115203 0.736268
vt 0.126410 0.741776
vt 0.116608 0.745183
vt 0.126410 0.741776
vt 0.115203 0.736268
vt 0.125353 0.732972
vt 0.114140 0.727422
vt 0.125353 0.732972
vt 0.114140 0.727422
vt 0.124891 0.728267
vt 0.113663 0.722635
vt 0.124891 0.728267
vt 0.114140 0.727422
vt 0.124891 0.728267
vt 0.113663 0.722635
vt 0.122966 0.715410
vt 0.111698 0.709506
vt 0.122966 0.715410
vt 0.111698 0.709506
vt 0.122375 0.710738
vt 0.111065 0.704408
vt 0.122375 0.710738
vt 0.111698 0.709506
vt 0.178619 0.634407
vt 0.177746 0.621867
vt 0.180440 0.633697
vt 0.180738 0.620695
vt 0.180440 0.633697
vt 0.177746 0.621867
vt 0.180326 0.605735
vt 0.180738 0.618734
vt 0.178724 0.605162
vt 0.177947 0.617715
vt 0.178724 0.605162
vt 0.180738 0.618734
vt 0.895065 0.599849
vt 0.883743 0.606221
vt 0.895522 0.596116
vt 0.884236 0.602156
vt 0.895522 0.596116
vt 0.883743 0.606221
vt 0.782279 0.997976
vt 0.783396 0.907117
vt 0.907998 0.998000
vt 0.907998 0.907102
vt 0.907998 0.998000
vt 0.783396 0.907117
vt 0.755156 0.272171
vt 0.770732 0.281386
vt 0.751480 0.274046
vt 0.774117 0.290509
vt 0.751480 0.274046
vt 0.770732 0.281386
vt 0.757171 0.268555
vt 0.769266 0.271370
vt 0.755156 0.272171
vt 0.770732 0.281386
vt 0.755156 0.272171
vt 0.769266 0.271370
vt 0.755463 0.207606
vt 0.768471 0.222251
vt 0.757171 0.268555
vt 0.769266 0.271370
vt 0.757171 0.268555
vt 0.768471 0.222251
vt 0.795867 0.634829
vt 0.736039 0.634829
vt 0.795677 0.562819
vt 0.735426 0.562819
vt 0.795677 0.562819
vt 0.736039 0.634829
vt 0.795636 0.532279
vt 0.735293 0.532279
vt 0.795608 0.501660
vt 0.735202 0.501660
vt 0.795608 0.501660
vt 0.735293 0.532279
vt 0.751480 0.274046
vt 0.774117 0.290509
vt 0.746460 0.272191
vt 0.607878 0.472528
vt 0.611091 0.469925
vt 0.608872 0.492311
vt 0.612441 0.495139
vt 0.608872 0.492311
vt 0.611091 0.469925
vt 0.602451 0.474013
vt 0.607878 0.472528
vt 0.604575 0.491230
vt 0.608872 0.492311
vt 0.604575 0.491230
vt 0.607878 0.472528
vt 0.564163 0.494368
vt 0.564383 0.476873
vt 0.604575 0.491230
vt 0.602451 0.474013
vt 0.604575 0.491230
vt 0.564383 0.476873
vt 0.559921 0.495454
vt 0.560082 0.476460
vt 0.564163 0.494368
vt 0.564383 0.476873
vt 0.564163 0.494368
vt 0.560082 0.476460
vt 0.556531 0.474231
vt 0.560082 0.476460
vt 0.556817 0.497433
vt 0.559921 0.495454
vt 0.556817 0.497433
vt 0.560082 0.476460
vt 0.554747 0.470500
vt 0.556531 0.474231
vt 0.555256 0.500597
vt 0.556817 0.497433
vt 0.555256 0.500597
vt 0.556531 0.474231
vt 0.612441 0.495139
vt 0.611091 0.469925
vt 0.613824 0.500193
vt 0.612563 0.463904
vt 0.613824 0.500193
vt 0.611091 0.469925
vt 0.611594 0.609781
vt 0.614178 0.607161
vt 0.614076 0.684196
vt 0.619583 0.689830
vt 0.614076 0.684196
vt 0.614178 0.607161
vt 0.684113 0.305449
vt 0.624925 0.305449
vt 0.684124 0.177724
vt 0.624933 0.178046
vt 0.684124 0.177724
vt 0.624925 0.305449
vt 0.583783 0.614470
vt 0.611594 0.609781
vt 0.578187 0.656668
vt 0.614076 0.684196
vt 0.578187 0.656668
vt 0.611594 0.609781
vt 0.577329 0.611699
vt 0.583783 0.614470
vt 0.566297 0.652326
vt 0.578187 0.656668
vt 0.566297 0.652326
vt 0.583783 0.614470
vt 0.896090 0.430671
vt 0.896097 0.488409
vt 0.883613 0.441046
vt 0.577329 0.611699
vt 0.566297 0.652326
vt 0.572789 0.607703
vt 0.956737 0.298290
vt 0.964275 0.241981
vt 0.964544 0.307829
vt 0.784192 0.374968
vt 0.731450 0.432798
vt 0.760670 0.376451
vt 0.795062 0.451075
vt 0.733445 0.451075
vt 0.794443 0.432798
vt 0.731450 0.432798
vt 0.794443 0.432798
vt 0.733445 0.451075
vt 0.784632 0.871126
vt 0.791687 0.758726
vt 0.907998 0.871095
vt 0.907998 0.758589
vt 0.907998 0.871095
vt 0.791687 0.758726
vt 0.795608 0.501660
vt 0.795403 0.469299
vt 0.847858 0.501660
vt 0.847858 0.469299
vt 0.795062 0.451075
vt 0.847858 0.451075
vt 0.795403 0.469299
vt 0.795677 0.562819
vt 0.795636 0.532279
vt 0.847858 0.562819
vt 0.847858 0.532279
vt 0.783396 0.907117
vt 0.784632 0.871126
vt 0.907998 0.907102
vt 0.907998 0.871095
vt 0.907998 0.907102
vt 0.784632 0.871126
vt 0.791687 0.758726
vt 0.807335 0.718579
vt 0.907998 0.758589
vt 0.907998 0.718579
vt 0.907998 0.758589
vt 0.807335 0.718579
vt 0.443030 0.139635
vt 0.442477 0.160344
vt 0.442729 0.117794
vt 0.052494 0.468352
vt 0.079968 0.463332
vt 0.039900 0.472977
vt 0.039900 0.472977
vt 0.079968 0.463332
vt 0.144100 0.472977
vt 0.079968 0.463332
vt 0.122576 0.460777
vt 0.144100 0.472977
vt 0.122576 0.460777
vt 0.144100 0.460437
vt 0.144100 0.472977
vt 0.002000 0.236336
vt 0.002087 0.109601
vt 0.084597 0.220903
vt 0.084986 0.109601
vt 0.084597 0.220903
vt 0.002087 0.109601
vt 0.794443 0.432798
vt 0.813073 0.374261
vt 0.847858 0.432798
vt 0.847858 0.373604
vt 0.847858 0.432798
vt 0.813073 0.374261
vt 0.088134 0.213427
vt 0.084597 0.220903
vt 0.093581 0.195493
vt 0.097431 0.178780
vt 0.093581 0.195493
vt 0.099891 0.155976
vt 0.093581 0.195493
vt 0.084597 0.220903
vt 0.099891 0.155976
vt 0.099891 0.155976
vt 0.084597 0.220903
vt 0.101818 0.109601
vt 0.084597 0.220903
vt 0.084986 0.109601
vt 0.101818 0.109601
vt 0.754583 0.201715
vt 0.769917 0.214075
vt 0.755463 0.207606
vt 0.768471 0.222251
vt 0.755463 0.207606
vt 0.769917 0.214075
vt 0.751669 0.195877
vt 0.774246 0.211119
vt 0.754583 0.201715
vt 0.769917 0.214075
vt 0.754583 0.201715
vt 0.774246 0.211119
vt 0.795867 0.634829
vt 0.813141 0.676506
vt 0.783962 0.674961
vt 0.847858 0.562819
vt 0.847858 0.634829
vt 0.795677 0.562819
vt 0.795867 0.634829
vt 0.847858 0.501660
vt 0.795636 0.532279
vt 0.847858 0.451075
vt 0.795062 0.451075
vt 0.847858 0.432798
vt 0.734542 0.469299
vt 0.795403 0.469299
vt 0.735202 0.501660
vt 0.795403 0.469299
vt 0.734542 0.469299
vt 0.795062 0.451075
vt 0.735293 0.532279
vt 0.795677 0.562819
vt 0.847858 0.677671
vt 0.813141 0.676506
vt 0.847858 0.634829
vt 0.847858 0.634829
vt 0.813141 0.676506
vt 0.784192 0.374968
vt 0.813073 0.374261
vt 0.794443 0.432798
vt 0.784192 0.374968
vt 0.739202 0.661995
vt 0.736039 0.634829
vt 0.744688 0.664929
vt 0.751128 0.667958
vt 0.744688 0.664929
vt 0.761562 0.671253
vt 0.744688 0.664929
vt 0.736039 0.634829
vt 0.761562 0.671253
vt 0.761562 0.671253
vt 0.761562 0.671253
vt 0.795867 0.634829
vt 0.783962 0.674961
vt 0.084201 0.708531
vt 0.082849 0.725443
vt 0.033688 0.712370
vt 0.032340 0.729215
vt 0.084210 0.685619
vt 0.084201 0.708531
vt 0.033697 0.689529
vt 0.033688 0.712370
vt 0.082128 0.639273
vt 0.084210 0.685619
vt 0.031619 0.643242
vt 0.033697 0.689529
vt 0.031619 0.643242
vt 0.084210 0.685619
vt 0.611080 0.350518
vt 0.605632 0.309555
vt 0.718762 0.349832
vt 0.713384 0.309370
vt 0.612563 0.463904
vt 0.611080 0.350518
vt 0.720231 0.463111
vt 0.718762 0.349832
vt 0.613824 0.500193
vt 0.612563 0.463904
vt 0.721491 0.499384
vt 0.720231 0.463111
vt 0.615491 0.603897
vt 0.613824 0.500193
vt 0.723169 0.590954
vt 0.721491 0.499384
vt 0.723169 0.590954
vt 0.613824 0.500193
vt 0.614178 0.607161
vt 0.615491 0.603897
vt 0.664450 0.606250
vt 0.723169 0.590954
vt 0.664450 0.606250
vt 0.615491 0.603897
vt 0.619583 0.689830
vt 0.614178 0.607161
vt 0.670032 0.688619
vt 0.664450 0.606250
vt 0.080779 0.743628
vt 0.079833 0.751522
vt 0.030277 0.747340
vt 0.029428 0.754895
vt 0.030277 0.747340
vt 0.079833 0.751522
vt 0.082849 0.725443
vt 0.080779 0.743628
vt 0.032340 0.729215
vt 0.030277 0.747340
vt 0.542386 0.305818
vt 0.542467 0.247552
vt 0.549897 0.311195
vt 0.550825 0.250563
vt 0.793158 0.125238
vt 0.793347 0.183488
vt 0.784807 0.128264
vt 0.785848 0.188877
vt 0.580492 0.964808
vt 0.567444 0.964667
vt 0.565507 0.984862
vt 0.565507 0.984862
vt 0.580273 0.984793
vt 0.580492 0.964808
vt 0.603035 0.964765
vt 0.580273 0.984793
vt 0.603035 0.984746
vt 0.603035 0.964765
vt 0.631949 0.964750
vt 0.631949 0.984726
vt 0.580492 0.941464
vt 0.567174 0.941513
vt 0.567444 0.964667
vt 0.580492 0.964808
vt 0.580492 0.941464
vt 0.603035 0.941421
vt 0.631949 0.941406
vt 0.567174 0.922198
vt 0.557685 0.922281
vt 0.556713 0.941622
vt 0.567174 0.903463
vt 0.558445 0.903523
vt 0.567174 0.784094
vt 0.558445 0.784154
vt 0.558445 0.826928
vt 0.567174 0.826867
vt 0.580492 0.784045
vt 0.580492 0.826818
vt 0.603035 0.784002
vt 0.603035 0.826775
vt 0.631949 0.783987
vt 0.631949 0.826760
vt 0.567174 0.750466
vt 0.558445 0.750521
vt 0.580492 0.750417
vt 0.567174 0.750466
vt 0.567174 0.784094
vt 0.603035 0.750374
vt 0.631949 0.750359
vt 0.567174 0.731710
vt 0.558445 0.735552
vt 0.580492 0.728729
vt 0.603035 0.726316
vt 0.631949 0.725434
vt 0.567130 0.714801
vt 0.558446 0.722605
vt 0.580492 0.710958
vt 0.603035 0.707556
vt 0.631949 0.705777
vt 0.580499 0.702447
vt 0.566853 0.707473
vt 0.603049 0.698695
vt 0.631972 0.697210
vt 0.305824 0.429969
vt 0.318949 0.426828
vt 0.311841 0.405532
vt 0.311841 0.405532
vt 0.297375 0.412815
vt 0.305824 0.429969
vt 0.210415 0.618923
vt 0.210767 0.607597
vt 0.201554 0.607221
vt 0.201300 0.617698
vt 0.128043 0.702448
vt 0.127662 0.692652
vt 0.120887 0.701770
vt 0.116580 0.692551
vt 0.113288 0.702058
vt 0.032511 0.973326
vt 0.023151 0.962011
vt 0.024990 0.975015
vt 0.033389 0.980469
vt 0.031168 0.962989
vt 0.029153 0.944782
vt 0.020791 0.942287
vt 0.024672 0.897960
vt 0.016644 0.897237
vt 0.018872 0.926733
vt 0.027313 0.928296
vt 0.021952 0.879535
vt 0.073417 0.875110
vt 0.056306 0.871168
vt 0.056642 0.878360
vt 0.073448 0.881405
vt 0.555110 0.961362
vt 0.044755 0.992593
vt 0.063140 0.994305
vt 0.062427 0.983159
vt 0.044022 0.980726
vt 0.061286 0.968299
vt 0.043192 0.965792
vt 0.060001 0.952402
vt 0.042497 0.949125
vt 0.041080 0.931385
vt 0.058432 0.935331
vt 0.056574 0.903050
vt 0.038870 0.900511
vt 0.073096 0.905371
vt 0.231374 0.630416
vt 0.227576 0.622984
vt 0.222903 0.627047
vt 0.221065 0.631375
vt 0.666734 0.705771
vt 0.666734 0.696056
vt 0.666734 0.725428
vt 0.666734 0.750354
vt 0.666734 0.826755
vt 0.666734 0.783982
vt 0.666734 0.984718
vt 0.666734 0.964744
vt 0.631949 0.870990
vt 0.603035 0.871005
vt 0.631949 0.903356
vt 0.631949 0.870990
vt 0.603035 0.871005
vt 0.603035 0.903371
vt 0.580492 0.871048
vt 0.580492 0.903414
vt 0.558445 0.871157
vt 0.567174 0.871096
vt 0.558434 0.714652
vt 0.666734 0.870984
vt 0.666734 0.903351
vt 0.666734 0.922376
vt 0.631949 0.922381
vt 0.666734 0.941400
vt 0.603035 0.922396
vt 0.580492 0.922439
vt 0.579493 0.995151
vt 0.603029 0.996636
vt 0.603035 0.984746
vt 0.631928 0.997342
vt 0.666734 0.998000
vt 0.333310 0.432081
vt 0.318499 0.440004
vt 0.096745 0.877627
vt 0.097457 0.883726
vt 0.144100 0.879594
vt 0.144100 0.885538
vt 0.096905 0.907641
vt 0.144100 0.909235
vt 0.096905 0.938937
vt 0.144100 0.940407
vt 0.025391 0.889132
vt 0.029735 0.882166
vt 0.038056 0.876839
vt 0.044889 0.876520
vt 0.096906 0.955714
vt 0.144100 0.957308
vt 0.096906 0.971171
vt 0.096906 0.984867
vt 0.144100 0.973167
vt 0.144100 0.986232
vt 0.096906 0.996104
vt 0.144100 0.998000
vt 0.271556 0.727959
vt 0.271194 0.680202
vt 0.260453 0.679800
vt 0.261404 0.727579
vt 0.250493 0.679428
vt 0.251770 0.727219
vt 0.237026 0.678924
vt 0.237552 0.726688
vt 0.219290 0.678242
vt 0.217552 0.725940
vt 0.269995 0.645998
vt 0.258331 0.646528
vt 0.248085 0.646962
vt 0.234818 0.646850
vt 0.220342 0.646460
vt 0.200347 0.645384
vt 0.199170 0.677351
vt 0.197461 0.725189
vt 0.200863 0.630580
vt 0.254708 0.628251
vt 0.243791 0.628842
vt 0.266844 0.627281
vt 0.250421 0.618527
vt 0.240608 0.620062
vt 0.127523 0.681266
vt 0.113175 0.680453
vt 0.262182 0.616827
vt 0.237963 0.608754
vt 0.250421 0.618527
vt 0.246701 0.608670
vt 0.237963 0.608754
vt 0.229032 0.608459
vt 0.232912 0.621503
vt 0.037956 0.865594
vt 0.056642 0.878360
vt 0.056306 0.871168
vt 0.029994 0.861864
vt 0.019509 0.851389
vt 0.257324 0.608463
vt 0.602799 0.696463
vt 0.631996 0.694917
vt 0.059459 0.508160
vt 0.059893 0.504933
vt 0.037138 0.502358
vt 0.580386 0.700173
vt 0.074325 0.504750
vt 0.077345 0.509158
vt 0.084210 0.502264
vt 0.101805 0.461877
vt 0.122576 0.460777
vt 0.122579 0.458821
vt 0.101820 0.459994
vt 0.144100 0.460437
vt 0.144100 0.458252
vt 0.079968 0.463332
vt 0.079983 0.461554
vt 0.586716 0.513737
vt 0.559294 0.509928
vt 0.558898 0.512321
vt 0.586342 0.516318
vt 0.599965 0.514630
vt 0.599535 0.517404
vt 0.556624 0.624750
vt 0.563009 0.625649
vt 0.562803 0.611832
vt 0.556998 0.617936
vt 0.891647 0.501011
vt 0.886855 0.501437
vt 0.891624 0.507411
vt 0.070370 0.508953
vt 0.666734 0.693751
vt 0.610716 0.509872
vt 0.610450 0.517210
vt 0.144100 0.440435
vt 0.128384 0.441341
vt 0.101969 0.442151
vt 0.080108 0.443160
vt 0.052471 0.466488
vt 0.053778 0.446014
vt 0.040513 0.448683
vt 0.039901 0.470962
vt 0.030448 0.451396
vt 0.030043 0.476497
vt 0.021213 0.455213
vt 0.025710 0.480975
vt 0.064890 0.261518
vt 0.079513 0.260344
vt 0.079513 0.252502
vt 0.064890 0.255280
vt 0.102020 0.259751
vt 0.102020 0.250423
vt 0.128432 0.259277
vt 0.128459 0.248646
vt 0.520712 0.998000
vt 0.519846 0.989692
vt 0.510450 0.992511
vt 0.055816 0.253428
vt 0.054840 0.258315
vt 0.535284 0.996025
vt 0.534304 0.987254
vt 0.110593 0.657949
vt 0.116246 0.641865
vt 0.110037 0.638176
vt 0.102020 0.243617
vt 0.079513 0.246027
vt 0.128459 0.241311
vt 0.110671 0.594046
vt 0.119562 0.591216
vt 0.119455 0.583384
vt 0.113482 0.584384
vt 0.113446 0.608878
vt 0.122340 0.606047
vt 0.118492 0.631460
vt 0.127771 0.628506
vt 0.125720 0.657573
vt 0.134663 0.654727
vt 0.133856 0.602382
vt 0.130836 0.587627
vt 0.139042 0.624919
vt 0.146023 0.651111
vt 0.053861 0.263220
vt 0.510825 0.987152
vt 0.129744 0.580745
vt 0.102020 0.284504
vt 0.102020 0.326840
vt 0.128435 0.326776
vt 0.128435 0.282664
vt 0.102020 0.271884
vt 0.128436 0.270775
vt 0.062156 0.288136
vt 0.049256 0.290152
vt 0.043207 0.327015
vt 0.057067 0.326971
vt 0.051514 0.276500
vt 0.063832 0.274579
vt 0.050906 0.368794
vt 0.045040 0.412833
vt 0.069565 0.412768
vt 0.073022 0.368744
vt 0.102020 0.412721
vt 0.102020 0.368710
vt 0.128434 0.412696
vt 0.128434 0.368687
vt 0.036185 0.369131
vt 0.028811 0.413063
vt 0.078433 0.286152
vt 0.079098 0.272986
vt 0.076214 0.326900
vt 0.144100 0.259124
vt 0.144100 0.247955
vt 0.144100 0.240258
vt 0.130590 0.672832
vt 0.139532 0.669986
vt 0.150451 0.666510
vt 0.144100 0.326756
vt 0.144100 0.281890
vt 0.144100 0.270298
vt 0.144100 0.412684
vt 0.144100 0.368676
vt 0.752976 0.964808
vt 0.753195 0.984793
vt 0.767961 0.984862
vt 0.766024 0.964667
vt 0.730433 0.964765
vt 0.730433 0.984746
vt 0.701519 0.964750
vt 0.701519 0.984726
vt 0.752976 0.941464
vt 0.766294 0.941513
vt 0.730433 0.941421
vt 0.701519 0.941406
vt 0.766294 0.922198
vt 0.776755 0.941622
vt 0.775782 0.922281
vt 0.766294 0.903463
vt 0.775023 0.903523
vt 0.766294 0.784094
vt 0.766294 0.826867
vt 0.775023 0.826928
vt 0.775023 0.784154
vt 0.752976 0.784045
vt 0.752976 0.826818
vt 0.730433 0.784002
vt 0.730433 0.826775
vt 0.701519 0.783987
vt 0.701519 0.826760
vt 0.766294 0.750466
vt 0.775023 0.750521
vt 0.752976 0.750417
vt 0.730433 0.750374
vt 0.701519 0.750359
vt 0.766294 0.731710
vt 0.775023 0.735552
vt 0.752976 0.728729
vt 0.730433 0.726316
vt 0.701519 0.725434
vt 0.766338 0.714801
vt 0.775022 0.722605
vt 0.752976 0.710958
vt 0.730433 0.707556
vt 0.701519 0.705777
vt 0.752969 0.702447
vt 0.766615 0.707473
vt 0.730419 0.698695
vt 0.701495 0.697210
vt 0.754190 0.144726
vt 0.758401 0.163265
vt 0.774134 0.159830
vt 0.766289 0.138940
vt 0.202445 0.832126
vt 0.193264 0.832667
vt 0.192735 0.843134
vt 0.201951 0.843447
vt 0.559984 0.689705
vt 0.567388 0.689344
vt 0.560361 0.680089
vt 0.571546 0.680353
vt 0.574936 0.689830
vt 0.255689 0.973326
vt 0.254811 0.980469
vt 0.263210 0.975015
vt 0.265049 0.962011
vt 0.257032 0.962989
vt 0.259047 0.944782
vt 0.267409 0.942287
vt 0.263528 0.897960
vt 0.260886 0.928296
vt 0.269328 0.926733
vt 0.271556 0.897237
vt 0.266248 0.879535
vt 0.214783 0.875110
vt 0.214752 0.881405
vt 0.231558 0.878360
vt 0.231894 0.871168
vt 0.778357 0.961362
vt 0.243445 0.992593
vt 0.244178 0.980726
vt 0.225773 0.983159
vt 0.225060 0.994305
vt 0.245008 0.965792
vt 0.226914 0.968299
vt 0.245703 0.949125
vt 0.228199 0.952402
vt 0.247120 0.931385
vt 0.249330 0.900511
vt 0.231626 0.903050
vt 0.229768 0.935331
vt 0.215104 0.905371
vt 0.224203 0.822230
vt 0.215505 0.824957
vt 0.219861 0.829357
vt 0.213995 0.820504
vt 0.701519 0.870990
vt 0.730433 0.871005
vt 0.701519 0.903356
vt 0.730433 0.903371
vt 0.752976 0.871048
vt 0.752976 0.903414
vt 0.775023 0.871157
vt 0.766294 0.871096
vt 0.775034 0.714652
vt 0.701519 0.922381
vt 0.730433 0.922396
vt 0.752976 0.922439
vt 0.753974 0.995151
vt 0.730439 0.996636
vt 0.701540 0.997342
vt 0.774246 0.125688
vt 0.757768 0.128950
vt 0.191455 0.877627
vt 0.190743 0.883726
vt 0.191294 0.907641
vt 0.191294 0.938937
vt 0.262809 0.889132
vt 0.258465 0.882166
vt 0.250144 0.876839
vt 0.243311 0.876520
vt 0.191294 0.955714
vt 0.191294 0.971171
vt 0.191294 0.984867
vt 0.191294 0.996104
vt 0.256888 0.775155
vt 0.267629 0.775556
vt 0.246929 0.774782
vt 0.233461 0.774279
vt 0.215724 0.773635
vt 0.263880 0.809574
vt 0.252288 0.808175
vt 0.242103 0.806978
vt 0.228865 0.806098
vt 0.214400 0.805407
vt 0.195593 0.773022
vt 0.194381 0.804987
vt 0.193790 0.819788
vt 0.247311 0.826131
vt 0.236469 0.824727
vt 0.259340 0.828004
vt 0.242310 0.835508
vt 0.232639 0.833244
vt 0.574494 0.668389
vt 0.560139 0.668765
vt 0.253911 0.838081
vt 0.229157 0.844324
vt 0.237865 0.845059
vt 0.225071 0.831233
vt 0.220229 0.843950
vt 0.250244 0.865594
vt 0.258206 0.861864
vt 0.268691 0.851389
vt 0.248442 0.846059
vt 0.730669 0.696463
vt 0.701472 0.694917
vt 0.753082 0.700173
vt 0.751757 0.163265
vt 0.750862 0.141152
vt 0.747519 0.141377
vt 0.770098 0.299310
vt 0.760692 0.304778
vt 0.770556 0.304808
vt 0.186394 0.461877
vt 0.186380 0.459994
vt 0.165621 0.458821
vt 0.165624 0.460777
vt 0.208232 0.463332
vt 0.208217 0.461554
vt 0.560216 0.250754
vt 0.557432 0.250836
vt 0.557901 0.277172
vt 0.560490 0.277074
vt 0.561123 0.239227
vt 0.558127 0.239339
vt 0.010899 0.014897
vt 0.005304 0.019594
vt 0.002000 0.029096
vt 0.013658 0.020477
vt 0.907584 0.168269
vt 0.901184 0.168305
vt 0.907167 0.173062
vt 0.747604 0.131402
vt 0.752230 0.127951
vt 0.004144 0.006046
vt 0.002205 0.008049
vt 0.159816 0.441341
vt 0.186231 0.442151
vt 0.208092 0.443160
vt 0.235729 0.466488
vt 0.248299 0.470962
vt 0.247687 0.448683
vt 0.234422 0.446014
vt 0.258157 0.476497
vt 0.257752 0.451396
vt 0.262490 0.480975
vt 0.266987 0.455213
vt 0.223310 0.261518
vt 0.223310 0.255280
vt 0.208687 0.252502
vt 0.208687 0.260344
vt 0.186180 0.250423
vt 0.186180 0.259751
vt 0.159741 0.248646
vt 0.159768 0.259277
vt 0.233359 0.258315
vt 0.232384 0.253428
vt 0.926356 0.411467
vt 0.918371 0.408562
vt 0.917208 0.417621
vt 0.516131 0.463818
vt 0.522333 0.460118
vt 0.516650 0.444044
vt 0.904249 0.405949
vt 0.903091 0.415529
vt 0.208687 0.246027
vt 0.186180 0.243617
vt 0.159741 0.241311
vt 0.159878 0.748636
vt 0.167756 0.754895
vt 0.173209 0.752259
vt 0.168769 0.745806
vt 0.162463 0.732097
vt 0.153568 0.734929
vt 0.153912 0.710631
vt 0.144632 0.713585
vt 0.144380 0.685252
vt 0.135436 0.688099
vt 0.180043 0.742217
vt 0.173978 0.728432
vt 0.165183 0.707044
vt 0.155740 0.681636
vt 0.234339 0.263220
vt 0.926211 0.405629
vt 0.183130 0.748465
vt 0.186180 0.284504
vt 0.159765 0.282664
vt 0.159765 0.326776
vt 0.186180 0.326840
vt 0.159764 0.270775
vt 0.186180 0.271884
vt 0.226044 0.288136
vt 0.231133 0.326971
vt 0.244993 0.327015
vt 0.238944 0.290152
vt 0.224368 0.274579
vt 0.236686 0.276500
vt 0.237294 0.368794
vt 0.215178 0.368744
vt 0.218635 0.412768
vt 0.243160 0.412833
vt 0.186180 0.368710
vt 0.186180 0.412721
vt 0.159766 0.368687
vt 0.159766 0.412696
vt 0.159766 0.412696
vt 0.186180 0.412721
vt 0.186180 0.368710
vt 0.252015 0.369131
vt 0.243160 0.412833
vt 0.259389 0.413063
vt 0.208092 0.443160
vt 0.209102 0.272986
vt 0.209767 0.286152
vt 0.211986 0.326900
vt 0.704291 0.616042
vt 0.685414 0.616042
vt 0.687358 0.627550
vt 0.704291 0.627550
vt 0.864948 0.374397
vt 0.864948 0.357633
vt 0.852935 0.356565
vt 0.852935 0.371602
vt 0.864948 0.336911
vt 0.852935 0.337979
vt 0.864948 0.320147
vt 0.852935 0.322941
vt 0.584066 0.137427
vt 0.584066 0.118550
vt 0.572559 0.118550
vt 0.572559 0.135483
vt 0.584066 0.099672
vt 0.572559 0.101616
vt 0.436857 0.311195
vt 0.436857 0.294431
vt 0.424843 0.293364
vt 0.424843 0.308401
vt 0.436857 0.273710
vt 0.424843 0.274778
vt 0.436857 0.256947
vt 0.424843 0.259741
vt 0.723169 0.616042
vt 0.721224 0.627550
vt 0.972821 0.988430
vt 0.966459 0.988430
vt 0.968993 0.998000
vt 0.972821 0.998000
vt 0.782279 0.696373
vt 0.782279 0.702023
vt 0.792269 0.703414
vt 0.792269 0.700015
vt 0.782279 0.702023
vt 0.782279 0.709007
vt 0.792269 0.707616
vt 0.792269 0.703414
vt 0.782279 0.709007
vt 0.782279 0.714657
vt 0.792269 0.711015
vt 0.792269 0.707616
vt 0.602197 0.372476
vt 0.602197 0.366113
vt 0.592627 0.366113
vt 0.592627 0.369941
vt 0.602197 0.366113
vt 0.602197 0.359750
vt 0.592627 0.362285
vt 0.592627 0.366113
vt 0.885417 0.336393
vt 0.885417 0.330742
vt 0.875427 0.329351
vt 0.875427 0.332750
vt 0.885417 0.330742
vt 0.885417 0.323758
vt 0.875427 0.325149
vt 0.875427 0.329351
vt 0.885417 0.323758
vt 0.885417 0.318108
vt 0.875427 0.321750
vt 0.875427 0.325149
vt 0.979184 0.988430
vt 0.972821 0.988430
vt 0.972821 0.998000
vt 0.976649 0.998000
vt 0.685414 0.616042
vt 0.704291 0.616042
vt 0.687358 0.627550
vt 0.704291 0.627550
vt 0.864948 0.357633
vt 0.864948 0.374397
vt 0.852935 0.356565
vt 0.852935 0.371602
vt 0.864948 0.336911
vt 0.852935 0.337979
vt 0.864948 0.320147
vt 0.852935 0.322941
vt 0.584066 0.118550
vt 0.584066 0.137427
vt 0.572559 0.118550
vt 0.572559 0.135483
vt 0.584066 0.099672
vt 0.572559 0.101616
vt 0.436857 0.294431
vt 0.436857 0.311195
vt 0.424843 0.293364
vt 0.424843 0.308401
vt 0.436857 0.273710
vt 0.424843 0.274778
vt 0.436857 0.256947
vt 0.424843 0.259741
vt 0.723169 0.616042
vt 0.721224 0.627550
vt 0.966459 0.988430
vt 0.972821 0.988430
vt 0.968993 0.998000
vt 0.972821 0.998000
vt 0.782279 0.702023
vt 0.782279 0.696373
vt 0.792269 0.703414
vt 0.792269 0.700015
vt 0.782279 0.709007
vt 0.782279 0.702023
vt 0.792269 0.707616
vt 0.792269 0.703414
vt 0.782279 0.714657
vt 0.782279 0.709007
vt 0.792269 0.711015
vt 0.792269 0.707616
vt 0.602197 0.366113
vt 0.602197 0.372476
vt 0.592627 0.366113
vt 0.592627 0.369941
vt 0.602197 0.359750
vt 0.602197 0.366113
vt 0.592627 0.362285
vt 0.592627 0.366113
vt 0.885417 0.330742
vt 0.885417 0.336393
vt 0.875427 0.329351
vt 0.875427 0.332750
vt 0.885417 0.323758
vt 0.885417 0.330742
vt 0.875427 0.325149
vt 0.875427 0.329351
vt 0.885417 0.318108
vt 0.885417 0.323758
vt 0.875427 0.321750
vt 0.875427 0.325149
vt 0.972821 0.988430
vt 0.979184 0.988430
vt 0.972821 0.998000
vt 0.976649 0.998000
vt 0.704291 0.616042
vt 0.685414 0.616042
vt 0.687358 0.627550
vt 0.704291 0.627550
vt 0.864948 0.374397
vt 0.864948 0.357633
vt 0.852935 0.356565
vt 0.852935 0.371602
vt 0.864948 0.336911
vt 0.852935 0.337979
vt 0.864948 0.320147
vt 0.852935 0.322941
vt 0.584066 0.137427
vt 0.584066 0.118550
vt 0.572559 0.118550
vt 0.572559 0.135483
vt 0.584066 0.099672
vt 0.572559 0.101616
vt 0.436857 0.311195
vt 0.436857 0.294431
vt 0.424843 0.293364
vt 0.424843 0.308401
vt 0.436857 0.273710
vt 0.424843 0.274778
vt 0.436857 0.256947
vt 0.424843 0.259741
vt 0.723169 0.616042
vt 0.721224 0.627550
vt 0.972821 0.988430
vt 0.966459 0.988430
vt 0.968993 0.998000
vt 0.972821 0.998000
vt 0.782279 0.696373
vt 0.782279 0.702023
vt 0.792269 0.703414
vt 0.792269 0.700015
vt 0.782279 0.702023
vt 0.782279 0.709007
vt 0.792269 0.707616
vt 0.792269 0.703414
vt 0.782279 0.709007
vt 0.782279 0.714657
vt 0.792269 0.711015
vt 0.792269 0.707616
vt 0.602197 0.372476
vt 0.602197 0.366113
vt 0.592627 0.366113
vt 0.592627 0.369941
vt 0.602197 0.366113
vt 0.602197 0.359750
vt 0.592627 0.362285
vt 0.592627 0.366113
vt 0.885417 0.336393
vt 0.885417 0.330742
vt 0.875427 0.329351
vt 0.875427 0.332750
vt 0.885417 0.330742
vt 0.885417 0.323758
vt 0.875427 0.325149
vt 0.875427 0.329351
vt 0.885417 0.323758
vt 0.885417 0.318108
vt 0.875427 0.321750
vt 0.875427 0.325149
vt 0.979184 0.988430
vt 0.972821 0.988430
vt 0.972821 0.998000
vt 0.976649 0.998000
vt 0.685414 0.616042
vt 0.704291 0.616042
vt 0.687358 0.627550
vt 0.704291 0.627550
vt 0.864948 0.357633
vt 0.864948 0.374397
vt 0.852935 0.356565
vt 0.852935 0.371602
vt 0.864948 0.336911
vt 0.852935 0.337979
vt 0.864948 0.320147
vt 0.852935 0.322941
vt 0.584066 0.118550
vt 0.584066 0.137427
vt 0.572559 0.118550
vt 0.572559 0.135483
vt 0.584066 0.099672
vt 0.572559 0.101616
vt 0.436857 0.294431
vt 0.436857 0.311195
vt 0.424843 0.293364
vt 0.424843 0.308401
vt 0.436857 0.273710
vt 0.424843 0.274778
vt 0.436857 0.256947
vt 0.424843 0.259741
vt 0.723169 0.616042
vt 0.721224 0.627550
vt 0.966459 0.988430
vt 0.972821 0.988430
vt 0.968993 0.998000
vt 0.972821 0.998000
vt 0.782279 0.702023
vt 0.782279 0.696373
vt 0.792269 0.703414
vt 0.792269 0.700015
vt 0.782279 0.709007
vt 0.782279 0.702023
vt 0.792269 0.707616
vt 0.792269 0.703414
vt 0.782279 0.714657
vt 0.782279 0.709007
vt 0.792269 0.711015
vt 0.792269 0.707616
vt 0.602197 0.366113
vt 0.602197 0.372476
vt 0.592627 0.366113
vt 0.592627 0.369941
vt 0.602197 0.359750
vt 0.602197 0.366113
vt 0.592627 0.362285
vt 0.592627 0.366113
vt 0.885417 0.330742
vt 0.885417 0.336393
vt 0.875427 0.329351
vt 0.875427 0.332750
vt 0.885417 0.323758
vt 0.885417 0.330742
vt 0.875427 0.325149
vt 0.875427 0.329351
vt 0.885417 0.318108
vt 0.885417 0.323758
vt 0.875427 0.321750
vt 0.875427 0.325149
vt 0.972821 0.988430
vt 0.979184 0.988430
vt 0.972821 0.998000
vt 0.976649 0.998000
vt 0.688046 0.305449
vt 0.698364 0.305449
vt 0.698364 0.197448
vt 0.688046 0.197448
vt 0.983105 0.998000
vt 0.993424 0.998000
vt 0.993424 0.889999
vt 0.983105 0.889999
vt 0.797268 0.132252
vt 0.807587 0.132252
vt 0.807587 0.024250
vt 0.797268 0.024250
vt 0.196721 0.604917
vt 0.207039 0.604917
vt 0.207039 0.496917
vt 0.196721 0.496917
vt 0.698364 0.305449
vt 0.688046 0.305449
vt 0.698364 0.197448
vt 0.688046 0.197448
vt 0.993424 0.998000
vt 0.983105 0.998000
vt 0.993424 0.889999
vt 0.983105 0.889999
vt 0.807587 0.132252
vt 0.797268 0.132252
vt 0.807587 0.024250
vt 0.797268 0.024250
vt 0.207039 0.604917
vt 0.196721 0.604917
vt 0.207039 0.496917
vt 0.196721 0.496917
vn 1.0000 0.0000 0.0000
vn 0.0021 -1.0000 -0.0093
vn -0.0576 -0.9965 -0.0598
vn -0.2737 0.9337 -0.2308
vn 0.0000 -0.0017 -1.0000
vn 0.0000 -0.3225 0.9466
vn 0.0000 -1.0000 0.0021
vn 0.0000 0.9617 -0.2740
vn 0.0000 0.0000 1.0000
vn 0.0000 -1.0000 0.0000
vn 0.0000 1.0000 0.0000
vn -1.0000 0.0000 0.0000
vn -0.0021 -1.0000 -0.0093
vn 0.0576 -0.9965 -0.0598
vn 0.2737 0.9337 -0.2308
vn 0.0000 0.0000 -1.0000
vn 0.7465 0.6623 -0.0639
vn 0.9231 0.3843 -0.0093
vn 0.9141 0.4045 -0.0265
vn 0.7497 0.6529 -0.1081
vn 0.9424 0.3344 0.0017
vn 0.7578 0.6524 -0.0116
vn 0.7719 0.6351 0.0263
vn 0.7174 0.6953 0.0445
vn 0.9093 0.4134 0.0478
vn 0.6624 0.7450 0.0794
vn 0.9230 0.3613 -0.1323
vn 0.7607 0.5541 -0.3380
vn 0.7696 0.6046 -0.2054
vn 0.9134 0.3960 -0.0940
vn 0.9034 0.4249 -0.0573
vn 0.7510 0.6438 -0.1465
vn 0.4924 0.8682 0.0617
vn 0.8536 0.5198 0.0344
vn -0.9672 0.2156 -0.1344
vn -0.4111 0.5794 -0.7037
vn -0.3409 0.7797 -0.5252
vn -0.2829 0.8777 -0.3869
vn -0.9410 0.3230 -0.1014
vn -0.1865 0.9563 -0.2253
vn -0.8995 0.4286 -0.0847
vn -0.1865 0.9563 -0.2252
vn -0.6303 0.7735 -0.0667
vn -0.7522 0.6557 -0.0655
vn 0.0230 0.9937 -0.1093
vn -0.0158 0.9943 -0.1050
vn -0.0973 0.9784 -0.1823
vn 0.7654 0.6423 -0.0395
vn 0.9307 0.3653 -0.0195
vn 0.6566 0.6754 0.3357
vn 0.7876 0.4823 -0.3836
vn 0.5811 0.5704 -0.5805
vn 0.6826 0.5359 -0.4969
vn -0.4000 0.3975 -0.8258
vn -0.9738 0.1072 -0.2008
vn -0.9537 0.1077 -0.2807
vn -0.4068 0.2839 -0.8683
vn -0.9399 0.0797 -0.3321
vn -0.4373 0.1758 -0.8820
vn -0.1227 0.9833 -0.1341
vn 0.1139 0.9855 -0.1259
vn -0.1159 0.9872 -0.1099
vn -0.1284 0.9845 -0.1194
vn 0.2447 0.9574 -0.1534
vn -0.1160 0.9872 -0.1099
vn 0.1146 0.9901 -0.0808
vn 0.1484 0.9838 -0.1003
vn -0.4827 0.1172 -0.8679
vn -0.9373 -0.0299 -0.3471
vn -0.4564 0.0939 -0.8848
vn -0.7236 0.1652 -0.6702
vn -0.6364 -0.2635 -0.7249
vn 0.7974 0.5924 -0.1145
vn 0.5916 0.7595 -0.2703
vn 0.5494 0.7689 -0.3269
vn 0.8487 0.5287 -0.0133
vn 0.7974 0.5925 -0.1144
vn 0.7876 0.4823 -0.3835
vn 0.7441 0.3732 -0.5542
vn 0.3994 0.8753 -0.2727
vn 0.5495 0.7689 -0.3269
vn 0.9093 0.4134 0.0477
vn 0.9372 0.2932 0.1888
vn 0.9608 0.2512 0.1172
vn 0.6200 0.7716 0.1423
vn 0.7611 0.4912 0.4236
vn 0.6543 0.7181 0.2371
vn 0.7811 0.4727 0.4080
vn 0.8536 0.5198 0.0343
vn 0.5554 0.5518 0.6221
vn 0.7871 0.4403 0.4320
vn 0.2756 0.9590 0.0662
vn 0.5554 -0.6984 0.4514
vn 0.9797 -0.1389 0.1448
vn 0.9139 -0.2811 0.2928
vn 0.9419 -0.2226 0.2517
vn 0.4070 -0.4151 0.8137
vn 0.6833 -0.4092 0.6047
vn 0.8186 0.5742 0.0163
vn 0.9665 0.2567 0.0065
vn 0.9684 0.2494 -0.0001
vn 0.8256 0.5642 0.0040
vn 0.5880 0.8086 0.0201
vn 0.5932 0.8050 0.0081
vn 0.5880 0.8086 0.0200
vn 0.3190 0.9474 0.0276
vn 0.5933 0.8050 0.0081
vn 0.3779 0.9256 0.0202
vn 0.8094 0.5863 0.0338
vn 0.9549 0.2955 0.0297
vn 0.5875 0.8083 0.0379
vn 0.2670 0.9631 0.0351
vn 0.2660 0.9610 0.0760
vn 0.9645 0.2612 0.0378
vn 0.9993 -0.0002 0.0373
vn 0.9990 0.0344 0.0274
vn 0.8091 0.5865 0.0370
vn 0.5869 0.8087 0.0390
vn 0.3096 0.9499 0.0421
vn -0.0039 0.9991 0.0414
vn 0.9663 0.2535 0.0456
vn 0.9988 -0.0092 0.0487
vn 0.8145 0.5780 0.0497
vn 0.5842 0.8100 0.0512
vn 0.2955 0.9540 0.0513
vn 0.0018 0.9986 0.0536
vn -0.2294 0.9718 0.0547
vn 0.1682 0.9802 0.1047
vn 0.9643 0.2546 0.0726
vn 0.9972 -0.0382 0.0639
vn 0.8067 0.5857 0.0781
vn 0.5869 0.8054 0.0834
vn 0.8145 0.5781 0.0497
vn 0.3070 0.9479 0.0852
vn -0.0000 0.9964 0.0844
vn -0.2327 0.9685 0.0885
vn -0.3483 0.9325 0.0958
vn 0.0958 0.9869 0.1294
vn 0.9582 0.2648 0.1083
vn 0.9963 -0.0060 0.0852
vn 0.8036 0.5833 0.1183
vn 0.5835 0.8026 0.1242
vn 0.3065 0.9432 0.1284
vn -0.0003 0.9915 0.1304
vn -0.2728 0.9524 0.1358
vn -0.3970 0.9007 0.1767
vn -0.3658 0.9041 0.2208
vn 0.0831 0.9804 0.1787
vn 0.9491 0.2918 0.1189
vn 0.9944 0.0144 0.1051
vn 0.8027 0.5794 0.1410
vn 0.5833 0.7986 0.1487
vn 0.3068 0.9392 0.1543
vn 0.5832 0.7986 0.1487
vn 0.0005 0.9875 0.1574
vn -0.3057 0.9390 0.1576
vn -0.5744 0.8004 0.1713
vn -0.6571 0.6548 0.3735
vn -0.6570 0.6548 0.3735
vn -0.3566 0.8579 0.3699
vn -0.4593 0.6265 0.6297
vn 0.1144 0.9022 0.4158
vn 0.1010 0.9543 0.2814
vn 0.1204 0.8007 0.5869
vn 0.1979 0.0226 0.9800
vn 0.0659 -0.0479 0.9967
vn -0.2122 0.2548 0.9434
vn 0.1460 0.3320 0.9319
vn -0.1804 0.0192 0.9834
vn -0.5858 0.3386 0.7363
vn -0.5469 -0.5631 0.6195
vn -0.2039 -0.3588 0.9109
vn -0.1359 -0.4708 0.8717
vn -0.3094 -0.7607 0.5706
vn -0.1492 -0.1827 0.9718
vn 0.9689 -0.1799 0.1700
vn 0.9630 -0.1945 0.1868
vn 0.9991 0.0429 -0.0018
vn 0.0977 -0.4096 0.9070
vn -0.0204 -0.3833 0.9234
vn -0.0048 -0.7119 0.7023
vn 0.1369 -0.6660 0.7333
vn 0.9941 -0.0848 0.0680
vn 0.7908 -0.3825 0.4778
vn 0.6712 -0.4608 0.5807
vn 0.7544 -0.4183 0.5058
vn -0.1358 -0.4709 0.8717
vn 0.0141 -0.2569 0.9663
vn 0.0727 -0.3824 0.9211
vn 0.0094 -0.6113 0.7913
vn 0.0179 -0.8708 0.4912
vn -0.3093 -0.7607 0.5707
vn 0.2709 -0.6894 0.6718
vn 0.2863 -0.5971 0.7493
vn 0.3309 -0.5344 0.7778
vn 0.0147 -0.2710 0.9625
vn 0.1246 0.9719 0.1996
vn -0.5858 0.3386 0.7364
vn -0.1491 -0.1827 0.9718
vn 0.0083 -0.0147 0.9999
vn 0.3310 -0.5344 0.7777
vn 0.4837 -0.4394 0.7569
vn 0.7908 -0.3825 0.4777
vn 0.5377 -0.4374 0.7208
vn 0.5378 -0.4374 0.7207
vn 0.7439 -0.4617 0.4831
vn 0.7439 -0.4617 0.4832
vn 0.6833 -0.4091 0.6047
vn 0.1048 0.6071 0.7877
vn 0.0034 -0.1278 0.9918
vn 0.0000 -0.3208 0.9472
vn 0.0000 -0.3833 0.9236
vn 0.0002 -0.7994 0.6007
vn 0.4150 0.9097 0.0126
vn 0.7457 0.6649 0.0429
vn 0.7782 0.6280 -0.0069
vn 0.7746 0.6322 0.0180
vn 0.5688 0.8224 -0.0099
vn 0.5575 0.8296 -0.0321
vn 0.8543 0.5196 -0.0110
vn 0.9791 0.2035 0.0066
vn 0.9999 -0.0051 0.0137
vn 0.9983 -0.0568 0.0101
vn 0.9984 -0.0562 0.0015
vn 1.0000 -0.0079 0.0030
vn 0.9992 -0.0397 0.0094
vn 0.9988 -0.0486 0.0019
vn 0.9962 -0.0871 0.0025
vn 0.9999 0.0062 0.0137
vn 0.9999 0.0074 0.0087
vn 0.9992 0.0261 0.0302
vn 0.9298 0.3360 0.1503
vn 0.9477 0.3188 0.0163
vn 0.8906 0.3719 0.2618
vn 0.9678 0.2278 0.1069
vn 0.9800 0.1839 0.0765
vn 0.9704 0.2250 0.0878
vn 0.9645 0.2593 0.0507
vn 0.9764 0.2090 0.0552
vn 0.9663 0.2573 -0.0053
vn 0.9678 0.2516 -0.0025
vn 0.9649 0.2625 0.0041
vn 0.9680 0.2496 -0.0249
vn 0.9694 0.2443 -0.0251
vn 0.9706 0.2404 -0.0095
vn 0.9789 0.2043 0.0084
vn 0.7112 0.7028 -0.0176
vn 0.5689 0.8224 -0.0099
vn 0.7111 0.7028 -0.0176
vn 0.0000 0.9933 0.1157
vn -0.7327 0.6793 0.0413
vn -0.6765 0.6696 -0.3067
vn -0.0000 0.9804 -0.1969
vn 0.0000 0.6471 -0.7624
vn -0.0000 0.7196 -0.6944
vn -0.0000 0.0100 -1.0000
vn 0.0000 0.0734 -0.9973
vn 0.0000 -0.5180 -0.8554
vn -0.0000 -0.4858 -0.8741
vn 0.0000 -0.4858 -0.8740
vn 0.0000 -0.5181 -0.8554
vn 0.0000 -0.7556 -0.6550
vn 0.0000 -0.7521 -0.6590
vn 0.0000 -0.8745 -0.4850
vn 0.0000 -0.8811 -0.4729
vn -0.1818 -0.9818 -0.0547
vn 0.0000 -0.9872 -0.1593
vn -0.2630 -0.9571 0.1213
vn -0.0000 -0.9703 0.2418
vn -0.0000 0.8576 0.5144
vn -0.0000 0.4825 0.8759
vn -0.7676 0.1556 0.6218
vn -0.8207 0.4545 0.3462
vn 0.0000 0.1848 0.9828
vn -0.7191 -0.0695 0.6914
vn 0.0000 0.0037 1.0000
vn -0.6986 -0.2013 0.6866
vn 0.0000 -0.2864 0.9581
vn -0.7039 -0.4165 0.5754
vn 0.0000 -0.7270 0.6866
vn -0.7167 -0.5956 0.3627
vn -0.7168 -0.5955 0.3628
vn 0.9520 0.3044 -0.0335
vn 0.9538 0.2989 -0.0303
vn 0.9410 0.3379 -0.0193
vn 0.9660 0.2530 0.0539
vn 0.9724 0.2291 -0.0445
vn 0.9802 0.1964 -0.0262
vn 0.8487 0.5286 -0.0133
vn 0.9969 0.0790 0.0042
vn 0.9977 0.0672 0.0111
vn 0.9867 0.1590 0.0331
vn 0.9691 0.2391 0.0611
vn 0.9642 0.2528 0.0799
vn 0.9643 0.2624 0.0348
vn 0.9609 0.2761 0.0191
vn 0.9510 0.3092 -0.0044
vn 0.9366 0.3503 0.0016
vn 0.9334 0.3588 -0.0079
vn 0.9355 0.3529 -0.0153
vn 0.9654 0.2557 -0.0520
vn 0.9886 -0.0945 0.1172
vn 0.9901 -0.0838 0.1130
vn 0.9914 -0.1148 0.0631
vn 0.9909 -0.1309 0.0300
vn 0.9922 0.0354 0.1197
vn 0.9302 0.3664 -0.0221
vn 0.8023 0.5968 -0.0136
vn 0.6711 0.7413 -0.0121
vn 0.5576 0.8295 -0.0321
vn 0.9847 0.1055 0.1386
vn 0.8196 0.4928 0.2923
vn 0.8384 0.5444 -0.0275
vn 0.9841 0.1763 -0.0222
vn 0.8171 0.5753 -0.0374
vn 0.9681 0.2497 -0.0212
vn 0.9146 0.3937 0.0922
vn 0.8125 0.5825 -0.0243
vn 0.8490 0.5268 -0.0409
vn 0.9909 -0.0711 0.1143
vn 0.9968 0.0787 -0.0115
vn 0.9942 0.1061 -0.0165
vn 0.9973 -0.0732 -0.0027
vn 0.9977 -0.0644 -0.0217
vn 0.9997 -0.0140 -0.0211
vn 0.9999 -0.0107 -0.0035
vn 0.9991 0.0383 -0.0196
vn 0.9990 0.0433 -0.0059
vn 0.9876 -0.0985 0.1219
vn 0.9916 -0.0613 0.1135
vn 0.9842 0.1598 0.0770
vn 0.9811 0.0894 0.1718
vn 0.9749 0.2226 -0.0055
vn 0.9700 0.0241 0.2419
vn 0.9829 -0.1707 0.0697
vn 0.9874 -0.1340 0.0840
vn 0.9909 -0.0712 0.1143
vn 0.9916 -0.0614 0.1135
vn 0.9886 -0.0944 0.1172
vn 0.9914 -0.1149 0.0631
vn -0.7238 -0.1482 -0.6739
vn -0.0000 0.1104 -0.9939
vn -0.0000 0.4716 -0.8818
vn -0.7636 0.0815 -0.6405
vn 0.0000 0.8508 -0.5254
vn -0.7913 0.4557 -0.4078
vn -0.7912 0.4557 -0.4078
vn -0.0000 0.8509 -0.5254
vn 0.0000 0.9903 -0.1386
vn -0.7306 0.6730 -0.1151
vn -0.0000 0.9842 0.1769
vn -0.7343 0.6584 0.1650
vn -0.6872 -0.4443 -0.5748
vn 0.0000 -0.3763 -0.9265
vn -0.0000 -0.1497 -0.9887
vn -0.6890 -0.2979 -0.6607
vn 0.0000 -0.9150 0.4034
vn 0.0000 -0.9746 0.2240
vn -0.1891 -0.9605 0.2040
vn -0.2395 -0.9240 0.2980
vn 0.0000 -0.9921 0.1255
vn -0.1936 -0.9742 0.1155
vn -0.0000 -0.9979 0.0642
vn -0.1945 -0.9790 0.0611
vn -0.0000 -0.9766 -0.2151
vn -0.2714 -0.9591 -0.0800
vn 0.0000 -0.7251 -0.6886
vn -0.6886 -0.6243 -0.3688
vn 0.0000 -0.7251 -0.6887
vn -0.4450 -0.7666 0.4629
vn -0.0000 -0.7603 0.6496
vn -0.5499 -0.5671 0.6132
vn -0.0000 -0.5142 0.8577
vn -0.6352 -0.2987 0.7122
vn -0.0000 -0.0724 0.9974
vn -0.7227 0.1449 0.6758
vn 0.0000 0.5008 0.8656
vn -0.7063 0.5303 0.4688
vn -0.0000 0.8457 0.5336
vn -0.0000 0.5007 0.8656
vn 0.9407 0.3372 -0.0365
vn 0.8171 0.5746 -0.0469
vn 0.9522 0.2996 -0.0596
vn 0.8649 0.4961 -0.0756
vn 0.9528 0.2950 -0.0719
vn 0.9163 0.3905 -0.0893
vn 0.9606 0.2644 -0.0861
vn 0.9436 0.3163 -0.0982
vn 0.9682 0.2327 -0.0916
vn 0.9685 0.2268 -0.1033
vn 0.8430 0.5366 -0.0366
vn 0.8871 0.4567 -0.0668
vn 0.8947 0.4398 -0.0775
vn 0.9133 0.3966 -0.0924
vn 0.9167 0.3872 -0.0982
vn 0.9401 0.3265 -0.0976
vn 0.7646 0.6383 -0.0890
vn 0.7522 0.6551 -0.0710
vn 0.7739 0.6245 -0.1051
vn 0.7555 0.6451 -0.1143
vn 0.7574 0.6433 -0.1123
vn 0.7975 0.5924 -0.1144
vn 0.8487 0.5287 -0.0167
vn 0.7231 0.6898 -0.0368
vn -0.0157 0.9944 -0.1049
vn 0.7574 0.6432 -0.1123
vn 0.9281 -0.3552 -0.1116
vn 0.9253 -0.3590 -0.1223
vn 0.9851 -0.1277 -0.1152
vn 0.9831 -0.1567 -0.0948
vn 0.8869 -0.3809 -0.2616
vn 0.9942 -0.0206 -0.1059
vn 0.9995 -0.0129 -0.0299
vn 0.9987 0.0385 -0.0332
vn 0.9981 -0.0205 -0.0588
vn 0.9971 0.0469 -0.0601
vn 0.9962 -0.0431 -0.0761
vn 0.9963 0.0340 -0.0795
vn 0.9947 -0.0341 -0.0967
vn 0.9942 0.0346 -0.1018
vn 0.9956 0.0862 -0.0365
vn 0.9932 0.0971 -0.0649
vn 0.9947 0.0692 -0.0761
vn 0.9938 0.0472 -0.1005
vn 0.9931 0.0022 -0.1169
vn 0.9769 0.2099 -0.0401
vn 0.9827 0.1714 -0.0702
vn 0.9879 0.1331 -0.0793
vn 0.9892 0.1063 -0.1008
vn 0.9902 0.0782 -0.1157
vn 0.9821 0.0194 -0.1876
vn 0.9921 0.0523 -0.1141
vn 0.8055 0.5906 -0.0484
vn 0.8872 0.4533 -0.0861
vn 0.9226 0.3742 -0.0936
vn 0.9501 0.2921 -0.1092
vn 0.9723 0.2034 -0.1154
vn 0.9894 0.0903 -0.1141
vn 0.8650 0.4961 -0.0756
vn 0.9163 0.3905 -0.0894
vn 0.9837 0.1490 -0.1008
vn -0.1011 0.2371 -0.9662
vn 0.4556 0.1852 -0.8707
vn 0.5161 -0.3320 -0.7896
vn -0.0433 -0.3315 -0.9425
vn 0.8065 0.1056 -0.5818
vn 0.8123 -0.2510 -0.5265
vn 0.5160 -0.3321 -0.7896
vn 0.9718 0.2355 -0.0115
vn 0.9764 0.2108 -0.0476
vn 0.9702 0.2391 -0.0392
vn 0.9806 0.1817 -0.0739
vn 0.9757 0.2087 -0.0673
vn 0.9758 0.1894 -0.1092
vn 0.9858 0.1308 -0.1052
vn 0.9819 0.1142 -0.1512
vn 0.9829 0.0864 -0.1624
vn 0.9781 0.0230 -0.2067
vn 0.9676 0.0242 -0.2515
vn 0.9568 -0.1091 -0.2696
vn 0.9745 -0.0943 -0.2037
vn 0.9648 -0.2613 -0.0281
vn 0.9066 -0.4203 -0.0372
vn 0.8914 -0.4517 -0.0371
vn 0.9553 -0.2925 -0.0418
vn 0.8902 -0.4535 -0.0432
vn 0.9510 -0.3039 -0.0562
vn 0.9481 -0.3173 -0.0227
vn 0.9091 -0.4166 0.0029
vn 0.9134 -0.3950 0.0980
vn 0.9668 -0.2538 0.0290
vn 0.9753 -0.2140 0.0541
vn 0.9351 -0.2920 0.2008
vn 0.9413 -0.2617 0.2131
vn 0.9783 -0.2026 0.0435
vn 0.9649 -0.2613 -0.0281
vn 0.9554 -0.2925 -0.0418
vn 0.9764 0.2107 -0.0476
vn 0.9718 0.2356 -0.0115
vn 0.9510 -0.3040 -0.0562
vn 0.9858 0.1309 -0.1052
vn 0.9374 -0.2933 -0.1875
vn 0.9600 -0.2706 0.0720
vn 0.9600 -0.2706 0.0719
vn 0.9325 -0.3059 -0.1923
vn 0.9325 -0.3059 -0.1922
vn 0.9375 -0.2933 -0.1875
vn 0.7231 0.6897 -0.0368
vn 0.7131 -0.7011 0.0068
vn 0.7066 -0.7075 -0.0083
vn 0.9842 -0.0922 0.1513
vn 0.9829 -0.1838 0.0111
vn 0.9554 -0.2834 -0.0830
vn 0.9096 -0.3975 -0.1210
vn 0.6217 -0.7830 0.0198
vn 0.9773 -0.2072 0.0440
vn 0.6217 -0.7830 0.0199
vn 0.9608 -0.2554 -0.1084
vn 0.6154 -0.7821 -0.0980
vn 0.8290 -0.4699 -0.3033
vn 0.9511 -0.2563 -0.1724
vn 0.9465 -0.2321 -0.2244
vn 0.8405 -0.2899 -0.4578
vn 0.9704 -0.1818 -0.1588
vn 0.9614 -0.2157 -0.1711
vn 0.9408 -0.1959 -0.2767
vn 0.9393 -0.2104 -0.2712
vn 0.9614 -0.2156 -0.1711
vn 0.9709 0.1172 0.2090
vn 0.9775 0.1977 0.0737
vn 0.9841 0.1598 0.0770
vn 0.9511 -0.2563 -0.1723
vn 0.9709 0.1172 0.2089
vn 0.9568 -0.0004 0.2907
vn 0.9465 -0.2320 -0.2244
vn 0.3700 -0.7319 0.5722
vn 0.3923 -0.8520 -0.3467
vn 0.4831 -0.8584 -0.1724
vn 0.5087 -0.8517 -0.1262
vn 0.6435 -0.7214 -0.2558
vn 0.6566 0.6754 0.3358
vn 0.8064 0.1056 -0.5818
vn 0.9317 -0.1634 -0.3243
vn -0.1010 0.2371 -0.9662
vn -0.0432 -0.3315 -0.9424
vn 0.8808 -0.4689 -0.0660
vn 0.9829 -0.1706 0.0697
vn -0.0005 -1.0000 -0.0070
vn 0.7066 -0.7076 -0.0084
vn 0.0003 -0.9702 0.2424
vn 0.0002 -0.9776 0.2104
vn -0.0001 -0.9984 0.0568
vn -0.0002 -0.9993 0.0379
vn 0.0001 -0.9949 -0.1007
vn 0.0001 -0.9974 -0.0717
vn 0.0002 -0.9974 -0.0720
vn 0.4831 -0.8584 -0.1723
vn -0.0003 -0.9862 -0.1658
vn -0.1057 -0.8295 -0.5484
vn 0.3923 -0.8520 -0.3468
vn -0.0001 -0.9995 -0.0319
vn -0.0001 -0.9991 -0.0417
vn -0.0091 -0.2747 -0.9615
vn -0.0978 -0.3023 -0.9482
vn -0.0118 -0.0623 -0.9980
vn -0.0002 -0.0353 -0.9994
vn 0.0003 -0.3532 0.9355
vn -0.5225 -0.1925 0.8306
vn -0.3602 -0.3983 0.8436
vn 0.0000 -0.4325 0.9016
vn 1.0000 -0.0013 -0.0011
vn 1.0000 -0.0006 -0.0009
vn 1.0000 0.0014 0.0012
vn -0.0000 -0.7148 0.6993
vn -0.5704 -0.6021 0.5587
vn -0.5782 -0.7884 0.2102
vn -0.0000 -0.9687 0.2482
vn 1.0000 0.0006 -0.0006
vn 1.0000 0.0010 -0.0003
vn -0.5870 -0.7884 -0.1840
vn 0.0000 -0.9630 -0.2694
vn -0.5405 -0.6195 -0.5692
vn -0.0049 -0.6964 -0.7176
vn 1.0000 0.0023 0.0017
vn 1.0000 0.0039 0.0069
vn 1.0000 0.0015 0.0002
vn 0.8808 -0.4689 -0.0659
vn 0.0003 -0.9401 0.3409
vn 0.0000 -0.9405 0.3397
vn -0.0410 -0.2720 -0.9614
vn -0.0010 -0.2736 -0.9619
vn -0.0003 -0.4945 -0.8692
vn -0.2697 -0.4654 -0.8430
vn 0.0000 -0.8609 -0.5088
vn -0.3643 -0.8035 -0.4709
vn 0.0000 -0.8609 -0.5089
vn 0.0000 -0.9912 -0.1327
vn -0.4436 -0.8880 -0.1211
vn -0.3960 -0.9118 0.1085
vn 0.0000 -0.9899 0.1418
vn -0.0000 -0.8000 0.6000
vn -0.3724 -0.7541 0.5410
vn -0.3400 -0.4554 0.8228
vn -0.3724 -0.7541 0.5409
vn 0.0025 -0.4874 0.8732
vn 0.0088 -0.4201 0.9074
vn -0.5766 -0.3423 0.7419
vn 1.0000 0.0010 -0.0001
vn 1.0000 -0.0000 -0.0003
vn 1.0000 -0.0000 -0.0004
vn 1.0000 0.0012 -0.0001
vn 1.0000 0.0012 -0.0003
vn 1.0000 -0.0004 -0.0006
vn 1.0000 -0.0001 -0.0004
vn 0.0003 -0.7994 0.6008
vn 0.0001 -0.9271 0.3748
vn 0.1368 -0.6660 0.7333
vn 0.1580 -0.9780 -0.1365
vn -0.7997 -0.0491 -0.5984
vn -0.7339 -0.0114 -0.6791
vn -0.7185 -0.0078 -0.6955
vn -0.7301 -0.1879 0.6570
vn -0.5224 -0.1925 0.8307
vn -0.9632 0.1954 0.1847
vn -0.7302 -0.1879 0.6569
vn -0.5147 -0.5653 0.6446
vn -0.9778 -0.1911 0.0862
vn -0.5782 -0.7884 0.2101
vn -0.9746 -0.1962 0.1079
vn -0.8504 -0.2979 0.4337
vn -0.3602 -0.3983 0.8435
vn -0.8504 -0.2978 0.4337
vn -0.9812 -0.1867 0.0492
vn -0.9673 -0.2520 -0.0275
vn -0.5405 -0.6196 -0.5692
vn -0.8087 -0.3704 -0.4570
vn -0.0978 -0.3024 -0.9482
vn 0.7496 -0.5928 -0.2944
vn -0.5318 -0.3967 -0.7482
vn -0.5918 -0.3399 -0.7309
vn -0.5918 -0.3400 -0.7309
vn 0.0434 -0.4135 -0.9095
vn 0.0197 -0.9085 -0.4175
vn 0.0000 -0.9297 -0.3683
vn 0.0000 -0.4292 -0.9032
vn -0.0000 -0.9861 -0.1659
vn 0.1092 -0.3954 -0.9120
vn 0.1695 -0.2725 -0.9471
vn 0.3633 0.0546 -0.9301
vn -0.9374 -0.0299 -0.3471
vn -0.1057 -0.8295 -0.5485
vn -0.0432 -0.3315 -0.9425
vn 0.5160 -0.3320 -0.7896
vn 0.8869 -0.3808 -0.2616
vn 0.8869 -0.3809 -0.2615
vn 0.9992 0.0260 0.0302
vn 0.9823 0.0181 -0.1865
vn 0.9608 -0.2553 -0.1084
vn 0.6154 -0.7821 -0.0981
vn 0.9199 -0.2682 -0.2861
vn 0.5986 -0.3809 -0.7048
vn 0.6167 -0.4969 -0.6106
vn 0.9203 -0.3068 -0.2428
vn 0.9133 -0.3759 -0.1568
vn 0.9171 -0.3416 -0.2055
vn 0.6054 -0.6161 -0.5039
vn 0.6184 -0.6926 -0.3714
vn 0.5089 -0.8587 0.0608
vn 0.5100 -0.8332 0.2137
vn 0.8816 -0.4527 0.1338
vn 0.8745 -0.4820 0.0547
vn 0.8831 -0.3056 0.3559
vn 0.8829 -0.3523 0.3105
vn 0.5244 -0.6596 0.5385
vn 0.5532 -0.5526 0.6234
vn 0.5619 -0.4671 0.6828
vn 0.5354 -0.3849 0.7518
vn 0.8991 -0.2416 0.3650
vn 0.8911 -0.2597 0.3722
vn 0.5618 -0.4671 0.6828
vn 0.8647 0.1143 0.4892
vn 0.8092 0.1108 0.5770
vn 0.8604 0.1757 0.4784
vn 0.9013 0.1662 0.4001
vn 0.9253 0.2023 0.3209
vn 0.8988 0.2235 0.3770
vn 0.9275 0.2391 0.2872
vn 0.9417 0.2148 0.2590
vn 0.9553 0.2952 0.0174
vn 0.9494 0.3106 -0.0460
vn 0.9729 0.2304 -0.0180
vn 0.9692 0.2454 0.0229
vn 0.9344 0.2559 -0.2479
vn 0.9570 0.2413 -0.1607
vn 0.9304 0.2899 -0.2242
vn 0.9208 0.2650 -0.2863
vn 0.9002 0.2436 -0.3610
vn 0.9109 0.1534 -0.3830
vn 0.9318 0.1595 -0.3259
vn 0.9251 0.2387 -0.2953
vn 0.9002 0.2436 -0.3611
vn 0.9199 -0.2681 -0.2861
vn 0.9002 0.2435 -0.3611
vn 0.9658 0.2546 0.0494
vn 0.9539 0.2950 0.0559
vn 0.8941 -0.4474 0.0185
vn 0.5871 -0.8095 -0.0110
vn 0.9679 0.2370 0.0833
vn 0.9557 0.2768 0.1002
vn 0.9050 -0.4249 -0.0190
vn 0.6076 -0.7889 -0.0915
vn 0.9665 0.2450 -0.0769
vn 0.9440 0.3039 -0.1282
vn 0.8783 -0.4139 0.2392
vn 0.8783 -0.4140 0.2392
vn 0.4962 -0.7696 0.4019
vn 0.9244 -0.2058 0.3212
vn 0.5355 -0.3849 0.7518
vn 0.7261 -0.3065 0.6154
vn 0.9244 -0.2058 0.3211
vn 0.9789 0.0099 -0.2039
vn 0.9684 -0.1595 0.1916
vn 0.9885 0.0051 -0.1513
vn 0.9823 0.0180 -0.1866
vn 0.9109 0.1533 -0.3830
vn 0.9691 0.2454 0.0229
vn 0.6031 -0.4486 0.6596
vn 0.6291 -0.7473 -0.2139
vn 0.6031 -0.4485 0.6596
vn 0.6292 -0.7473 -0.2138
vn 0.1580 -0.9780 -0.1366
vn 0.8647 0.1142 0.4892
vn 0.9671 0.1994 0.1579
vn 0.9729 0.2303 -0.0179
vn 0.9344 0.2559 -0.2480
vn -0.5311 -0.2604 -0.8063
vn -0.5824 -0.4184 -0.6970
vn -0.7595 -0.6255 -0.1787
vn -0.7389 -0.6242 -0.2539
vn -0.7739 -0.6333 0.0076
vn -0.8255 -0.5613 -0.0596
vn -0.3960 -0.9118 0.1086
vn -0.7104 -0.6866 0.1546
vn -0.7209 -0.4611 0.5174
vn -0.7764 -0.4967 0.3880
vn -0.9853 -0.1019 0.1371
vn -0.6238 -0.3270 0.7099
vn -0.5766 -0.3423 0.7418
vn -0.9853 -0.1018 0.1371
vn -0.5551 -0.5466 -0.6270
vn -0.7267 -0.5459 -0.4170
vn -0.6033 -0.4558 0.6544
vn -0.7405 -0.6284 0.2385
vn -0.0694 -0.9971 0.0295
vn -0.2254 -0.9742 0.0145
vn -0.2069 -0.9782 0.0163
vn -0.0643 -0.9975 0.0300
vn 0.6291 -0.7473 -0.2138
vn 0.8096 -0.2844 0.5135
vn 0.9684 -0.1595 0.1915
vn -0.9967 0.0730 -0.0357
vn 0.6184 -0.6926 -0.3713
vn 0.6444 -0.7294 -0.2298
vn 0.6444 -0.7294 -0.2297
vn 0.9239 -0.3739 -0.0819
vn 0.9453 0.2596 0.1977
vn 0.9671 0.1993 0.1579
vn 0.8604 0.1756 0.4784
vn 0.8988 0.2234 0.3770
vn 0.9253 0.2022 0.3209
vn 0.9239 -0.3738 -0.0819
vn 0.6435 -0.7214 -0.2559
vn -0.0049 -0.0110 0.9999
vn -0.0301 -0.0281 0.9991
vn -0.0061 -0.0201 0.9998
vn -0.0062 -0.0201 0.9998
vn 0.0005 -0.0125 0.9999
vn -0.0012 -0.0175 0.9998
vn -0.0060 -0.0201 0.9998
vn 0.0015 -0.0237 0.9997
vn 0.0017 -0.0237 0.9997
vn 0.0185 -0.0475 0.9987
vn 0.0051 -0.0192 0.9998
vn 0.0014 -0.0237 0.9997
vn 0.0050 -0.0193 0.9998
vn 0.0052 -0.0192 0.9998
vn 0.0295 -0.0163 0.9994
vn 0.0189 -0.0214 0.9996
vn 0.0186 -0.0214 0.9996
vn -0.5377 -0.1405 0.8313
vn -0.0068 0.0102 0.9999
vn 0.0050 -0.0192 0.9998
vn 0.0187 -0.0213 0.9996
vn -0.0067 0.0102 0.9999
vn -0.0012 -0.0176 0.9998
vn -0.0066 0.0102 0.9999
vn 0.1440 0.2051 0.9681
vn 0.0181 0.0560 0.9983
vn 0.0180 0.0561 0.9983
vn 0.0129 -0.0154 0.9998
vn -0.0029 0.0061 1.0000
vn -0.0068 0.0011 1.0000
vn -0.0187 0.0123 0.9998
vn -0.0068 0.0012 1.0000
vn -0.0028 0.0061 1.0000
vn -0.8473 0.2986 0.4392
vn -0.8475 0.2984 0.4389
vn -0.6778 0.5877 0.4419
vn -0.6778 0.5876 0.4419
vn -0.6776 0.5877 0.4421
vn -0.3792 0.8103 0.4467
vn -0.3788 0.8104 0.4469
vn -0.0077 0.8952 0.4456
vn -0.0069 0.8949 0.4461
vn -0.0068 0.8949 0.4461
vn 0.3402 0.8283 0.4452
vn 0.3406 0.8279 0.4456
vn 0.3401 0.8283 0.4452
vn 0.6115 0.6555 0.4432
vn 0.6132 0.6547 0.4420
vn 0.7913 0.4226 0.4418
vn 0.7926 0.4227 0.4393
vn 0.7926 0.4228 0.4393
vn 0.7914 0.4226 0.4418
vn 0.8767 0.2032 0.4359
vn 0.8767 0.2033 0.4359
vn 0.8769 0.2026 0.4359
vn 0.8763 0.2031 0.4368
vn 0.8990 -0.0332 0.4366
vn 0.8990 -0.0331 0.4366
vn 0.8985 -0.0350 0.4376
vn 0.8526 -0.2926 0.4329
vn 0.8527 -0.2926 0.4329
vn 0.8527 -0.2926 0.4328
vn 0.8526 -0.2927 0.4328
vn 0.7303 -0.5285 0.4328
vn 0.7302 -0.5285 0.4329
vn 0.8527 -0.2927 0.4328
vn 0.5266 -0.7333 0.4301
vn 0.5264 -0.7333 0.4304
vn 0.2778 -0.8595 0.4291
vn 0.2777 -0.8595 0.4291
vn 0.0001 -0.9036 0.4285
vn 0.0001 -0.9036 0.4284
vn -0.2777 -0.8598 0.4286
vn -0.2776 -0.8598 0.4285
vn -0.5284 -0.7324 0.4294
vn -0.5284 -0.7325 0.4292
vn -0.7277 -0.5337 0.4308
vn -0.7277 -0.5338 0.4306
vn -0.8559 -0.2831 0.4328
vn -0.8560 -0.2833 0.4325
vn -0.9004 -0.0038 0.4350
vn -0.9005 -0.0041 0.4348
vn -0.9005 -0.0040 0.4348
vn 0.0775 -0.3978 0.9142
vn -0.0000 -0.4675 0.8840
vn -0.0000 -0.5038 0.8638
vn -0.9664 -0.0931 0.2397
vn -0.8381 -0.2232 0.4977
vn -0.9137 -0.2402 0.3278
vn -0.0166 -0.9448 0.3271
vn -0.0250 -0.9586 0.2835
vn -0.0096 -0.9441 0.3294
vn 0.1357 -0.3367 0.9318
vn 0.1626 -0.3435 0.9250
vn 0.0939 -0.4075 0.9084
vn -0.0096 -0.9442 0.3293
vn -0.0251 -0.9813 0.1908
vn -0.0000 -0.9496 0.3135
vn 0.1357 -0.3368 0.9318
vn 0.0776 -0.3977 0.9142
vn -0.9662 -0.1088 0.2335
vn -0.9681 -0.0949 0.2320
vn -0.9681 -0.0948 0.2321
vn -0.9685 -0.0904 0.2320
vn -0.9670 -0.0970 0.2354
vn 0.0017 1.0000 -0.0057
vn 0.0028 1.0000 -0.0090
vn -0.0000 1.0000 0.0030
vn 0.0000 1.0000 0.0029
vn -0.0000 1.0000 0.0058
vn 0.0017 1.0000 -0.0056
vn -0.0000 -0.9441 0.3297
vn 0.0011 -0.9431 0.3325
vn 0.0009 -0.9431 0.3325
vn -0.0075 -0.9430 0.3327
vn -0.0076 -0.9430 0.3327
vn -0.0250 -0.9587 0.2835
vn -0.0218 -0.9438 0.3299
vn -0.0166 -0.9449 0.3270
vn -0.0260 -0.9458 0.3238
vn -0.0128 -0.9461 0.3237
vn -0.9585 -0.1404 0.2481
vn -0.8381 -0.2233 0.4977
vn -0.9662 -0.1088 0.2336
vn 0.0107 0.1549 -0.9879
vn 0.0041 0.1403 -0.9901
vn 0.0043 0.1828 -0.9831
vn 0.0053 0.1963 -0.9805
vn 0.0106 0.1549 -0.9879
vn 0.0022 0.2260 -0.9741
vn 0.0022 0.2259 -0.9741
vn -0.0032 0.2346 -0.9721
vn -0.0005 0.2220 -0.9750
vn -0.0033 0.2346 -0.9721
vn 0.0014 0.2016 -0.9795
vn -0.0006 0.2014 -0.9795
vn -0.0000 0.1873 -0.9823
vn -0.0000 0.1875 -0.9823
vn 0.0022 0.2008 -0.9796
vn 0.0066 0.2256 -0.9742
vn 0.0084 0.2245 -0.9744
vn 0.0101 0.2487 -0.9685
vn 0.0067 0.2256 -0.9742
vn 0.0022 0.2009 -0.9796
vn 0.0085 0.2245 -0.9744
vn -0.0064 0.9686 -0.2485
vn -0.0017 0.9727 -0.2321
vn -0.0035 0.9717 -0.2364
vn 0.0019 0.9654 -0.2609
vn 0.0767 0.9373 -0.3401
vn -0.0004 0.9892 -0.1466
vn -0.0026 0.2072 -0.9783
vn -0.0037 0.2072 -0.9783
vn -0.0053 0.1916 -0.9815
vn -0.0052 0.1915 -0.9815
vn -0.0041 0.1916 -0.9815
vn -0.0042 0.1916 -0.9815
vn 0.0007 0.2037 -0.9790
vn 0.0008 0.2037 -0.9790
vn 0.0010 0.2037 -0.9790
vn 0.0009 0.2037 -0.9790
vn 0.0006 0.2037 -0.9790
vn 0.0018 0.2235 -0.9747
vn 0.0019 0.2235 -0.9747
vn 0.0015 0.2061 -0.9785
vn 0.0160 0.2089 -0.9778
vn 0.0014 0.2060 -0.9785
vn 0.1743 0.2147 -0.9610
vn 0.2004 0.2190 -0.9549
vn 0.0187 0.9700 -0.2425
vn 0.0126 0.9690 -0.2466
vn 0.0226 0.9841 -0.1762
vn 0.0226 0.9841 -0.1763
vn 0.0255 0.9848 -0.1721
vn 0.0042 0.9939 -0.1102
vn 0.0043 0.9939 -0.1102
vn 0.0040 0.9942 -0.1073
vn 0.0039 0.9942 -0.1073
vn -0.0162 0.9930 -0.1172
vn -0.0053 0.9928 -0.1197
vn -0.0307 0.9836 -0.1777
vn -0.0306 0.9836 -0.1777
vn -0.0199 0.9833 -0.1807
vn -0.0113 0.9742 -0.2256
vn -0.0077 0.9740 -0.2265
vn -0.1655 0.1854 -0.9686
vn -0.1856 0.1810 -0.9658
vn -0.0075 0.2195 -0.9756
vn 0.0021 0.2212 -0.9752
vn -0.1656 0.1854 -0.9686
vn 0.0021 0.2213 -0.9752
vn -0.0076 0.2195 -0.9756
vn 0.0013 0.2339 -0.9722
vn 0.0014 0.2339 -0.9723
vn 0.0009 0.2338 -0.9723
vn 0.0022 0.2213 -0.9752
vn 0.0008 0.2338 -0.9723
vn 0.0013 0.2340 -0.9722
vn -0.0008 0.2191 -0.9757
vn -0.0008 0.2192 -0.9757
vn -0.0012 0.2190 -0.9757
vn -0.0008 0.2070 -0.9783
vn -0.0003 0.2074 -0.9782
vn -0.0002 0.2075 -0.9782
vn -0.0007 0.2070 -0.9783
vn -0.0017 0.2252 -0.9743
vn -0.0018 0.2252 -0.9743
vn -0.0014 0.2253 -0.9743
vn -0.0003 0.2075 -0.9782
vn -0.0015 0.2254 -0.9743
vn 0.0067 0.2271 -0.9739
vn 0.0051 0.2280 -0.9737
vn 0.0068 0.2271 -0.9739
vn 0.0051 0.2263 -0.9740
vn 0.0050 0.2264 -0.9740
vn 0.0046 0.2268 -0.9739
vn 0.0045 0.2268 -0.9739
vn -0.0038 0.2072 -0.9783
vn 0.8321 -0.3109 -0.4593
vn 0.8587 -0.2801 -0.4291
vn 0.9095 -0.2095 -0.3590
vn 0.8967 -0.2294 -0.3786
vn 0.9662 -0.0910 -0.2411
vn 0.9662 -0.0909 -0.2410
vn 0.9444 -0.1449 -0.2950
vn 0.9865 -0.0139 -0.1630
vn 0.9834 -0.0295 -0.1788
vn 0.9444 -0.1450 -0.2950
vn 0.9888 -0.0003 -0.1492
vn 0.9891 0.0009 -0.1471
vn 0.9618 0.2517 0.1072
vn 0.9618 0.2518 0.1072
vn 0.9721 0.2214 0.0781
vn 0.9891 0.0009 -0.1470
vn 0.6796 0.5767 0.4533
vn 0.5562 0.6422 0.5274
vn 0.5562 0.6423 0.5274
vn 0.0970 0.7521 0.6518
vn 0.0769 0.7527 0.6539
vn -0.3945 0.6997 0.5957
vn -0.3242 0.7182 0.6157
vn -0.7637 0.5144 0.3900
vn -0.6725 0.5802 0.4595
vn -0.3242 0.7182 0.6158
vn -0.9667 0.2384 0.0926
vn -0.9742 0.2156 0.0669
vn -0.9742 0.2156 0.0668
vn -0.9668 0.2384 0.0926
vn -0.9889 0.0018 -0.1485
vn -0.9883 -0.0006 -0.1527
vn -0.9889 0.0018 -0.1486
vn -0.9858 -0.0148 -0.1671
vn -0.9835 -0.0267 -0.1790
vn -0.9835 -0.0268 -0.1790
vn -0.9858 -0.0149 -0.1671
vn -0.9751 -0.0608 -0.2134
vn -0.9669 -0.0871 -0.2398
vn -0.9669 -0.0872 -0.2398
vn -0.9190 -0.1910 -0.3449
vn -0.8651 -0.2698 -0.4230
vn -0.8650 -0.2698 -0.4230
vn -0.7110 -0.4163 -0.5667
vn -0.6400 -0.4637 -0.6127
vn -0.0064 -0.6177 -0.7864
vn -0.0012 -0.6176 -0.7865
vn 0.7085 -0.4195 -0.5676
vn 0.7084 -0.4195 -0.5676
vn 0.6356 -0.4674 -0.6145
vn -0.0012 -0.6177 -0.7865
vn 0.7084 -0.4195 -0.5675
vn 0.0000 0.9997 -0.0264
vn 0.0001 0.9998 -0.0183
vn 0.0000 0.9998 -0.0182
vn -0.9757 0.0636 -0.2096
vn -0.9849 -0.1227 -0.1219
vn -0.9656 0.1319 -0.2242
vn -0.9601 0.1435 -0.2400
vn -0.9757 0.0636 -0.2097
vn -0.9855 -0.1301 -0.1087
vn -0.9849 -0.1570 -0.0725
vn -0.9869 -0.1599 -0.0220
vn -0.9855 -0.1646 -0.0403
vn -0.1818 -0.9818 -0.0548
vn -0.1626 -0.9833 -0.0823
vn -0.1945 -0.9806 0.0223
vn -0.1946 -0.9806 0.0223
vn -0.1936 -0.9807 0.0291
vn -0.1927 -0.9793 0.0620
vn -0.2714 -0.9591 -0.0801
vn -0.9486 0.2000 -0.2451
vn -0.8207 0.4544 0.3462
vn -0.7636 0.0815 -0.6406
vn -0.7913 0.4556 -0.4078
vn -0.7191 -0.0695 0.6915
vn -0.7039 -0.4164 0.5754
vn -0.6872 -0.4442 -0.5749
vn -0.7168 -0.5955 0.3627
vn -0.6887 -0.6243 -0.3688
vn -0.6872 -0.4442 -0.5748
vn -0.8208 0.4544 0.3462
vn -0.7307 0.6730 -0.1151
vn -0.7064 0.5304 0.4688
vn -0.9666 0.2040 0.1554
vn -0.9760 0.1313 0.1738
vn -0.7064 0.5303 0.4688
vn 0.0000 0.2528 0.9675
vn -0.0002 0.2531 0.9674
vn -0.0005 0.2525 0.9676
vn -0.0006 0.2521 0.9677
vn 0.0001 0.2528 0.9675
vn -0.6353 -0.2987 0.7122
vn -0.9069 -0.3903 0.1588
vn -0.6364 -0.7674 0.0777
vn -0.9069 -0.3902 0.1588
vn -0.2766 -0.9607 -0.0234
vn -0.6364 -0.7674 0.0778
vn -0.5500 -0.5671 0.6132
vn -0.2765 -0.9607 -0.0234
vn -0.1914 -0.9752 0.1111
vn -0.1855 -0.9598 0.2107
vn -0.1830 -0.9603 0.2108
vn 0.0000 0.9980 -0.0634
vn 0.0000 0.9997 -0.0242
vn -0.0000 0.9997 -0.0239
vn 0.0000 0.9974 -0.0726
vn -0.1901 -0.9745 0.1190
vn 0.0000 -0.9979 0.0641
vn 0.0000 -0.9922 0.1245
vn 0.0000 -0.9753 0.2210
vn -0.1936 -0.9807 0.0292
vn 0.0000 -0.9997 0.0235
vn -0.0000 -0.9996 0.0300
vn -0.0000 0.9996 -0.0265
vn -0.0000 0.9913 -0.1318
vn 0.0105 0.7503 -0.6610
vn -0.0343 0.3177 -0.9476
vn 0.0025 0.7920 -0.6106
vn 0.0024 0.7920 -0.6106
vn 0.0734 0.9165 -0.3933
vn 0.0216 0.8365 -0.5476
vn -0.0000 0.7624 -0.6471
vn 0.0104 0.7503 -0.6610
vn 0.0001 0.7614 -0.6482
vn 0.0000 0.9978 -0.0662
vn 0.0001 0.9977 -0.0676
vn 0.0121 0.9995 0.0299
vn 0.0121 0.9995 0.0298
vn 0.0018 0.9683 0.2499
vn -0.0370 -0.9847 0.1702
vn -0.0000 -0.9755 0.2199
vn -0.0000 -0.9884 0.1520
vn -0.0369 -0.9847 0.1702
vn 0.1931 0.9811 -0.0085
vn 0.0443 0.9227 0.3830
vn 0.0443 0.9227 0.3831
vn 0.0066 0.8352 0.5499
vn 0.0093 0.8688 0.4951
vn 0.0444 0.9227 0.3830
vn 0.0094 0.8688 0.4951
vn 0.0120 0.9995 0.0299
vn -0.0000 0.8447 0.5352
vn -0.0000 0.9683 0.2499
vn -0.0000 0.8447 0.5353
vn -0.9489 -0.3144 -0.0266
vn -0.9477 -0.3155 -0.0473
vn -0.9162 -0.3996 -0.0287
vn -0.9348 -0.3520 -0.0477
vn -0.9477 -0.3156 -0.0473
vn -0.9477 -0.3156 -0.0472
vn -0.0260 -0.9671 -0.2531
vn -0.0934 -0.9618 -0.2573
vn 0.0000 -0.9942 -0.1076
vn -0.1935 -0.9807 0.0292
vn -0.0000 -0.9753 0.2211
vn -0.0261 -0.9671 -0.2532
vn 0.0000 -0.9734 -0.2291
vn -0.3924 -0.9128 0.1128
vn -0.1856 -0.9637 0.1921
vn -0.1855 -0.9637 0.1922
vn -0.0013 -0.8824 0.4705
vn -0.2509 -0.9676 -0.0275
vn -0.1855 -0.9637 0.1921
vn -0.2509 -0.9676 -0.0276
vn -0.2496 0.0268 0.9680
vn -0.1586 0.0271 0.9870
vn -0.1673 0.0270 0.9855
vn -0.2567 0.0268 0.9661
vn -0.0717 0.0272 0.9971
vn -0.0740 0.0271 0.9969
vn 0.0000 0.0272 0.9996
vn -0.0740 0.0272 0.9969
vn -0.9316 0.0032 -0.3635
vn -0.6764 0.6696 -0.3067
vn -0.9778 0.0044 -0.2096
vn -0.9988 0.0057 -0.0485
vn -0.9778 0.0045 -0.2096
vn -0.9997 0.0058 -0.0233
vn -0.9988 0.0056 -0.0485
vn -0.7307 0.6730 -0.1152
vn -1.0000 0.0061 -0.0047
vn -1.0000 0.0060 -0.0047
vn -0.7344 0.6584 0.1650
vn -0.9929 0.0158 0.1180
vn -0.9831 0.0158 0.1826
vn -0.4202 0.0261 0.9070
vn -0.3457 0.0265 0.9380
vn -0.3633 0.0267 0.9313
vn -0.4233 0.0267 0.9056
vn -0.4201 0.0261 0.9071
vn -0.2568 0.0268 0.9661
vn 0.8931 0.4497 -0.0134
vn 0.8573 0.4951 -0.1411
vn 0.8629 0.4898 -0.1247
vn 0.8957 0.4447 -0.0009
vn -0.8700 -0.4764 0.1274
vn -0.8875 -0.4609 0.0010
vn -0.8867 -0.4622 0.0101
vn -0.8683 -0.4771 0.1359
vn -0.9231 0.3843 -0.0093
vn -0.7465 0.6624 -0.0639
vn -0.9141 0.4045 -0.0265
vn -0.7497 0.6529 -0.1081
vn -0.7578 0.6524 -0.0116
vn -0.9424 0.3344 0.0017
vn -0.7719 0.6351 0.0263
vn -0.9093 0.4134 0.0477
vn -0.7174 0.6953 0.0445
vn -0.6624 0.7449 0.0794
vn -0.7607 0.5541 -0.3380
vn -0.9230 0.3613 -0.1323
vn -0.7696 0.6046 -0.2054
vn -0.9134 0.3960 -0.0940
vn -0.9034 0.4249 -0.0573
vn -0.7510 0.6438 -0.1465
vn -0.8536 0.5198 0.0344
vn -0.4924 0.8682 0.0617
vn 0.4111 0.5794 -0.7037
vn 0.9672 0.2157 -0.1344
vn 0.3409 0.7797 -0.5252
vn 0.2830 0.8777 -0.3869
vn 0.9410 0.3230 -0.1014
vn 0.1865 0.9563 -0.2253
vn 0.8995 0.4286 -0.0847
vn 0.6303 0.7735 -0.0667
vn 0.1865 0.9563 -0.2252
vn 0.7522 0.6557 -0.0655
vn -0.0230 0.9937 -0.1093
vn 0.0158 0.9943 -0.1050
vn 0.0973 0.9784 -0.1823
vn -0.7654 0.6423 -0.0395
vn -0.9307 0.3653 -0.0195
vn -0.6566 0.6754 0.3357
vn -0.7876 0.4823 -0.3836
vn -0.5811 0.5704 -0.5805
vn -0.6826 0.5359 -0.4969
vn 0.9738 0.1072 -0.2008
vn 0.4000 0.3975 -0.8258
vn 0.9537 0.1077 -0.2807
vn 0.4068 0.2839 -0.8683
vn 0.9399 0.0797 -0.3321
vn 0.4373 0.1758 -0.8820
vn -0.1139 0.9855 -0.1259
vn 0.1228 0.9833 -0.1341
vn 0.1284 0.9845 -0.1194
vn 0.1159 0.9872 -0.1099
vn -0.2447 0.9574 -0.1534
vn -0.1146 0.9901 -0.0808
vn 0.1160 0.9872 -0.1099
vn -0.1484 0.9838 -0.1003
vn 0.4827 0.1172 -0.8679
vn 0.9373 -0.0299 -0.3471
vn 0.4564 0.0939 -0.8848
vn 0.7236 0.1652 -0.6702
vn 0.6364 -0.2635 -0.7249
vn -0.7974 0.5924 -0.1145
vn -0.5916 0.7595 -0.2703
vn -0.5494 0.7689 -0.3269
vn -0.8488 0.5285 -0.0152
vn -0.7974 0.5925 -0.1144
vn -0.7876 0.4823 -0.3835
vn -0.7441 0.3732 -0.5542
vn -0.3994 0.8753 -0.2727
vn -0.5495 0.7689 -0.3269
vn -0.9372 0.2932 0.1888
vn -0.9608 0.2512 0.1172
vn -0.7611 0.4912 0.4236
vn -0.6200 0.7716 0.1423
vn -0.6543 0.7181 0.2371
vn -0.7811 0.4727 0.4080
vn -0.5554 0.5518 0.6221
vn -0.7871 0.4403 0.4320
vn -0.2756 0.9590 0.0662
vn -0.9797 -0.1389 0.1448
vn -0.5554 -0.6984 0.4514
vn -0.9139 -0.2811 0.2928
vn -0.4070 -0.4151 0.8137
vn -0.9419 -0.2226 0.2516
vn -0.6833 -0.4092 0.6047
vn -0.9665 0.2567 0.0065
vn -0.8186 0.5742 0.0163
vn -0.9684 0.2494 -0.0001
vn -0.8256 0.5642 0.0040
vn -0.5880 0.8086 0.0201
vn -0.5932 0.8050 0.0081
vn -0.5880 0.8086 0.0200
vn -0.3190 0.9474 0.0276
vn -0.5933 0.8050 0.0081
vn -0.3779 0.9256 0.0202
vn -0.9549 0.2955 0.0297
vn -0.8094 0.5863 0.0338
vn -0.5875 0.8083 0.0379
vn -0.2670 0.9631 0.0351
vn -0.2660 0.9610 0.0760
vn -0.9993 -0.0002 0.0373
vn -0.9645 0.2612 0.0378
vn -0.9990 0.0344 0.0274
vn -0.8091 0.5865 0.0370
vn -0.5869 0.8087 0.0390
vn -0.3096 0.9499 0.0421
vn 0.0039 0.9991 0.0414
vn -0.9988 -0.0092 0.0487
vn -0.9663 0.2535 0.0456
vn -0.8145 0.5780 0.0497
vn -0.5842 0.8100 0.0512
vn -0.2955 0.9540 0.0513
vn -0.0018 0.9986 0.0536
vn 0.2294 0.9718 0.0547
vn -0.1682 0.9802 0.1047
vn -0.9972 -0.0382 0.0639
vn -0.9643 0.2546 0.0726
vn -0.8067 0.5857 0.0781
vn -0.8067 0.5858 0.0781
vn -0.5869 0.8054 0.0834
vn -0.8145 0.5781 0.0497
vn -0.3070 0.9479 0.0852
vn 0.2327 0.9685 0.0885
vn 0.3483 0.9325 0.0958
vn -0.0958 0.9869 0.1295
vn -0.9963 -0.0060 0.0852
vn -0.9582 0.2648 0.1083
vn -0.8036 0.5833 0.1183
vn -0.5835 0.8026 0.1242
vn -0.3065 0.9432 0.1284
vn 0.0003 0.9915 0.1304
vn 0.2728 0.9524 0.1358
vn 0.3970 0.9007 0.1767
vn 0.3658 0.9041 0.2208
vn -0.0831 0.9804 0.1787
vn -0.9944 0.0144 0.1051
vn -0.9491 0.2918 0.1189
vn -0.8027 0.5794 0.1410
vn -0.5833 0.7986 0.1487
vn -0.5832 0.7986 0.1487
vn -0.3068 0.9392 0.1543
vn -0.0005 0.9875 0.1574
vn 0.3057 0.9390 0.1576
vn 0.5744 0.8004 0.1713
vn 0.6571 0.6548 0.3735
vn 0.6570 0.6548 0.3735
vn 0.3566 0.8579 0.3699
vn 0.4593 0.6265 0.6297
vn -0.1144 0.9022 0.4158
vn -0.1010 0.9543 0.2814
vn -0.1204 0.8007 0.5869
vn -0.0659 -0.0479 0.9967
vn -0.1979 0.0226 0.9800
vn 0.2122 0.2548 0.9434
vn -0.1460 0.3320 0.9319
vn 0.5858 0.3386 0.7363
vn 0.1804 0.0192 0.9834
vn 0.2039 -0.3588 0.9109
vn 0.5469 -0.5631 0.6195
vn 0.1359 -0.4708 0.8717
vn 0.3094 -0.7607 0.5706
vn 0.1492 -0.1827 0.9718
vn -0.9419 -0.2226 0.2517
vn -0.9689 -0.1799 0.1700
vn -0.9630 -0.1945 0.1868
vn -0.9991 0.0429 -0.0018
vn 0.0204 -0.3833 0.9234
vn -0.0977 -0.4096 0.9070
vn 0.0048 -0.7119 0.7023
vn -0.1369 -0.6660 0.7333
vn -0.9941 -0.0848 0.0680
vn -0.7908 -0.3825 0.4778
vn -0.6712 -0.4608 0.5807
vn -0.7544 -0.4183 0.5058
vn -0.0141 -0.2569 0.9663
vn 0.1358 -0.4709 0.8717
vn -0.0727 -0.3824 0.9211
vn -0.0094 -0.6113 0.7913
vn -0.0179 -0.8708 0.4912
vn -0.0094 -0.6113 0.7914
vn 0.3093 -0.7607 0.5707
vn -0.2709 -0.6894 0.6718
vn -0.2863 -0.5971 0.7493
vn -0.3309 -0.5344 0.7778
vn -0.0147 -0.2710 0.9625
vn -0.6833 -0.4091 0.6047
vn -0.1246 0.9719 0.1996
vn 0.5858 0.3386 0.7364
vn -0.0083 -0.0147 0.9999
vn 0.1491 -0.1827 0.9718
vn -0.4069 -0.4151 0.8137
vn -0.4837 -0.4394 0.7570
vn -0.3310 -0.5344 0.7777
vn -0.7908 -0.3825 0.4777
vn -0.5377 -0.4374 0.7208
vn -0.4837 -0.4394 0.7569
vn -0.5378 -0.4374 0.7207
vn -0.7439 -0.4617 0.4831
vn -0.7439 -0.4617 0.4832
vn -0.1048 0.6072 0.7876
vn -0.0034 -0.1278 0.9918
vn -0.1048 0.6071 0.7877
vn -0.0002 -0.7994 0.6007
vn -0.4150 0.9097 0.0126
vn -0.7457 0.6649 0.0429
vn -0.7746 0.6322 0.0180
vn -0.7782 0.6280 -0.0069
vn -0.5688 0.8224 -0.0099
vn -0.5575 0.8295 -0.0321
vn -0.8543 0.5196 -0.0110
vn -0.9791 0.2035 0.0066
vn -0.9983 -0.0568 0.0101
vn -0.9999 -0.0051 0.0137
vn -0.9984 -0.0562 0.0015
vn -1.0000 -0.0079 0.0030
vn -0.9992 -0.0397 0.0094
vn -0.9988 -0.0486 0.0019
vn -0.9962 -0.0871 0.0025
vn -0.9999 0.0074 0.0087
vn -0.9999 0.0062 0.0137
vn -0.9992 0.0261 0.0302
vn -0.9298 0.3360 0.1503
vn -0.9477 0.3188 0.0163
vn -0.8906 0.3719 0.2618
vn -0.9678 0.2278 0.1069
vn -0.9800 0.1839 0.0765
vn -0.9704 0.2250 0.0878
vn -0.9645 0.2593 0.0507
vn -0.9764 0.2090 0.0552
vn -0.9663 0.2573 -0.0053
vn -0.9678 0.2516 -0.0025
vn -0.9649 0.2625 0.0041
vn -0.9680 0.2496 -0.0249
vn -0.9694 0.2443 -0.0251
vn -0.9706 0.2404 -0.0095
vn -0.9789 0.2043 0.0084
vn -0.7112 0.7028 -0.0176
vn -0.5689 0.8224 -0.0099
vn -0.7111 0.7028 -0.0176
vn 0.7327 0.6793 0.0413
vn 0.6765 0.6696 -0.3067
vn 0.0000 0.9804 -0.1970
vn 0.1818 -0.9818 -0.0547
vn 0.2630 -0.9571 0.1213
vn 0.7676 0.1556 0.6218
vn 0.8207 0.4545 0.3462
vn 0.7191 -0.0695 0.6914
vn 0.6986 -0.2013 0.6866
vn 0.7039 -0.4164 0.5754
vn 0.7167 -0.5956 0.3627
vn 0.7168 -0.5955 0.3628
vn 0.0003 0.8576 0.5144
vn -0.9520 0.3044 -0.0335
vn -0.9538 0.2989 -0.0303
vn -0.9410 0.3379 -0.0193
vn -0.9660 0.2530 0.0539
vn -0.9802 0.1964 -0.0262
vn -0.9724 0.2291 -0.0445
vn -0.8487 0.5286 -0.0133
vn -0.9969 0.0790 0.0042
vn -0.9867 0.1590 0.0331
vn -0.9977 0.0672 0.0111
vn -0.9691 0.2391 0.0611
vn -0.9642 0.2528 0.0799
vn -0.9643 0.2624 0.0348
vn -0.9609 0.2761 0.0191
vn -0.9510 0.3092 -0.0044
vn -0.9366 0.3503 0.0016
vn -0.9334 0.3588 -0.0079
vn -0.9355 0.3529 -0.0153
vn -0.9654 0.2557 -0.0520
vn -0.9886 -0.0945 0.1172
vn -0.9901 -0.0838 0.1130
vn -0.9914 -0.1148 0.0631
vn -0.9909 -0.1309 0.0300
vn -0.9922 0.0354 0.1197
vn -0.9302 0.3664 -0.0221
vn -0.8023 0.5968 -0.0131
vn -0.6711 0.7413 -0.0121
vn -0.8487 0.5287 -0.0148
vn -0.8023 0.5968 -0.0136
vn -0.5576 0.8295 -0.0321
vn -0.9847 0.1055 0.1386
vn -0.8196 0.4928 0.2923
vn -0.8384 0.5444 -0.0275
vn -0.9841 0.1763 -0.0222
vn -0.8171 0.5753 -0.0374
vn -0.9681 0.2497 -0.0212
vn -0.9146 0.3937 0.0922
vn -0.8125 0.5825 -0.0243
vn -0.8490 0.5268 -0.0409
vn -0.9909 -0.0711 0.1143
vn -0.9968 0.0787 -0.0115
vn -0.9942 0.1061 -0.0165
vn -0.9977 -0.0644 -0.0217
vn -0.9973 -0.0732 -0.0027
vn -0.9997 -0.0140 -0.0211
vn -0.9999 -0.0107 -0.0035
vn -0.9991 0.0383 -0.0196
vn -0.9990 0.0433 -0.0059
vn -0.9876 -0.0985 0.1219
vn -0.9916 -0.0613 0.1135
vn -0.9842 0.1598 0.0770
vn -0.9811 0.0895 0.1718
vn -0.9749 0.2226 -0.0055
vn -0.9700 0.0241 0.2419
vn -0.9829 -0.1707 0.0697
vn -0.9874 -0.1340 0.0840
vn -0.9916 -0.0614 0.1135
vn -0.9886 -0.0944 0.1172
vn -0.9914 -0.1149 0.0631
vn -0.8487 0.5287 -0.0133
vn 0.7238 -0.1482 -0.6739
vn 0.7636 0.0815 -0.6405
vn 0.7913 0.4557 -0.4078
vn 0.7912 0.4557 -0.4078
vn 0.7306 0.6730 -0.1151
vn 0.7343 0.6584 0.1650
vn 0.6872 -0.4443 -0.5748
vn 0.6890 -0.2979 -0.6607
vn 0.1891 -0.9605 0.2040
vn 0.2395 -0.9240 0.2980
vn 0.1936 -0.9742 0.1155
vn 0.1945 -0.9790 0.0611
vn 0.2714 -0.9591 -0.0800
vn 0.6886 -0.6243 -0.3688
vn 0.4450 -0.7666 0.4629
vn 0.5499 -0.5671 0.6132
vn 0.6352 -0.2987 0.7122
vn 0.7227 0.1449 0.6758
vn 0.7064 0.5303 0.4688
vn -0.9407 0.3372 -0.0365
vn -0.8171 0.5746 -0.0469
vn -0.9522 0.2996 -0.0596
vn -0.8649 0.4961 -0.0756
vn -0.9528 0.2950 -0.0719
vn -0.9163 0.3905 -0.0894
vn -0.9606 0.2644 -0.0861
vn -0.9436 0.3163 -0.0982
vn -0.9682 0.2327 -0.0916
vn -0.9685 0.2268 -0.1032
vn -0.8430 0.5366 -0.0366
vn -0.8871 0.4567 -0.0668
vn -0.8947 0.4398 -0.0775
vn -0.9133 0.3966 -0.0924
vn -0.9167 0.3872 -0.0982
vn -0.9401 0.3265 -0.0976
vn -0.7522 0.6551 -0.0710
vn -0.7646 0.6383 -0.0890
vn -0.7739 0.6245 -0.1051
vn -0.7555 0.6451 -0.1143
vn -0.7574 0.6433 -0.1123
vn -0.7975 0.5924 -0.1144
vn -0.7231 0.6898 -0.0368
vn 0.0157 0.9944 -0.1049
vn -0.7574 0.6432 -0.1123
vn -0.9253 -0.3590 -0.1223
vn -0.9281 -0.3552 -0.1116
vn -0.9851 -0.1277 -0.1152
vn -0.9831 -0.1567 -0.0948
vn -0.8869 -0.3809 -0.2616
vn -0.9942 -0.0206 -0.1059
vn -0.9995 -0.0129 -0.0299
vn -0.9987 0.0385 -0.0332
vn -0.9981 -0.0205 -0.0588
vn -0.9971 0.0469 -0.0601
vn -0.9962 -0.0431 -0.0761
vn -0.9963 0.0340 -0.0795
vn -0.9947 -0.0341 -0.0967
vn -0.9942 0.0346 -0.1018
vn -0.9956 0.0862 -0.0365
vn -0.9932 0.0971 -0.0649
vn -0.9947 0.0692 -0.0761
vn -0.9938 0.0472 -0.1005
vn -0.9931 0.0022 -0.1169
vn -0.9769 0.2099 -0.0401
vn -0.9827 0.1714 -0.0702
vn -0.9879 0.1331 -0.0793
vn -0.9892 0.1063 -0.1008
vn -0.9902 0.0782 -0.1157
vn -0.9821 0.0194 -0.1876
vn -0.9921 0.0523 -0.1141
vn -0.8055 0.5906 -0.0484
vn -0.8872 0.4533 -0.0861
vn -0.9226 0.3742 -0.0936
vn -0.9501 0.2921 -0.1092
vn -0.9723 0.2034 -0.1154
vn -0.9894 0.0903 -0.1141
vn -0.8650 0.4961 -0.0756
vn -0.9685 0.2268 -0.1033
vn -0.9837 0.1490 -0.1008
vn -0.4556 0.1852 -0.8707
vn 0.1011 0.2371 -0.9662
vn -0.5161 -0.3320 -0.7896
vn 0.0433 -0.3315 -0.9425
vn -0.8065 0.1056 -0.5818
vn -0.8123 -0.2510 -0.5265
vn -0.5160 -0.3321 -0.7896
vn -0.9718 0.2355 -0.0115
vn -0.9764 0.2108 -0.0476
vn -0.9702 0.2391 -0.0392
vn -0.9806 0.1817 -0.0739
vn -0.9757 0.2087 -0.0673
vn -0.9858 0.1308 -0.1052
vn -0.9758 0.1894 -0.1092
vn -0.9819 0.1142 -0.1512
vn -0.9829 0.0864 -0.1624
vn -0.9676 0.0242 -0.2515
vn -0.9781 0.0229 -0.2067
vn -0.9568 -0.1091 -0.2696
vn -0.9745 -0.0943 -0.2037
vn -0.9066 -0.4203 -0.0372
vn -0.9648 -0.2613 -0.0281
vn -0.8914 -0.4517 -0.0371
vn -0.9553 -0.2925 -0.0418
vn -0.8902 -0.4535 -0.0432
vn -0.9510 -0.3039 -0.0562
vn -0.9091 -0.4166 0.0029
vn -0.9481 -0.3173 -0.0227
vn -0.9134 -0.3950 0.0980
vn -0.9668 -0.2538 0.0290
vn -0.9351 -0.2920 0.2008
vn -0.9753 -0.2140 0.0541
vn -0.9413 -0.2617 0.2131
vn -0.9783 -0.2026 0.0435
vn -0.9649 -0.2613 -0.0281
vn -0.9764 0.2107 -0.0476
vn -0.9718 0.2356 -0.0115
vn -0.9510 -0.3040 -0.0562
vn -0.9858 0.1309 -0.1052
vn -0.9374 -0.2933 -0.1875
vn -0.9600 -0.2706 0.0720
vn -0.9600 -0.2706 0.0719
vn -0.9325 -0.3059 -0.1923
vn -0.9325 -0.3059 -0.1922
vn -0.7231 0.6897 -0.0368
vn -0.7131 -0.7011 0.0068
vn -0.7066 -0.7075 -0.0083
vn -0.9842 -0.0922 0.1513
vn -0.9829 -0.1838 0.0111
vn -0.9554 -0.2834 -0.0830
vn -0.9096 -0.3975 -0.1210
vn -0.6217 -0.7830 0.0198
vn -0.9773 -0.2072 0.0440
vn -0.6217 -0.7830 0.0199
vn -0.9608 -0.2554 -0.1084
vn -0.6154 -0.7821 -0.0980
vn -0.9511 -0.2562 -0.1723
vn -0.8290 -0.4699 -0.3033
vn -0.9465 -0.2320 -0.2244
vn -0.8405 -0.2899 -0.4578
vn -0.9704 -0.1818 -0.1588
vn -0.9614 -0.2156 -0.1711
vn -0.9408 -0.1959 -0.2767
vn -0.9393 -0.2104 -0.2712
vn -0.9614 -0.2157 -0.1711
vn -0.9709 0.1172 0.2090
vn -0.9811 0.0894 0.1718
vn -0.9775 0.1977 0.0737
vn -0.9841 0.1598 0.0770
vn -0.9511 -0.2563 -0.1723
vn -0.9709 0.1172 0.2089
vn -0.9568 -0.0004 0.2907
vn -0.3700 -0.7319 0.5722
vn -0.3923 -0.8520 -0.3467
vn -0.4831 -0.8584 -0.1724
vn -0.5087 -0.8517 -0.1262
vn -0.6435 -0.7214 -0.2558
vn -0.6566 0.6754 0.3358
vn -0.9317 -0.1634 -0.3243
vn 0.1010 0.2371 -0.9662
vn 0.0432 -0.3315 -0.9424
vn -0.8808 -0.4689 -0.0660
vn -0.9829 -0.1706 0.0697
vn 0.0005 -1.0000 -0.0070
vn -0.7066 -0.7076 -0.0083
vn -0.0002 -0.9776 0.2104
vn -0.0003 -0.9702 0.2424
vn 0.0001 -0.9984 0.0568
vn 0.0002 -0.9993 0.0379
vn -0.0001 -0.9949 -0.1007
vn -0.0001 -0.9974 -0.0717
vn -0.0002 -0.9974 -0.0720
vn -0.4831 -0.8584 -0.1723
vn 0.0003 -0.9862 -0.1658
vn 0.1057 -0.8295 -0.5484
vn -0.3923 -0.8520 -0.3468
vn 0.0001 -0.9991 -0.0417
vn 0.0001 -0.9995 -0.0319
vn 0.0978 -0.3023 -0.9482
vn 0.0091 -0.2747 -0.9615
vn 0.0118 -0.0623 -0.9980
vn 0.0002 -0.0353 -0.9994
vn 0.5225 -0.1925 0.8306
vn -0.0003 -0.3532 0.9355
vn 0.3602 -0.3983 0.8436
vn -1.0000 -0.0006 -0.0009
vn -1.0000 -0.0013 -0.0011
vn -1.0000 0.0014 0.0012
vn 0.5704 -0.6021 0.5587
vn 0.5782 -0.7884 0.2102
vn -1.0000 0.0006 -0.0006
vn -1.0000 0.0010 -0.0003
vn 0.5870 -0.7884 -0.1839
vn 0.0049 -0.6964 -0.7176
vn 0.5405 -0.6195 -0.5692
vn -1.0000 0.0023 0.0017
vn -1.0000 0.0039 0.0069
vn -1.0000 0.0015 0.0002
vn -0.8808 -0.4689 -0.0659
vn -0.0003 -0.9401 0.3409
vn 0.0010 -0.2736 -0.9619
vn 0.0410 -0.2720 -0.9614
vn 0.0003 -0.4945 -0.8692
vn 0.2697 -0.4654 -0.8430
vn 0.3643 -0.8035 -0.4709
vn 0.4436 -0.8880 -0.1211
vn 0.3960 -0.9118 0.1085
vn 0.3724 -0.7541 0.5410
vn 0.3724 -0.7541 0.5409
vn 0.3400 -0.4554 0.8228
vn -0.0025 -0.4874 0.8732
vn -0.0088 -0.4201 0.9074
vn 0.5766 -0.3454 0.7404
vn -1.0000 0.0010 -0.0001
vn -1.0000 -0.0000 -0.0003
vn -1.0000 0.0012 -0.0001
vn -1.0000 -0.0000 -0.0004
vn -1.0000 0.0012 -0.0003
vn -1.0000 -0.0004 -0.0006
vn -1.0000 0.0013 -0.0003
vn -0.0001 -0.9271 0.3748
vn -0.0003 -0.7994 0.6008
vn -0.1368 -0.6660 0.7333
vn -0.1580 -0.9780 -0.1365
vn 0.7339 -0.0114 -0.6791
vn 0.7997 -0.0491 -0.5984
vn 0.7185 -0.0078 -0.6955
vn 0.7301 -0.1879 0.6570
vn 0.9632 0.1954 0.1847
vn 0.5224 -0.1925 0.8307
vn 0.7302 -0.1879 0.6569
vn 0.5147 -0.5653 0.6446
vn 0.5782 -0.7884 0.2101
vn 0.9778 -0.1911 0.0862
vn 0.9746 -0.1962 0.1079
vn 0.8504 -0.2979 0.4337
vn 0.3602 -0.3983 0.8435
vn 0.8504 -0.2978 0.4337
vn 0.9812 -0.1867 0.0492
vn 0.5405 -0.6196 -0.5692
vn 0.9673 -0.2520 -0.0275
vn 0.5870 -0.7884 -0.1840
vn 0.8087 -0.3704 -0.4570
vn 0.0978 -0.3024 -0.9482
vn -0.9096 -0.3974 -0.1210
vn -0.7497 -0.5927 -0.2944
vn 0.5318 -0.3967 -0.7482
vn 0.5918 -0.3399 -0.7309
vn -0.0197 -0.9085 -0.4175
vn -0.0434 -0.4135 -0.9095
vn -0.0001 -0.9297 -0.3683
vn -0.1092 -0.3954 -0.9120
vn -0.1695 -0.2725 -0.9471
vn -0.3633 0.0546 -0.9301
vn 0.9374 -0.0299 -0.3471
vn 0.1057 -0.8295 -0.5485
vn 0.0432 -0.3315 -0.9425
vn -0.5160 -0.3320 -0.7896
vn -0.8869 -0.3808 -0.2616
vn -0.8869 -0.3809 -0.2615
vn -0.9992 0.0260 0.0302
vn -0.9823 0.0181 -0.1866
vn -0.9608 -0.2553 -0.1084
vn -0.5985 -0.3809 -0.7048
vn -0.9199 -0.2681 -0.2861
vn -0.6167 -0.4969 -0.6106
vn -0.9203 -0.3068 -0.2428
vn -0.9171 -0.3416 -0.2055
vn -0.9133 -0.3759 -0.1568
vn -0.6054 -0.6161 -0.5039
vn -0.6179 -0.6929 -0.3716
vn -0.5100 -0.8332 0.2137
vn -0.5089 -0.8587 0.0608
vn -0.8816 -0.4527 0.1338
vn -0.8745 -0.4820 0.0547
vn -0.8829 -0.3523 0.3105
vn -0.8831 -0.3056 0.3559
vn -0.5244 -0.6596 0.5385
vn -0.5532 -0.5526 0.6234
vn -0.5354 -0.3849 0.7518
vn -0.5619 -0.4671 0.6828
vn -0.8991 -0.2416 0.3650
vn -0.8911 -0.2597 0.3722
vn -0.8092 0.1108 0.5770
vn -0.8647 0.1143 0.4892
vn -0.8604 0.1757 0.4784
vn -0.9013 0.1662 0.4001
vn -0.8988 0.2235 0.3770
vn -0.9253 0.2023 0.3209
vn -0.9275 0.2391 0.2872
vn -0.9417 0.2148 0.2590
vn -0.9494 0.3106 -0.0460
vn -0.9553 0.2952 0.0174
vn -0.9729 0.2304 -0.0180
vn -0.9692 0.2454 0.0229
vn -0.9570 0.2413 -0.1607
vn -0.9344 0.2559 -0.2479
vn -0.9304 0.2899 -0.2242
vn -0.9208 0.2650 -0.2863
vn -0.9109 0.1534 -0.3830
vn -0.9002 0.2436 -0.3610
vn -0.9318 0.1595 -0.3259
vn -0.9251 0.2387 -0.2953
vn -0.9002 0.2436 -0.3611
vn -0.9002 0.2435 -0.3611
vn -0.9658 0.2546 0.0494
vn -0.9539 0.2950 0.0559
vn -0.9538 0.2950 0.0559
vn -0.8942 -0.4474 0.0185
vn -0.5871 -0.8095 -0.0110
vn -0.8941 -0.4474 0.0185
vn -0.9679 0.2370 0.0833
vn -0.9557 0.2768 0.1002
vn -0.9050 -0.4249 -0.0190
vn -0.6076 -0.7889 -0.0915
vn -0.9665 0.2450 -0.0769
vn -0.9440 0.3039 -0.1282
vn -0.8783 -0.4139 0.2392
vn -0.8783 -0.4140 0.2392
vn -0.4962 -0.7696 0.4019
vn -0.9244 -0.2058 0.3212
vn -0.5355 -0.3849 0.7518
vn -0.7261 -0.3065 0.6154
vn -0.9244 -0.2058 0.3211
vn -0.9789 0.0099 -0.2039
vn -0.9684 -0.1595 0.1916
vn -0.9885 0.0051 -0.1513
vn -0.9823 0.0180 -0.1866
vn -0.9109 0.1533 -0.3830
vn -0.9823 0.0181 -0.1865
vn -0.9691 0.2454 0.0229
vn -0.6031 -0.4486 0.6596
vn -0.6291 -0.7473 -0.2139
vn -0.6031 -0.4485 0.6596
vn -0.1580 -0.9780 -0.1366
vn -0.6292 -0.7473 -0.2138
vn -0.5986 -0.3809 -0.7048
vn -0.8647 0.1142 0.4892
vn -0.9671 0.1994 0.1579
vn -0.9729 0.2303 -0.0179
vn -0.9344 0.2560 -0.2479
vn 0.5311 -0.2604 -0.8063
vn 0.5824 -0.4184 -0.6970
vn 0.7595 -0.6255 -0.1787
vn 0.7389 -0.6242 -0.2539
vn 0.8255 -0.5612 -0.0596
vn 0.7739 -0.6333 0.0076
vn 0.3960 -0.9118 0.1086
vn 0.7104 -0.6866 0.1546
vn 0.7209 -0.4611 0.5174
vn 0.7764 -0.4967 0.3880
vn 0.6238 -0.3270 0.7099
vn 0.9853 -0.1019 0.1370
vn 0.5766 -0.3423 0.7418
vn 0.9853 -0.1019 0.1371
vn 0.5551 -0.5466 -0.6270
vn 0.7267 -0.5460 -0.4170
vn 0.6033 -0.4558 0.6544
vn 0.6238 -0.3271 0.7099
vn 0.7405 -0.6284 0.2385
vn 0.7099 -0.6871 0.1547
vn 0.2254 -0.9742 0.0145
vn 0.0694 -0.9972 0.0295
vn 0.2069 -0.9782 0.0163
vn 0.0642 -0.9975 0.0300
vn -0.6291 -0.7473 -0.2138
vn -0.8096 -0.2844 0.5135
vn -0.9684 -0.1595 0.1915
vn 0.9967 0.0730 -0.0357
vn -0.6184 -0.6926 -0.3714
vn -0.6444 -0.7294 -0.2298
vn -0.9239 -0.3739 -0.0819
vn -0.6444 -0.7294 -0.2297
vn -0.9453 0.2596 0.1977
vn -0.9671 0.1993 0.1579
vn -0.8988 0.2234 0.3770
vn -0.9239 -0.3738 -0.0819
vn -0.6435 -0.7214 -0.2559
vn 0.0301 -0.0281 0.9991
vn 0.0050 -0.0110 0.9999
vn 0.0062 -0.0201 0.9998
vn -0.0005 -0.0125 0.9999
vn 0.0012 -0.0175 0.9998
vn 0.0061 -0.0201 0.9998
vn 0.0048 -0.0110 0.9999
vn 0.0011 -0.0175 0.9998
vn -0.0015 -0.0237 0.9997
vn -0.0184 -0.0475 0.9987
vn -0.0016 -0.0237 0.9997
vn -0.0051 -0.0192 0.9998
vn -0.0050 -0.0193 0.9998
vn -0.0295 -0.0163 0.9994
vn -0.0053 -0.0192 0.9998
vn -0.0190 -0.0213 0.9996
vn 0.5377 -0.1405 0.8314
vn -0.0185 -0.0214 0.9996
vn 0.0069 0.0102 0.9999
vn -0.0187 -0.0213 0.9996
vn -0.0050 -0.0192 0.9998
vn 0.0067 0.0102 0.9999
vn 0.0012 -0.0176 0.9998
vn 0.0049 -0.0110 0.9999
vn -0.1440 0.2051 0.9681
vn 0.0066 0.0102 0.9999
vn -0.0181 0.0561 0.9983
vn -0.0129 -0.0154 0.9998
vn -0.0180 0.0561 0.9983
vn 0.0029 0.0061 1.0000
vn 0.0067 0.0011 1.0000
vn 0.0069 0.0012 1.0000
vn 0.0187 0.0123 0.9997
vn 0.8475 0.2984 0.4389
vn 0.8473 0.2986 0.4392
vn 0.6778 0.5877 0.4419
vn 0.6776 0.5877 0.4421
vn 0.6778 0.5876 0.4419
vn 0.3792 0.8103 0.4467
vn 0.3788 0.8104 0.4469
vn 0.0077 0.8952 0.4456
vn 0.0069 0.8949 0.4461
vn 0.0068 0.8949 0.4461
vn -0.3402 0.8283 0.4452
vn -0.3406 0.8279 0.4456
vn -0.3401 0.8283 0.4452
vn -0.6115 0.6555 0.4432
vn -0.6132 0.6547 0.4420
vn -0.7913 0.4226 0.4418
vn -0.7926 0.4227 0.4393
vn -0.7914 0.4226 0.4418
vn -0.7926 0.4228 0.4393
vn -0.8767 0.2032 0.4359
vn -0.8769 0.2026 0.4359
vn -0.8767 0.2033 0.4359
vn -0.8990 -0.0332 0.4366
vn -0.8985 -0.0350 0.4376
vn -0.8990 -0.0331 0.4366
vn -0.8526 -0.2926 0.4329
vn -0.8527 -0.2926 0.4328
vn -0.8527 -0.2926 0.4329
vn -0.8526 -0.2927 0.4328
vn -0.7303 -0.5285 0.4328
vn -0.7302 -0.5285 0.4329
vn -0.8527 -0.2927 0.4328
vn -0.5266 -0.7333 0.4301
vn -0.5264 -0.7333 0.4304
vn -0.2778 -0.8595 0.4291
vn -0.2777 -0.8595 0.4291
vn -0.0001 -0.9036 0.4285
vn -0.0001 -0.9036 0.4284
vn 0.2777 -0.8598 0.4286
vn 0.2776 -0.8598 0.4285
vn 0.5284 -0.7324 0.4294
vn 0.5284 -0.7325 0.4292
vn 0.7277 -0.5337 0.4308
vn 0.7277 -0.5338 0.4306
vn 0.8559 -0.2831 0.4328
vn 0.8560 -0.2833 0.4325
vn 0.9004 -0.0038 0.4350
vn 0.9005 -0.0041 0.4348
vn 0.9005 -0.0040 0.4348
vn -0.0775 -0.3978 0.9142
vn 0.8381 -0.2232 0.4977
vn 0.9664 -0.0931 0.2397
vn 0.9137 -0.2402 0.3278
vn 0.0250 -0.9586 0.2835
vn 0.0166 -0.9448 0.3271
vn 0.0096 -0.9441 0.3294
vn -0.1626 -0.3435 0.9250
vn -0.1357 -0.3367 0.9318
vn -0.0939 -0.4075 0.9084
vn 0.0251 -0.9813 0.1908
vn -0.1357 -0.3368 0.9318
vn -0.0776 -0.3977 0.9142
vn 0.9662 -0.1088 0.2335
vn 0.9681 -0.0949 0.2320
vn 0.9681 -0.0948 0.2320
vn 0.9685 -0.0904 0.2320
vn 0.9670 -0.0970 0.2354
vn 0.9681 -0.0948 0.2321
vn -0.0028 1.0000 -0.0090
vn -0.0017 1.0000 -0.0057
vn -0.0017 1.0000 -0.0056
vn -0.0011 -0.9431 0.3325
vn -0.0010 -0.9431 0.3325
vn 0.0096 -0.9442 0.3293
vn 0.0075 -0.9430 0.3327
vn 0.0250 -0.9587 0.2835
vn 0.0218 -0.9438 0.3299
vn 0.0166 -0.9449 0.3271
vn 0.0260 -0.9458 0.3238
vn 0.0166 -0.9449 0.3270
vn 0.0128 -0.9461 0.3237
vn 0.9585 -0.1404 0.2481
vn 0.9662 -0.1088 0.2336
vn 0.8381 -0.2233 0.4977
vn -0.0041 0.1403 -0.9901
vn -0.0107 0.1549 -0.9879
vn -0.0043 0.1828 -0.9831
vn -0.0053 0.1963 -0.9805
vn -0.0106 0.1549 -0.9879
vn -0.0022 0.2259 -0.9741
vn 0.0032 0.2346 -0.9721
vn 0.0033 0.2346 -0.9721
vn 0.0005 0.2220 -0.9750
vn -0.0014 0.2016 -0.9795
vn 0.0006 0.2014 -0.9795
vn 0.0000 0.1874 -0.9823
vn -0.0022 0.2008 -0.9796
vn -0.0066 0.2256 -0.9742
vn -0.0100 0.2487 -0.9685
vn -0.0084 0.2245 -0.9744
vn -0.0022 0.2009 -0.9796
vn -0.0067 0.2256 -0.9742
vn -0.0085 0.2245 -0.9744
vn 0.0017 0.9727 -0.2321
vn 0.0064 0.9686 -0.2485
vn 0.0035 0.9717 -0.2364
vn -0.0019 0.9654 -0.2609
vn -0.0767 0.9373 -0.3401
vn 0.0004 0.9892 -0.1466
vn 0.0037 0.2072 -0.9783
vn 0.0026 0.2072 -0.9783
vn 0.0053 0.1915 -0.9815
vn 0.0040 0.1916 -0.9815
vn 0.0051 0.1915 -0.9815
vn 0.0025 0.2072 -0.9783
vn 0.0053 0.1916 -0.9815
vn 0.0042 0.1916 -0.9815
vn -0.0007 0.2037 -0.9790
vn -0.0010 0.2037 -0.9790
vn -0.0008 0.2037 -0.9790
vn 0.0041 0.1916 -0.9815
vn -0.0006 0.2037 -0.9790
vn -0.0009 0.2037 -0.9790
vn -0.0018 0.2235 -0.9747
vn -0.0019 0.2235 -0.9747
vn -0.0015 0.2061 -0.9785
vn -0.0160 0.2089 -0.9778
vn -0.0014 0.2060 -0.9785
vn -0.1743 0.2147 -0.9610
vn -0.2004 0.2190 -0.9549
vn -0.0126 0.9690 -0.2466
vn -0.0187 0.9700 -0.2425
vn -0.0226 0.9841 -0.1762
vn -0.0255 0.9848 -0.1720
vn -0.0226 0.9841 -0.1763
vn -0.0255 0.9848 -0.1721
vn -0.0042 0.9939 -0.1102
vn -0.0040 0.9942 -0.1073
vn -0.0043 0.9939 -0.1102
vn -0.0039 0.9942 -0.1073
vn 0.0162 0.9930 -0.1171
vn 0.0053 0.9928 -0.1197
vn 0.0162 0.9930 -0.1172
vn 0.0307 0.9836 -0.1777
vn 0.0199 0.9833 -0.1807
vn 0.0113 0.9742 -0.2256
vn 0.0077 0.9740 -0.2265
vn 0.1856 0.1810 -0.9658
vn 0.1655 0.1854 -0.9686
vn 0.0075 0.2195 -0.9756
vn -0.0021 0.2212 -0.9752
vn 0.1656 0.1854 -0.9686
vn 0.0076 0.2195 -0.9756
vn -0.0021 0.2213 -0.9752
vn -0.0013 0.2339 -0.9722
vn -0.0009 0.2338 -0.9723
vn -0.0014 0.2339 -0.9723
vn -0.0022 0.2213 -0.9752
vn -0.0013 0.2340 -0.9722
vn -0.0008 0.2338 -0.9723
vn 0.0008 0.2191 -0.9757
vn 0.0012 0.2190 -0.9757
vn 0.0008 0.2192 -0.9757
vn -0.0009 0.2337 -0.9723
vn 0.0008 0.2070 -0.9783
vn 0.0002 0.2074 -0.9782
vn 0.0007 0.2070 -0.9783
vn 0.0002 0.2075 -0.9782
vn 0.0017 0.2252 -0.9743
vn 0.0014 0.2253 -0.9743
vn 0.0018 0.2252 -0.9743
vn 0.0003 0.2075 -0.9782
vn 0.0015 0.2253 -0.9743
vn -0.0067 0.2271 -0.9739
vn -0.0051 0.2280 -0.9737
vn 0.0015 0.2254 -0.9743
vn -0.0068 0.2271 -0.9739
vn -0.0052 0.2280 -0.9737
vn -0.0051 0.2263 -0.9740
vn -0.0046 0.2268 -0.9739
vn -0.0050 0.2263 -0.9740
vn -0.0050 0.2279 -0.9737
vn -0.0050 0.2264 -0.9740
vn -0.0045 0.2268 -0.9739
vn 0.0038 0.2072 -0.9783
vn -0.8587 -0.2801 -0.4291
vn -0.8321 -0.3109 -0.4593
vn -0.9095 -0.2095 -0.3590
vn -0.8967 -0.2295 -0.3786
vn -0.8967 -0.2294 -0.3786
vn -0.9662 -0.0910 -0.2411
vn -0.9444 -0.1449 -0.2950
vn -0.9662 -0.0909 -0.2410
vn -0.9865 -0.0139 -0.1630
vn -0.9834 -0.0295 -0.1788
vn -0.9444 -0.1450 -0.2950
vn -0.9888 -0.0000 -0.1489
vn -0.9891 0.0009 -0.1471
vn -0.9888 -0.0003 -0.1492
vn -0.9891 0.0009 -0.1470
vn -0.9618 0.2517 0.1072
vn -0.9721 0.2214 0.0781
vn -0.9618 0.2518 0.1072
vn -0.6796 0.5767 0.4533
vn -0.5562 0.6422 0.5274
vn -0.5562 0.6423 0.5274
vn -0.0970 0.7521 0.6518
vn -0.0769 0.7527 0.6539
vn 0.3945 0.6997 0.5957
vn 0.3242 0.7182 0.6157
vn 0.7637 0.5144 0.3900
vn 0.6725 0.5802 0.4594
vn 0.3242 0.7182 0.6158
vn 0.6725 0.5802 0.4595
vn 0.9667 0.2384 0.0926
vn 0.9742 0.2156 0.0669
vn 0.9668 0.2384 0.0926
vn 0.9742 0.2156 0.0668
vn 0.9889 0.0018 -0.1485
vn 0.9883 -0.0007 -0.1527
vn 0.9889 0.0018 -0.1486
vn 0.9883 -0.0006 -0.1527
vn 0.9858 -0.0148 -0.1671
vn 0.9835 -0.0267 -0.1790
vn 0.9858 -0.0149 -0.1671
vn 0.9835 -0.0268 -0.1790
vn 0.9751 -0.0608 -0.2134
vn 0.9669 -0.0871 -0.2398
vn 0.9669 -0.0872 -0.2398
vn 0.9190 -0.1910 -0.3449
vn 0.8651 -0.2698 -0.4230
vn 0.8650 -0.2698 -0.4230
vn 0.7110 -0.4163 -0.5667
vn 0.6400 -0.4637 -0.6127
vn 0.0064 -0.6177 -0.7864
vn 0.0012 -0.6176 -0.7865
vn 0.0011 -0.6176 -0.7865
vn -0.7085 -0.4195 -0.5676
vn -0.6356 -0.4674 -0.6145
vn -0.7084 -0.4195 -0.5675
vn 0.0012 -0.6177 -0.7864
vn -0.7085 -0.4195 -0.5675
vn -0.0001 0.9998 -0.0183
vn 0.9849 -0.1227 -0.1219
vn 0.9757 0.0636 -0.2096
vn 0.9656 0.1319 -0.2242
vn 0.9601 0.1435 -0.2400
vn 0.9757 0.0636 -0.2097
vn 0.9849 -0.1570 -0.0725
vn 0.9855 -0.1301 -0.1087
vn 0.9855 -0.1646 -0.0403
vn 0.9869 -0.1599 -0.0220
vn 0.1626 -0.9833 -0.0823
vn 0.1818 -0.9818 -0.0548
vn 0.1945 -0.9806 0.0223
vn 0.1946 -0.9806 0.0223
vn 0.1936 -0.9807 0.0291
vn 0.1927 -0.9793 0.0620
vn 0.2714 -0.9591 -0.0801
vn 0.9486 0.2000 -0.2451
vn 0.8207 0.4544 0.3462
vn 0.7636 0.0815 -0.6406
vn 0.7913 0.4556 -0.4078
vn 0.7191 -0.0695 0.6915
vn 0.6872 -0.4442 -0.5749
vn 0.7168 -0.5955 0.3627
vn 0.6887 -0.6243 -0.3688
vn 0.6872 -0.4442 -0.5748
vn 0.8208 0.4544 0.3462
vn 0.7307 0.6730 -0.1151
vn 0.7064 0.5304 0.4688
vn 0.9666 0.2040 0.1554
vn 0.9760 0.1313 0.1738
vn 0.0002 0.2531 0.9674
vn 0.0005 0.2525 0.9676
vn 0.0006 0.2521 0.9677
vn -0.0001 0.2528 0.9675
vn 0.6353 -0.2987 0.7122
vn 0.9069 -0.3903 0.1588
vn 0.6364 -0.7674 0.0777
vn 0.9069 -0.3902 0.1588
vn 0.2766 -0.9607 -0.0234
vn 0.5500 -0.5671 0.6132
vn 0.6364 -0.7674 0.0778
vn 0.2765 -0.9607 -0.0234
vn 0.1914 -0.9752 0.1111
vn 0.1855 -0.9598 0.2107
vn 0.1830 -0.9603 0.2108
vn -0.0001 0.9974 -0.0726
vn 0.1901 -0.9745 0.1190
vn 0.1936 -0.9807 0.0292
vn 0.0343 0.3178 -0.9475
vn -0.0105 0.7503 -0.6610
vn -0.0025 0.7920 -0.6106
vn -0.0734 0.9165 -0.3933
vn -0.0024 0.7920 -0.6106
vn -0.0216 0.8365 -0.5476
vn -0.0104 0.7503 -0.6610
vn -0.0001 0.7614 -0.6482
vn -0.0001 0.9977 -0.0676
vn -0.0121 0.9995 0.0299
vn -0.0121 0.9995 0.0298
vn 0.0370 -0.9847 0.1702
vn 0.0369 -0.9847 0.1702
vn -0.1931 0.9811 -0.0085
vn -0.0443 0.9227 0.3830
vn -0.0066 0.8352 0.5499
vn -0.0443 0.9227 0.3831
vn -0.0093 0.8688 0.4951
vn -0.0120 0.9995 0.0299
vn 0.0005 0.9683 0.2499
vn 0.9477 -0.3155 -0.0473
vn 0.9489 -0.3144 -0.0266
vn 0.9348 -0.3520 -0.0477
vn 0.9162 -0.3996 -0.0287
vn 0.9477 -0.3156 -0.0473
vn 0.9477 -0.3156 -0.0472
vn 0.0260 -0.9671 -0.2531
vn 0.0934 -0.9618 -0.2573
vn 0.1935 -0.9807 0.0292
vn 0.0261 -0.9671 -0.2532
vn 0.3924 -0.9128 0.1128
vn 0.1817 -0.9818 -0.0547
vn 0.1856 -0.9637 0.1921
vn 0.0013 -0.8824 0.4705
vn 0.1856 -0.9637 0.1922
vn 0.2509 -0.9676 -0.0275
vn 0.1855 -0.9637 0.1921
vn 0.2509 -0.9676 -0.0276
vn 0.1586 0.0271 0.9870
vn 0.2496 0.0268 0.9680
vn 0.1673 0.0270 0.9855
vn 0.2567 0.0268 0.9661
vn 0.0717 0.0272 0.9971
vn 0.0740 0.0271 0.9969
vn 0.1672 0.0270 0.9855
vn 0.0740 0.0272 0.9969
vn 0.6764 0.6696 -0.3067
vn 0.9316 0.0032 -0.3635
vn 0.9778 0.0044 -0.2096
vn 0.9988 0.0056 -0.0485
vn 0.9778 0.0035 -0.2096
vn 0.9997 0.0058 -0.0233
vn 0.7307 0.6730 -0.1152
vn 1.0000 0.0061 -0.0047
vn 0.9997 0.0057 -0.0233
vn 0.7344 0.6584 0.1650
vn 0.9929 0.0158 0.1180
vn 0.9831 0.0158 0.1826
vn 0.3457 0.0265 0.9380
vn 0.4198 0.0260 0.9072
vn 0.3633 0.0267 0.9313
vn 0.4233 0.0267 0.9056
vn 0.4201 0.0261 0.9071
vn 0.2568 0.0268 0.9661
vn -0.8573 0.4951 -0.1411
vn -0.8931 0.4497 -0.0134
vn -0.8629 0.4898 -0.1247
vn -0.8957 0.4447 -0.0009
vn 0.8875 -0.4609 0.0010
vn 0.8700 -0.4764 0.1274
vn 0.8867 -0.4622 0.0101
vn 0.8683 -0.4771 0.1359
vn 0.2280 0.9214 -0.3146
vn 0.4702 0.8339 -0.2891
vn 0.4985 0.7134 -0.4926
vn 0.2208 0.8370 -0.5007
vn 0.2280 0.9215 -0.3146
vn 0.1024 0.9425 -0.3182
vn 0.1064 0.8704 -0.4807
vn 0.0323 0.9496 -0.3117
vn 0.1065 0.8704 -0.4807
vn 0.0427 0.8890 -0.4558
vn 0.2365 0.9485 -0.2106
vn 0.4747 0.8585 -0.1939
vn 0.4702 0.8339 -0.2890
vn 0.1058 0.9706 -0.2162
vn 0.0297 0.9756 -0.2176
vn 0.4528 0.8815 -0.1338
vn 0.7496 0.6529 -0.1082
vn 0.4299 0.8984 -0.0899
vn 0.4268 0.9037 0.0350
vn 0.7719 0.6352 0.0263
vn 0.4269 0.9042 -0.0146
vn 0.2440 0.9690 0.0375
vn 0.2441 0.9696 -0.0157
vn 0.1087 0.9933 0.0385
vn 0.1087 0.9939 -0.0161
vn 0.0305 0.9988 0.0387
vn 0.0305 0.9994 -0.0162
vn 0.4083 0.9086 0.0886
vn 0.2419 0.9650 0.1017
vn 0.4082 0.9086 0.0886
vn 0.4267 0.9037 0.0350
vn 0.2419 0.9650 0.1018
vn 0.1081 0.9883 0.1077
vn 0.0304 0.9936 0.1084
vn 0.3766 0.9162 0.1369
vn 0.6624 0.7449 0.0794
vn 0.2321 0.9560 0.1793
vn 0.1075 0.9732 0.2034
vn 0.0308 0.9786 0.2035
vn 0.3153 0.9220 0.2247
vn 0.2061 0.9290 0.3075
vn 0.1039 0.9331 0.3442
vn 0.0345 0.9341 0.3553
vn 0.2281 0.7984 0.5573
vn 0.3950 0.7528 0.5266
vn 0.1109 0.8195 0.5623
vn 0.0436 0.8184 0.5730
vn 0.7608 0.5541 -0.3380
vn 0.4985 0.7134 -0.4925
vn 0.3494 0.1755 -0.9204
vn -0.4827 0.1171 -0.8679
vn -0.4563 0.0916 -0.8851
vn 0.3633 0.0545 -0.9301
vn -0.4111 0.5794 -0.7038
vn 0.4986 0.5425 -0.6760
vn 0.5063 0.7060 -0.4952
vn -0.2829 0.8777 -0.3868
vn 0.4906 0.7891 -0.3696
vn 0.5063 0.7060 -0.4951
vn 0.4439 0.8587 -0.2560
vn 0.3689 0.9038 -0.2170
vn 0.2642 0.9537 -0.1437
vn 0.3176 0.9356 -0.1545
vn 0.1455 0.9705 -0.1924
vn 0.2432 0.9536 -0.1775
vn 0.2366 0.9640 -0.1211
vn 0.1354 0.9825 -0.1277
vn 0.3440 0.6289 -0.6972
vn 0.1497 0.6919 -0.7063
vn 0.1553 0.8566 -0.4920
vn 0.3522 0.8144 -0.4612
vn 0.1662 0.9427 -0.2893
vn 0.3573 0.8984 -0.2554
vn 0.1850 0.9651 -0.1851
vn 0.3367 0.9247 -0.1775
vn 0.3198 0.9361 -0.1466
vn 0.2073 0.9654 -0.1580
vn 0.2305 0.9677 -0.1020
vn 0.3034 0.9466 -0.1087
vn 0.1455 0.9837 -0.1060
vn 0.3460 0.0951 -0.9334
vn 0.3970 0.1186 -0.9101
vn 0.3335 0.0672 -0.9403
vn 0.2856 0.0776 -0.9552
vn 0.0000 0.9447 0.3279
vn 0.0000 0.8451 0.5346
vn -0.0000 0.9792 0.2030
vn -0.0000 0.9941 0.1084
vn 0.0000 0.9999 -0.0162
vn -0.0000 0.9992 0.0387
vn 0.0000 0.8972 -0.4417
vn -0.0000 0.9522 -0.3055
vn 0.0305 0.9978 -0.0593
vn 0.1085 0.9923 -0.0590
vn 0.0304 0.9950 -0.0956
vn 0.1081 0.9896 -0.0950
vn 0.2437 0.9682 -0.0575
vn 0.2424 0.9658 -0.0921
vn 0.7655 0.6423 -0.0395
vn 0.4264 0.9029 -0.0536
vn -0.0000 0.9982 -0.0594
vn 0.0000 0.9954 -0.0956
vn -0.0000 0.9895 -0.1445
vn 0.0302 0.9890 -0.1445
vn -0.0000 0.9760 -0.2177
vn 0.1074 0.9838 -0.1436
vn 0.2386 0.9609 -0.1404
vn 0.2434 0.7284 -0.6405
vn 0.1236 0.8147 -0.5666
vn 0.0498 0.8370 -0.5450
vn -0.0000 0.8474 -0.5310
vn 0.5811 0.5703 -0.5805
vn 0.0748 0.9825 -0.1707
vn 0.0660 0.9914 -0.1128
vn -0.0000 0.9839 -0.1788
vn 0.0000 0.9927 -0.1209
vn 0.0701 0.9923 -0.1021
vn 0.0000 0.9952 -0.0980
vn 0.0857 0.9814 -0.1720
vn 0.0000 0.9867 -0.1628
vn 0.2499 0.9579 -0.1411
vn 0.2640 0.9550 -0.1353
vn 0.2352 0.9594 -0.1555
vn 0.2540 0.9552 -0.1517
vn 0.0866 0.9725 -0.2160
vn -0.0000 0.9776 -0.2105
vn 0.0841 0.9416 -0.3259
vn 0.0773 0.8542 -0.5141
vn 0.0000 0.9436 -0.3311
vn 0.0000 0.8563 -0.5165
vn 0.0729 0.7005 -0.7099
vn -0.0000 0.7133 -0.7008
vn 0.0726 0.5350 -0.8417
vn -0.0000 0.5386 -0.8426
vn 0.0658 0.3678 -0.9276
vn 0.0000 0.3473 -0.9378
vn 0.0542 0.1748 -0.9831
vn 0.0000 0.1636 -0.9865
vn 0.0562 0.1049 -0.9929
vn 0.0000 0.1204 -0.9927
vn 0.1498 0.6919 -0.7063
vn 0.1524 0.5043 -0.8500
vn 0.1593 0.3356 -0.9285
vn 0.1494 0.1487 -0.9775
vn 0.1482 0.0888 -0.9850
vn 0.0434 -0.4134 -0.9095
vn 0.3470 0.4048 -0.8460
vn 0.3634 0.2447 -0.8989
vn 0.4697 0.3352 -0.8167
vn 0.4302 0.1991 -0.8805
vn 0.4987 0.5426 -0.6760
vn -0.4068 0.2840 -0.8683
vn -0.4373 0.1757 -0.8820
vn 0.4191 0.1640 -0.8930
vn 0.2435 0.9479 -0.2052
vn -0.4112 0.5794 -0.7037
vn -0.4000 0.3976 -0.8258
vn 0.1214 0.7246 0.6784
vn 0.0487 0.7199 0.6924
vn 0.2489 0.6833 0.6864
vn 0.2281 0.7984 0.5572
vn 0.5554 0.5518 0.6222
vn 0.0913 0.7171 0.6909
vn 0.0479 0.7157 0.6968
vn 0.0400 0.9019 0.4300
vn 0.0873 0.9027 0.4213
vn -0.0000 0.7258 0.6879
vn 0.0000 0.9091 0.4166
vn 0.1734 0.7061 0.6865
vn 0.1650 0.8951 0.4142
vn 0.3180 0.6662 0.6746
vn 0.2871 0.8721 0.3963
vn 0.4802 0.6166 0.6239
vn 0.3975 0.8414 0.3662
vn 0.4864 0.8189 0.3046
vn 0.6295 0.5790 0.5181
vn 0.3615 0.6109 0.7043
vn -0.0000 0.7483 0.6634
vn 0.4864 0.8189 0.3047
vn 0.0000 0.9975 0.0703
vn 0.0297 0.9964 0.0789
vn 0.0658 0.9950 0.0755
vn 0.1248 0.9900 0.0654
vn 0.2099 0.9765 0.0493
vn 0.2817 0.9583 0.0489
vn 0.3976 0.8413 0.3662
vn 0.3355 0.9386 0.0802
vn 0.3814 0.8501 0.3632
vn 0.1668 0.9068 0.3872
vn 0.1752 0.7920 0.5848
vn 0.3616 0.7653 0.5325
vn 0.0826 0.9161 0.3924
vn 0.0924 0.8224 0.5614
vn 0.0545 0.9254 0.3752
vn 0.0592 0.8342 0.5482
vn 0.3243 0.6135 0.7200
vn 0.1204 0.8006 0.5869
vn 0.3616 0.7653 0.5324
vn 0.1878 0.6185 0.7630
vn 0.1091 0.6616 0.7418
vn 0.0699 0.6698 0.7392
vn 0.3104 0.3521 0.8830
vn 0.1945 0.3690 0.9088
vn 0.1312 0.4229 0.8966
vn 0.0698 0.6698 0.7392
vn 0.0817 0.4749 0.8762
vn 0.2021 0.1894 0.9609
vn 0.3087 0.1785 0.9343
vn 0.1524 0.2641 0.9524
vn 0.0998 0.3594 0.9278
vn 0.0861 0.9808 0.1747
vn 0.0760 0.9878 0.1359
vn 0.0250 0.9913 0.1289
vn 0.0455 0.9837 0.1738
vn 0.0827 0.9636 0.2541
vn 0.0524 0.9654 0.2554
vn 0.3778 0.9054 0.1936
vn 0.0832 0.9804 0.1787
vn 0.0958 0.9869 0.1295
vn 0.3534 0.9203 0.1680
vn 0.1247 0.9719 0.1996
vn 0.3882 0.8896 0.2405
vn 0.3497 0.9265 0.1389
vn 0.3301 0.9400 0.0865
vn 0.1389 0.9883 0.0624
vn 0.1414 0.9836 0.1122
vn 0.0601 0.9961 0.0650
vn 0.0621 0.9926 0.1039
vn 0.0168 0.9975 0.0692
vn 0.0145 0.9949 0.0998
vn 0.2659 0.9610 0.0760
vn 0.1675 0.9712 0.1693
vn 0.1698 0.9572 0.2344
vn 0.1611 0.9759 0.1471
vn -0.0000 0.9254 0.3790
vn 0.0000 0.8336 0.5523
vn -0.0000 0.6678 0.7444
vn 0.0000 0.4866 0.8736
vn -0.0000 0.3920 0.9200
vn 0.0000 0.9922 0.1248
vn 0.0000 0.9856 0.1694
vn -0.0000 0.9680 0.2508
vn 0.0000 0.9971 0.0763
vn -0.0000 0.9951 0.0984
vn -0.2280 0.9214 -0.3146
vn -0.2208 0.8370 -0.5007
vn -0.4985 0.7134 -0.4925
vn -0.4702 0.8339 -0.2890
vn -0.1024 0.9425 -0.3182
vn -0.1064 0.8704 -0.4807
vn -0.0323 0.9496 -0.3117
vn -0.0427 0.8890 -0.4558
vn -0.2365 0.9485 -0.2106
vn -0.4747 0.8585 -0.1939
vn -0.1058 0.9706 -0.2162
vn -0.0297 0.9756 -0.2176
vn -0.4528 0.8815 -0.1338
vn -0.7510 0.6438 -0.1466
vn -0.7496 0.6529 -0.1082
vn -0.4299 0.8984 -0.0899
vn -0.7465 0.6623 -0.0639
vn -0.4268 0.9037 0.0350
vn -0.4269 0.9042 -0.0146
vn -0.7719 0.6352 0.0263
vn -0.2440 0.9690 0.0375
vn -0.2441 0.9696 -0.0157
vn -0.1087 0.9933 0.0385
vn -0.1087 0.9939 -0.0161
vn -0.0305 0.9988 0.0387
vn -0.0305 0.9994 -0.0162
vn -0.4082 0.9086 0.0886
vn -0.2419 0.9650 0.1018
vn -0.1081 0.9883 0.1077
vn -0.0304 0.9936 0.1084
vn -0.3766 0.9162 0.1369
vn -0.2321 0.9560 0.1793
vn -0.1075 0.9732 0.2034
vn -0.0308 0.9786 0.2035
vn -0.3153 0.9220 0.2247
vn -0.2061 0.9290 0.3075
vn -0.1039 0.9331 0.3442
vn -0.0345 0.9341 0.3553
vn -0.2281 0.7984 0.5573
vn -0.3950 0.7528 0.5266
vn -0.1109 0.8195 0.5623
vn -0.0436 0.8184 0.5730
vn -0.3494 0.1755 -0.9204
vn -0.3633 0.0545 -0.9301
vn 0.4827 0.1171 -0.8679
vn 0.4111 0.5794 -0.7038
vn -0.4986 0.5426 -0.6760
vn -0.5063 0.7060 -0.4952
vn 0.2829 0.8777 -0.3868
vn -0.4906 0.7891 -0.3696
vn -0.5063 0.7060 -0.4951
vn -0.4439 0.8587 -0.2560
vn -0.3689 0.9038 -0.2170
vn -0.2642 0.9537 -0.1437
vn -0.3176 0.9356 -0.1545
vn 0.1227 0.9833 -0.1341
vn -0.1455 0.9705 -0.1924
vn -0.1354 0.9825 -0.1277
vn -0.2366 0.9640 -0.1211
vn -0.2432 0.9536 -0.1775
vn -0.3440 0.6289 -0.6972
vn -0.3522 0.8144 -0.4612
vn -0.1553 0.8566 -0.4920
vn -0.1497 0.6919 -0.7063
vn -0.3573 0.8984 -0.2554
vn -0.1662 0.9427 -0.2893
vn -0.3367 0.9247 -0.1775
vn -0.1850 0.9651 -0.1851
vn -0.3198 0.9361 -0.1466
vn -0.3034 0.9466 -0.1087
vn -0.2305 0.9677 -0.1020
vn -0.2073 0.9654 -0.1580
vn -0.1455 0.9837 -0.1060
vn -0.3460 0.0951 -0.9334
vn -0.3335 0.0672 -0.9403
vn -0.3970 0.1186 -0.9101
vn -0.2856 0.0776 -0.9552
vn -0.0305 0.9978 -0.0593
vn -0.1085 0.9923 -0.0590
vn -0.0304 0.9950 -0.0956
vn -0.1081 0.9896 -0.0950
vn -0.2437 0.9682 -0.0575
vn -0.2424 0.9658 -0.0921
vn -0.7655 0.6423 -0.0395
vn -0.4264 0.9029 -0.0536
vn -0.0302 0.9890 -0.1445
vn -0.1074 0.9838 -0.1436
vn -0.2386 0.9609 -0.1404
vn -0.2434 0.7284 -0.6405
vn -0.1235 0.8147 -0.5666
vn -0.0498 0.8370 -0.5450
vn -0.0748 0.9825 -0.1707
vn -0.0660 0.9914 -0.1128
vn -0.0701 0.9923 -0.1021
vn -0.0857 0.9814 -0.1720
vn -0.2499 0.9579 -0.1411
vn -0.2640 0.9550 -0.1353
vn -0.2352 0.9594 -0.1555
vn -0.2540 0.9552 -0.1517
vn -0.0866 0.9725 -0.2160
vn -0.0841 0.9416 -0.3259
vn -0.0773 0.8542 -0.5141
vn -0.0729 0.7005 -0.7099
vn -0.0726 0.5350 -0.8417
vn -0.0658 0.3678 -0.9276
vn -0.0542 0.1748 -0.9831
vn -0.0562 0.1049 -0.9929
vn -0.1498 0.6919 -0.7063
vn -0.1524 0.5043 -0.8500
vn -0.1593 0.3356 -0.9285
vn -0.1494 0.1487 -0.9775
vn -0.1482 0.0888 -0.9850
vn -0.0434 -0.4134 -0.9095
vn -0.3470 0.4048 -0.8460
vn -0.3634 0.2447 -0.8989
vn -0.4697 0.3352 -0.8167
vn -0.4302 0.1991 -0.8805
vn -0.4191 0.1640 -0.8930
vn 0.4373 0.1757 -0.8820
vn -0.2435 0.9479 -0.2052
vn 0.4112 0.5794 -0.7037
vn -0.1214 0.7246 0.6784
vn -0.0487 0.7199 0.6924
vn -0.2489 0.6833 0.6864
vn -0.2282 0.7984 0.5573
vn -0.2489 0.6834 0.6864
vn -0.5554 0.5518 0.6222
vn -0.0913 0.7171 0.6909
vn -0.0873 0.9027 0.4213
vn -0.0400 0.9019 0.4300
vn -0.0479 0.7157 0.6968
vn -0.1734 0.7061 0.6865
vn -0.1650 0.8951 0.4142
vn -0.3180 0.6662 0.6746
vn -0.2871 0.8721 0.3963
vn -0.4802 0.6166 0.6239
vn -0.3976 0.8413 0.3662
vn -0.4864 0.8189 0.3046
vn -0.6295 0.5790 0.5181
vn -0.3615 0.6109 0.7043
vn -0.0297 0.9964 0.0789
vn -0.0658 0.9950 0.0755
vn -0.1248 0.9900 0.0654
vn -0.2817 0.9583 0.0489
vn -0.2099 0.9765 0.0493
vn -0.3355 0.9386 0.0802
vn -0.3814 0.8501 0.3632
vn -0.3616 0.7653 0.5325
vn -0.1752 0.7920 0.5848
vn -0.1668 0.9068 0.3872
vn -0.0924 0.8224 0.5614
vn -0.0826 0.9161 0.3924
vn -0.0592 0.8342 0.5482
vn -0.0545 0.9254 0.3752
vn -0.1204 0.8006 0.5869
vn -0.3243 0.6135 0.7200
vn -0.3616 0.7653 0.5324
vn -0.1878 0.6185 0.7630
vn -0.1091 0.6616 0.7418
vn -0.0699 0.6698 0.7392
vn -0.3104 0.3521 0.8830
vn -0.1945 0.3690 0.9088
vn -0.1312 0.4229 0.8966
vn -0.0817 0.4749 0.8762
vn -0.0698 0.6698 0.7392
vn -0.3087 0.1785 0.9343
vn -0.2021 0.1894 0.9609
vn -0.1524 0.2641 0.9524
vn -0.0998 0.3594 0.9278
vn -0.0861 0.9809 0.1747
vn -0.0455 0.9837 0.1738
vn -0.0250 0.9913 0.1289
vn -0.0760 0.9878 0.1359
vn -0.0524 0.9654 0.2554
vn -0.0827 0.9636 0.2541
vn -0.3778 0.9054 0.1936
vn -0.3534 0.9203 0.1680
vn -0.0832 0.9804 0.1787
vn -0.3882 0.8896 0.2405
vn -0.1247 0.9719 0.1996
vn -0.3497 0.9265 0.1389
vn -0.1414 0.9836 0.1122
vn -0.1389 0.9883 0.0624
vn -0.3301 0.9400 0.0865
vn -0.0621 0.9926 0.1039
vn -0.0601 0.9961 0.0650
vn -0.0145 0.9949 0.0998
vn -0.0168 0.9975 0.0693
vn -0.0600 0.9961 0.0650
vn -0.1698 0.9572 0.2344
vn -0.1675 0.9712 0.1693
vn -0.1611 0.9759 0.1471
vn 0.2763 0.0000 -0.9611
vn 0.2763 0.5649 -0.7775
vn 0.2763 0.9140 -0.2970
vn 0.2763 0.9140 0.2970
vn 0.2763 0.5649 0.7775
vn 0.2763 -0.0000 0.9611
vn 0.2763 -0.5649 0.7775
vn 0.2763 -0.9140 0.2970
vn 0.2763 -0.9140 -0.2970
vn 0.2763 -0.5649 -0.7775
vn 0.4108 -0.0000 -0.9117
vn 0.4108 0.5359 -0.7376
vn 0.4109 0.5359 -0.7376
vn 0.4109 -0.0000 -0.9117
vn 0.4108 0.8671 -0.2817
vn 0.4109 0.8671 -0.2817
vn 0.4108 0.8671 0.2817
vn 0.4109 0.8671 0.2817
vn 0.4108 0.5359 0.7376
vn 0.4109 0.5359 0.7376
vn 0.4108 -0.0000 0.9117
vn 0.4109 -0.0000 0.9117
vn 0.4108 -0.5359 0.7376
vn 0.4109 -0.5359 0.7376
vn 0.4108 -0.8671 0.2817
vn 0.4109 -0.8671 0.2817
vn 0.4108 -0.8671 -0.2817
vn 0.4109 -0.8671 -0.2817
vn 0.4108 -0.5359 -0.7376
vn 0.4109 -0.5359 -0.7376
vn -0.2763 0.5649 -0.7775
vn -0.2763 0.0000 -0.9611
vn -0.2763 0.9140 -0.2970
vn -0.2763 0.9140 0.2970
vn -0.2763 0.5649 0.7775
vn -0.2763 -0.0000 0.9611
vn -0.2763 -0.5649 0.7775
vn -0.2763 -0.9140 0.2970
vn -0.2763 -0.9140 -0.2970
vn -0.2763 -0.5649 -0.7775
vn -0.4108 0.5359 -0.7376
vn -0.4108 -0.0000 -0.9117
vn -0.4109 0.5359 -0.7376
vn -0.4109 -0.0000 -0.9117
vn -0.4108 0.8671 -0.2817
vn -0.4109 0.8671 -0.2817
vn -0.4108 0.8671 0.2817
vn -0.4109 0.8671 0.2817
vn -0.4108 0.5359 0.7376
vn -0.4109 0.5359 0.7376
vn -0.4108 -0.0000 0.9117
vn -0.4109 -0.0000 0.9117
vn -0.4108 -0.5359 0.7376
vn -0.4109 -0.5359 0.7376
vn -0.4108 -0.8671 0.2817
vn -0.4109 -0.8671 0.2817
vn -0.4108 -0.8671 -0.2817
vn -0.4109 -0.8671 -0.2817
vn -0.4108 -0.5359 -0.7376
vn -0.4109 -0.5359 -0.7376
vn -0.0000 -0.9986 -0.0528
vn 0.0000 -0.9944 -0.1055
vn -0.0000 0.9986 0.0528
vn 0.0000 0.9944 0.1055
usemtl Material_107
s off
f 702/1/1 703/2/1 704/3/1
f 704/3/1 705/4/1 702/1/1
f 736/5/2 737/6/2 738/7/2
f 779/8/3 780/9/3 781/10/3
f 1538/11/4 1539/12/4 1540/13/4
f 1764/14/5 1765/15/5 1766/16/5
f 1766/16/5 1767/17/5 1764/14/5
f 1806/18/6 1807/19/6 1808/20/6
f 1808/20/6 1809/21/6 1806/18/6
f 1810/22/7 1811/23/7 1812/24/7
f 1812/24/7 1813/25/7 1810/22/7
f 1818/26/8 1819/27/8 1820/28/8
f 1820/28/8 1821/29/8 1818/26/8
f 1826/30/9 1827/31/9 1828/32/9
f 1828/32/9 1829/33/9 1826/30/9
f 1830/34/10 1831/35/10 1832/36/10
f 1832/36/10 1833/37/10 1830/34/10
f 1834/38/1 1835/39/1 1836/40/1
f 1836/40/1 1837/41/1 1834/38/1
f 1838/42/11 1839/43/11 1840/44/11
f 1840/44/11 1841/45/11 1838/42/11
f 1842/46/12 1843/47/12 1844/48/12
f 1844/48/12 1845/49/12 1842/46/12
f 2547/50/12 2548/51/12 2549/52/12
f 2550/53/12 2549/52/12 2548/51/12
f 2581/54/13 2582/55/13 2583/56/13
f 2624/57/14 2625/58/14 2626/59/14
f 3383/60/15 3384/61/15 3385/62/15
f 3609/63/5 3610/64/5 3611/65/5
f 3612/66/5 3611/65/5 3610/64/5
f 3651/67/6 3652/68/6 3653/69/6
f 3654/70/6 3653/69/6 3652/68/6
f 3655/71/7 3656/72/7 3657/73/7
f 3658/74/7 3657/73/7 3656/72/7
f 3663/75/8 3664/76/8 3665/77/8
f 3666/78/8 3665/77/8 3664/76/8
f 3671/79/9 3672/80/9 3673/81/9
f 3674/82/9 3673/81/9 3672/80/9
f 3675/83/10 3676/84/10 3677/85/10
f 3678/86/10 3677/85/10 3676/84/10
f 3679/87/12 3680/88/12 3681/89/12
f 3682/90/12 3681/89/12 3680/88/12
f 3683/91/11 3684/92/11 3685/93/11
f 3686/94/11 3685/93/11 3684/92/11
f 3687/95/1 3688/96/1 3689/97/1
f 3690/98/1 3689/97/1 3688/96/1
f 4297/99/12 4298/100/12 4299/101/12
f 4299/101/12 4300/102/12 4301/103/12
f 4301/103/12 4302/104/12 4303/105/12
f 4303/105/12 4304/106/12 4305/107/12
f 4301/103/12 4303/105/12 4305/107/12
f 4299/101/12 4301/103/12 4305/107/12
f 4297/99/12 4299/101/12 4305/107/12
f 4306/108/12 4297/99/12 4305/107/12
f 4307/109/1 4308/110/1 4309/111/1
f 4309/111/1 4310/112/1 4311/113/1
f 4311/113/1 4312/114/1 4313/115/1
f 4313/115/1 4314/116/1 4315/117/1
f 4311/113/1 4313/115/1 4315/117/1
f 4309/111/1 4311/113/1 4315/117/1
f 4307/109/1 4309/111/1 4315/117/1
f 4316/118/1 4307/109/1 4315/117/1
f 4317/119/1 4318/120/1 4319/121/1
f 4319/121/1 4320/122/1 4317/119/1
f 4318/120/1 4321/123/1 4322/124/1
f 4322/124/1 4319/121/1 4318/120/1
f 4321/123/1 4323/125/1 4324/126/1
f 4324/126/1 4322/124/1 4321/123/1
f 4323/125/1 4325/127/1 4326/128/1
f 4326/128/1 4324/126/1 4323/125/1
f 4325/127/1 4327/129/1 4328/130/1
f 4328/130/1 4326/128/1 4325/127/1
f 4327/129/1 4329/131/1 4330/132/1
f 4330/132/1 4328/130/1 4327/129/1
f 4329/131/1 4331/133/1 4332/134/1
f 4332/134/1 4330/132/1 4329/131/1
f 4331/133/1 4333/135/1 4334/136/1
f 4334/136/1 4332/134/1 4331/133/1
f 4333/135/1 4335/137/1 4336/138/1
f 4336/138/1 4334/136/1 4333/135/1
f 4335/137/1 4317/119/1 4320/122/1
f 4320/122/1 4336/138/1 4335/137/1
f 4405/139/1 4406/140/1 4407/141/1
f 4408/142/1 4407/141/1 4409/143/1
f 4410/144/1 4409/143/1 4411/145/1
f 4412/146/1 4411/145/1 4413/147/1
f 4411/145/1 4409/143/1 4413/147/1
f 4409/143/1 4407/141/1 4413/147/1
f 4407/141/1 4406/140/1 4413/147/1
f 4406/140/1 4414/148/1 4413/147/1
f 4415/149/12 4416/150/12 4417/151/12
f 4418/152/12 4417/151/12 4419/153/12
f 4420/154/12 4419/153/12 4421/155/12
f 4422/156/12 4421/155/12 4423/157/12
f 4421/155/12 4419/153/12 4423/157/12
f 4419/153/12 4417/151/12 4423/157/12
f 4417/151/12 4416/150/12 4423/157/12
f 4416/150/12 4424/158/12 4423/157/12
f 4425/159/12 4426/160/12 4427/161/12
f 4428/162/12 4427/161/12 4426/160/12
f 4429/163/12 4425/159/12 4430/164/12
f 4427/161/12 4430/164/12 4425/159/12
f 4431/165/12 4429/163/12 4432/166/12
f 4430/164/12 4432/166/12 4429/163/12
f 4433/167/12 4431/165/12 4434/168/12
f 4432/166/12 4434/168/12 4431/165/12
f 4435/169/12 4433/167/12 4436/170/12
f 4434/168/12 4436/170/12 4433/167/12
f 4437/171/12 4435/169/12 4438/172/12
f 4436/170/12 4438/172/12 4435/169/12
f 4439/173/12 4437/171/12 4440/174/12
f 4438/172/12 4440/174/12 4437/171/12
f 4441/175/12 4439/173/12 4442/176/12
f 4440/174/12 4442/176/12 4439/173/12
f 4443/177/12 4441/175/12 4444/178/12
f 4442/176/12 4444/178/12 4441/175/12
f 4426/160/12 4443/177/12 4428/162/12
f 4444/178/12 4428/162/12 4443/177/12
f 4513/179/1 4514/180/1 4515/181/1
f 4515/181/1 4516/182/1 4517/183/1
f 4517/183/1 4518/184/1 4519/185/1
f 4519/185/1 4520/186/1 4521/187/1
f 4517/183/1 4519/185/1 4521/187/1
f 4515/181/1 4517/183/1 4521/187/1
f 4513/179/1 4515/181/1 4521/187/1
f 4522/188/1 4513/179/1 4521/187/1
f 4523/189/12 4524/190/12 4525/191/12
f 4525/191/12 4526/192/12 4527/193/12
f 4527/193/12 4528/194/12 4529/195/12
f 4529/195/12 4530/196/12 4531/197/12
f 4527/193/12 4529/195/12 4531/197/12
f 4525/191/12 4527/193/12 4531/197/12
f 4523/189/12 4525/191/12 4531/197/12
f 4532/198/12 4523/189/12 4531/197/12
f 4533/199/12 4534/200/12 4535/201/12
f 4535/201/12 4536/202/12 4533/199/12
f 4534/200/12 4537/203/12 4538/204/12
f 4538/204/12 4535/201/12 4534/200/12
f 4537/203/12 4539/205/12 4540/206/12
f 4540/206/12 4538/204/12 4537/203/12
f 4539/205/12 4541/207/12 4542/208/12
f 4542/208/12 4540/206/12 4539/205/12
f 4541/207/12 4543/209/12 4544/210/12
f 4544/210/12 4542/208/12 4541/207/12
f 4543/209/12 4545/211/12 4546/212/12
f 4546/212/12 4544/210/12 4543/209/12
f 4545/211/12 4547/213/12 4548/214/12
f 4548/214/12 4546/212/12 4545/211/12
f 4547/213/12 4549/215/12 4550/216/12
f 4550/216/12 4548/214/12 4547/213/12
f 4549/215/12 4551/217/12 4552/218/12
f 4552/218/12 4550/216/12 4549/215/12
f 4551/217/12 4533/199/12 4536/202/12
f 4536/202/12 4552/218/12 4551/217/12
f 4621/219/12 4622/220/12 4623/221/12
f 4624/222/12 4623/221/12 4625/223/12
f 4626/224/12 4625/223/12 4627/225/12
f 4628/226/12 4627/225/12 4629/227/12
f 4627/225/12 4625/223/12 4629/227/12
f 4625/223/12 4623/221/12 4629/227/12
f 4623/221/12 4622/220/12 4629/227/12
f 4622/220/12 4630/228/12 4629/227/12
f 4631/229/1 4632/230/1 4633/231/1
f 4634/232/1 4633/231/1 4635/233/1
f 4636/234/1 4635/233/1 4637/235/1
f 4638/236/1 4637/235/1 4639/237/1
f 4637/235/1 4635/233/1 4639/237/1
f 4635/233/1 4633/231/1 4639/237/1
f 4633/231/1 4632/230/1 4639/237/1
f 4632/230/1 4640/238/1 4639/237/1
f 4641/239/1 4642/240/1 4643/241/1
f 4644/242/1 4643/241/1 4642/240/1
f 4645/243/1 4641/239/1 4646/244/1
f 4643/241/1 4646/244/1 4641/239/1
f 4647/245/1 4645/243/1 4648/246/1
f 4646/244/1 4648/246/1 4645/243/1
f 4649/247/1 4647/245/1 4650/248/1
f 4648/246/1 4650/248/1 4647/245/1
f 4651/249/1 4649/247/1 4652/250/1
f 4650/248/1 4652/250/1 4649/247/1
f 4653/251/1 4651/249/1 4654/252/1
f 4652/250/1 4654/252/1 4651/249/1
f 4655/253/1 4653/251/1 4656/254/1
f 4654/252/1 4656/254/1 4653/251/1
f 4657/255/1 4655/253/1 4658/256/1
f 4656/254/1 4658/256/1 4655/253/1
f 4659/257/1 4657/255/1 4660/258/1
f 4658/256/1 4660/258/1 4657/255/1
f 4642/240/1 4659/257/1 4644/242/1
f 4660/258/1 4644/242/1 4659/257/1
f 4701/259/16 4702/260/16 4703/261/16
f 4703/261/16 4704/262/16 4701/259/16
f 4709/263/12 4710/264/12 4711/265/12
f 4711/265/12 4712/266/12 4709/263/12
f 4717/267/1 4718/268/1 4719/269/1
f 4719/269/1 4720/270/1 4717/267/1
f 4725/271/12 4726/272/12 4727/273/12
f 4727/273/12 4728/274/12 4725/271/12
f 4733/275/1 4734/276/1 4735/277/1
f 4735/277/1 4736/278/1 4733/275/1
f 4737/279/9 4738/280/9 4739/281/9
f 4740/282/9 4739/281/9 4738/280/9
f 4745/283/12 4746/284/12 4747/285/12
f 4748/286/12 4747/285/12 4746/284/12
f 4753/287/1 4754/288/1 4755/289/1
f 4756/290/1 4755/289/1 4754/288/1
f 4761/291/12 4762/292/12 4763/293/12
f 4764/294/12 4763/293/12 4762/292/12
f 4769/295/1 4770/296/1 4771/297/1
f 4772/298/1 4771/297/1 4770/296/1
f 4773/299/1 4774/300/1 4775/301/1
f 4775/301/1 4776/302/1 4773/299/1
f 4777/303/10 4778/304/10 4779/305/10
f 4779/305/10 4780/306/10 4777/303/10
f 4781/307/16 4782/308/16 4783/309/16
f 4783/309/16 4784/310/16 4781/307/16
f 4785/311/11 4786/312/11 4787/313/11
f 4787/313/11 4788/314/11 4785/311/11
f 4789/315/9 4790/316/9 4791/317/9
f 4791/317/9 4792/318/9 4789/315/9
f 4793/319/10 4794/320/10 4795/321/10
f 4795/321/10 4796/322/10 4793/319/10
f 4797/323/16 4798/324/16 4799/325/16
f 4799/325/16 4800/326/16 4797/323/16
f 4801/327/11 4802/328/11 4803/329/11
f 4803/329/11 4804/330/11 4801/327/11
f 4805/331/9 4806/332/9 4807/333/9
f 4807/333/9 4808/334/9 4805/331/9
f 4809/335/12 4810/336/12 4811/337/12
f 4812/338/12 4811/337/12 4810/336/12
f 4813/339/10 4814/340/10 4815/341/10
f 4816/342/10 4815/341/10 4814/340/10
f 4817/343/16 4818/344/16 4819/345/16
f 4820/346/16 4819/345/16 4818/344/16
f 4821/347/11 4822/348/11 4823/349/11
f 4824/350/11 4823/349/11 4822/348/11
f 4825/351/9 4826/352/9 4827/353/9
f 4828/354/9 4827/353/9 4826/352/9
f 4829/355/10 4830/356/10 4831/357/10
f 4832/358/10 4831/357/10 4830/356/10
f 4833/359/16 4834/360/16 4835/361/16
f 4836/362/16 4835/361/16 4834/360/16
f 4837/363/11 4838/364/11 4839/365/11
f 4840/366/11 4839/365/11 4838/364/11
f 4841/367/9 4842/368/9 4843/369/9
f 4844/370/9 4843/369/9 4842/368/9
s 1
f 1/371/17 2/372/18 3/373/19
f 3/373/19 4/374/20 1/371/17
f 5/375/21 6/376/22 7/377/23
f 8/378/24 9/379/25 5/375/21
f 5/375/21 7/377/23 8/378/24
f 10/380/26 9/379/25 8/378/24
f 11/381/27 12/382/28 13/383/29
f 13/383/29 14/384/30 11/381/27
f 3/373/19 15/385/31 16/386/32
f 16/386/32 4/374/20 3/373/19
f 15/385/31 14/384/30 13/383/29
f 13/383/29 16/386/32 15/385/31
f 17/387/33 18/388/34 19/389/25
f 9/379/25 10/380/26 20/390/33
f 21/391/35 22/392/36 23/393/37
f 23/393/37 24/394/38 25/395/39
f 24/394/38 26/396/40 27/397/41
f 27/397/41 25/395/39 24/394/38
f 28/398/42 29/399/43 30/400/44
f 31/401/44 27/397/41 26/396/40
f 29/399/43 32/402/45 33/403/46
f 33/403/46 30/400/44 29/399/43
f 21/391/35 23/393/37 25/395/39
f 34/404/47 29/399/43 28/398/42
f 35/405/48 6/376/22 5/375/21
f 5/375/21 36/406/49 35/405/48
f 1/371/17 35/405/48 36/406/49
f 36/406/49 2/372/18 1/371/17
f 17/387/33 37/407/50 18/388/34
f 38/408/28 39/409/51 40/410/52
f 40/410/52 39/409/51 41/411/53
f 42/412/54 43/413/55 44/414/56
f 44/414/56 45/415/57 42/412/54
f 44/414/56 46/416/58 47/417/59
f 47/417/59 45/415/57 44/414/56
f 48/418/60 49/419/61 34/404/47
f 29/399/43 34/404/47 49/419/61
f 49/419/61 32/402/45 29/399/43
f 50/420/62 51/421/63 52/422/64
f 53/423/65 54/424/66 55/425/67
f 55/425/67 56/426/63 53/423/65
f 56/426/63 55/425/67 49/419/61
f 49/419/61 48/418/60 56/426/63
f 46/416/58 57/427/68 47/417/59
f 46/416/58 58/428/69 57/427/68
f 57/427/68 58/428/69 59/429/70
f 46/416/58 60/430/71 61/431/72
f 61/431/72 58/428/69 46/416/58
f 62/432/73 54/424/66 53/423/65
f 63/433/73 50/420/62 64/434/74
f 64/434/74 50/420/62 52/422/64
f 52/422/64 65/435/75 64/434/74
f 21/391/35 43/413/55 42/412/54
f 42/412/54 22/392/36 21/391/35
f 66/436/27 67/437/76 68/438/77
f 69/439/78 12/382/28 11/381/27
f 11/381/27 70/440/77 69/439/78
f 69/439/78 70/440/77 71/441/74
f 71/441/74 72/442/75 69/439/78
f 41/411/53 39/409/51 73/443/79
f 74/444/79 69/439/78 72/442/75
f 75/445/80 73/443/79 76/446/81
f 77/447/82 78/448/83 79/449/84
f 80/450/85 81/451/86 82/452/87
f 80/450/85 77/447/82 79/449/84
f 79/449/84 83/453/88 80/450/85
f 83/453/88 81/451/86 80/450/85
f 77/447/82 84/454/89 78/448/83
f 85/455/50 86/456/90 87/457/91
f 88/458/92 89/459/85 90/460/87
f 91/461/93 92/462/94 93/463/95
f 94/464/96 95/465/97 96/466/98
f 97/467/99 98/468/100 99/469/101
f 99/469/101 100/470/102 97/467/99
f 101/471/103 102/472/99 103/473/102
f 100/470/102 104/474/104 105/475/105
f 106/476/106 107/477/103 108/478/107
f 108/478/107 109/479/108 106/476/106
f 88/458/92 106/476/106 109/479/108
f 109/479/108 89/459/85 88/458/92
f 110/480/109 111/481/110 98/468/100
f 98/468/100 97/467/99 110/480/109
f 112/482/111 113/483/109 102/472/99
f 102/472/99 101/471/103 112/482/111
f 114/484/112 115/485/111 107/477/103
f 107/477/103 106/476/106 114/484/112
f 116/486/113 114/484/112 106/476/106
f 106/476/106 88/458/92 116/486/113
f 117/487/114 118/488/115 119/489/116
f 119/489/116 111/481/110 117/487/114
f 120/490/117 117/487/114 111/481/110
f 111/481/110 110/480/109 120/490/117
f 121/491/118 122/492/117 113/483/109
f 113/483/109 112/482/111 121/491/118
f 123/493/119 124/494/118 115/485/111
f 115/485/111 114/484/112 123/493/119
f 125/495/120 123/493/119 114/484/112
f 114/484/112 116/486/113 125/495/120
f 126/496/121 127/497/122 118/488/115
f 118/488/115 117/487/114 126/496/121
f 128/498/123 126/496/121 117/487/114
f 117/487/114 120/490/117 128/498/123
f 129/499/124 128/498/123 120/490/117
f 122/492/117 121/491/118 130/500/124
f 131/501/125 132/502/124 124/494/118
f 124/494/118 123/493/119 131/501/125
f 133/503/126 131/501/125 123/493/119
f 123/493/119 125/495/120 133/503/126
f 134/504/127 133/503/126 125/495/120
f 125/495/120 135/505/128 134/504/127
f 136/506/129 137/507/130 127/497/122
f 127/497/122 126/496/121 136/506/129
f 138/508/131 136/506/129 126/496/121
f 126/496/121 128/498/123 138/508/131
f 139/509/132 140/510/131 141/511/133
f 128/498/123 129/499/124 142/512/132
f 143/513/134 144/514/132 132/502/124
f 132/502/124 131/501/125 143/513/134
f 145/515/135 143/513/134 131/501/125
f 131/501/125 133/503/126 145/515/135
f 146/516/136 145/515/135 133/503/126
f 133/503/126 134/504/127 146/516/136
f 147/517/137 146/516/136 134/504/127
f 134/504/127 148/518/138 147/517/137
f 149/519/139 150/520/140 137/507/130
f 137/507/130 136/506/129 149/519/139
f 151/521/141 149/519/139 136/506/129
f 136/506/129 138/508/131 151/521/141
f 152/522/142 153/523/141 140/510/131
f 140/510/131 139/509/132 152/522/142
f 154/524/143 155/525/142 144/514/132
f 144/514/132 143/513/134 154/524/143
f 156/526/144 154/524/143 143/513/134
f 143/513/134 145/515/135 156/526/144
f 157/527/145 156/526/144 145/515/135
f 145/515/135 146/516/136 157/527/145
f 158/528/146 157/527/145 146/516/136
f 146/516/136 147/517/137 158/528/146
f 159/529/147 158/528/146 147/517/137
f 147/517/137 160/530/148 159/529/147
f 161/531/149 162/532/150 150/520/140
f 150/520/140 149/519/139 161/531/149
f 163/533/151 161/531/149 149/519/139
f 149/519/139 151/521/141 163/533/151
f 164/534/152 165/535/151 153/523/141
f 153/523/141 152/522/142 164/534/152
f 166/536/153 167/537/154 155/525/142
f 155/525/142 154/524/143 166/536/153
f 168/538/155 166/536/153 154/524/143
f 154/524/143 156/526/144 168/538/155
f 169/539/156 168/538/155 156/526/144
f 156/526/144 157/527/145 169/539/156
f 170/540/157 169/539/156 157/527/145
f 157/527/145 158/528/146 170/540/157
f 171/541/158 172/542/157 173/543/146
f 158/528/146 159/529/147 174/544/159
f 159/529/147 175/545/160 174/544/159
f 176/546/160 177/547/161 171/541/159
f 178/548/162 175/545/160 159/529/147
f 159/529/147 179/549/163 178/548/162
f 175/545/160 178/548/162 180/550/164
f 181/551/165 182/552/166 183/553/167
f 183/553/167 184/554/168 181/551/165
f 185/555/169 186/556/170 183/553/167
f 187/557/171 188/558/172 189/559/173
f 189/559/173 190/560/174 187/557/171
f 191/561/175 188/558/172 187/557/171
f 162/532/150 192/562/96 193/563/176
f 162/532/150 193/563/176 150/520/140
f 150/520/140 193/563/176 194/564/177
f 98/468/100 119/489/116 195/565/178
f 195/565/178 99/469/101 98/468/100
f 111/481/110 119/489/116 98/468/100
f 196/566/179 197/567/180 198/568/181
f 198/568/181 199/569/182 196/566/179
f 194/564/177 93/463/95 92/462/94
f 92/462/94 200/570/183 194/564/177
f 93/463/95 201/571/184 202/572/185
f 202/572/185 91/461/93 93/463/95
f 193/563/176 203/573/186 194/564/177
f 194/564/177 203/573/186 201/571/184
f 201/571/184 93/463/95 194/564/177
f 204/574/187 205/575/188 206/576/189
f 206/576/189 207/577/190 204/574/187
f 208/578/190 209/579/191 210/580/192
f 210/580/192 211/581/187 208/578/190
f 212/582/193 209/579/191 208/578/190
f 208/578/190 213/583/194 212/582/193
f 214/584/194 207/577/190 206/576/189
f 206/576/189 215/585/195 214/584/194
f 216/586/196 197/567/180 196/566/179
f 196/566/179 205/575/188 216/586/196
f 193/563/176 192/562/96 217/587/98
f 125/495/120 116/486/113 135/505/128
f 135/505/128 148/518/138 134/504/127
f 160/530/148 147/517/137 148/518/138
f 159/529/147 160/530/148 218/588/197
f 171/541/159 177/547/161 219/589/198
f 219/589/198 177/547/161 220/590/167
f 221/591/199 222/592/200 182/552/166
f 182/552/166 185/555/169 183/553/167
f 223/593/97 224/594/193 225/595/194
f 214/584/194 96/466/98 95/465/97
f 226/596/201 227/597/202 228/598/184
f 229/599/203 230/600/186 231/601/195
f 232/602/202 233/603/204 234/604/185
f 235/605/185 229/599/184 236/606/202
f 206/576/189 205/575/188 196/566/179
f 196/566/179 237/607/202 206/576/189
f 206/576/189 237/607/202 215/585/195
f 196/566/179 199/569/182 238/608/205
f 238/608/205 237/607/202 196/566/179
f 193/563/176 217/587/98 239/609/206
f 96/466/98 214/584/194 215/585/195
f 231/601/195 240/610/207 241/611/208
f 240/610/207 231/601/195 230/600/186
f 203/573/186 193/563/176 239/609/206
f 180/550/164 242/612/209 243/613/161
f 243/613/161 175/545/160 180/550/164
f 244/614/172 245/615/210 205/575/188
f 205/575/188 204/574/187 244/614/172
f 244/614/172 221/591/199 245/615/210
f 245/615/210 182/552/166 216/586/196
f 216/586/196 205/575/188 245/615/210
f 246/616/161 247/617/209 183/553/167
f 183/553/167 247/617/209 184/554/168
f 150/520/140 194/564/177 200/570/183
f 200/570/183 137/507/130 150/520/140
f 216/586/196 248/618/211 249/619/212
f 249/619/212 197/567/180 216/586/196
f 197/567/180 249/619/212 250/620/213
f 250/620/213 198/568/181 197/567/180
f 216/586/196 182/552/166 181/551/165
f 181/551/165 248/618/211 216/586/196
f 109/479/108 108/478/107 251/621/214
f 252/622/215 89/459/85 109/479/108
f 109/479/108 251/621/214 252/622/215
f 253/623/216 254/624/217 255/625/218
f 255/625/218 256/626/219 253/623/216
f 257/627/220 100/470/102 99/469/101
f 99/469/101 258/628/221 257/627/220
f 259/629/222 260/630/223 261/631/224
f 261/631/224 262/632/225 259/629/222
f 260/630/223 263/633/226 264/634/227
f 264/634/227 265/635/228 260/630/223
f 260/630/223 265/635/228 261/631/224
f 266/636/229 267/637/230 259/629/222
f 259/629/222 262/632/225 266/636/229
f 268/638/231 195/565/178 267/637/230
f 267/637/230 266/636/229 268/638/231
f 268/638/231 258/628/221 99/469/101
f 99/469/101 195/565/178 268/638/231
f 254/624/217 252/622/215 251/621/214
f 251/621/214 255/625/218 254/624/217
f 77/447/82 269/639/232 270/640/233
f 77/447/82 271/641/234 269/639/232
f 77/447/82 272/642/235 271/641/234
f 77/447/82 80/450/85 272/642/235
f 272/642/235 80/450/85 273/643/236
f 273/643/236 80/450/85 274/644/237
f 274/644/237 80/450/85 275/645/215
f 275/645/215 276/646/238 274/644/237
f 276/646/238 275/645/215 277/647/217
f 277/647/217 278/648/239 276/646/238
f 279/649/21 280/650/240 281/651/241
f 281/651/241 282/652/242 279/649/21
f 279/649/21 282/652/242 283/653/243
f 283/653/243 284/654/216 279/649/21
f 283/653/243 285/655/244 284/654/216
f 284/654/216 285/655/244 286/656/245
f 286/656/245 287/657/246 284/654/216
f 284/654/216 287/657/246 277/647/217
f 277/647/217 287/657/246 278/648/239
f 104/474/104 288/658/247 289/659/248
f 255/625/218 251/621/214 108/478/107
f 290/660/249 256/626/219 255/625/218
f 104/474/104 100/470/102 257/627/220
f 257/627/220 288/658/247 104/474/104
f 291/661/250 292/662/251 293/663/252
f 293/663/252 294/664/253 291/661/250
f 294/664/253 293/663/252 295/665/254
f 295/665/254 296/666/255 294/664/253
f 297/667/255 298/668/254 299/669/256
f 299/669/256 300/670/257 297/667/255
f 300/670/257 299/669/256 301/671/258
f 301/671/258 302/672/259 300/670/257
f 303/673/260 304/674/261 305/675/262
f 305/675/262 306/676/263 303/673/260
f 307/677/264 306/676/263 305/675/262
f 305/675/262 308/678/265 307/677/264
f 308/678/265 309/679/266 310/680/267
f 310/680/267 307/677/264 308/678/265
f 279/649/21 77/447/82 270/640/233
f 270/640/233 280/650/240 279/649/21
f 311/681/268 312/682/269 310/680/267
f 310/680/267 309/679/266 311/681/268
f 313/683/270 314/684/271 315/685/272
f 315/685/272 316/686/273 313/683/270
f 314/684/271 317/687/274 318/688/275
f 318/688/275 315/685/272 314/684/271
f 317/687/274 319/689/276 320/690/277
f 320/690/277 318/688/275 317/687/274
f 319/689/276 321/691/278 322/692/279
f 322/692/279 320/690/277 319/689/276
f 321/691/278 323/693/280 324/694/281
f 324/694/281 322/692/279 321/691/278
f 325/695/280 312/682/269 311/681/268
f 311/681/268 326/696/282 325/695/280
f 327/697/273 292/662/251 291/661/250
f 291/661/250 328/698/270 327/697/273
f 329/699/30 330/700/283 331/701/284
f 329/699/30 332/702/31 333/703/285
f 333/703/285 330/700/283 329/699/30
f 334/704/286 279/649/21 284/654/216
f 335/705/287 336/706/288 337/707/289
f 336/706/288 338/708/290 337/707/289
f 339/709/291 340/710/292 284/654/216
f 340/710/292 341/711/293 284/654/216
f 341/711/293 342/712/294 284/654/216
f 334/704/286 343/713/295 279/649/21
f 343/713/295 344/714/296 279/649/21
f 344/714/296 345/715/297 279/649/21
f 346/716/298 347/717/19 348/718/18
f 348/718/18 349/719/299 346/716/298
f 279/649/21 345/715/297 350/720/300
f 350/720/300 351/721/49 279/649/21
f 351/721/49 350/720/300 349/719/299
f 349/719/299 348/718/18 351/721/49
f 346/716/298 333/703/285 332/702/31
f 332/702/31 347/717/19 346/716/298
f 331/701/284 352/722/301 353/723/27
f 353/723/27 329/699/30 331/701/284
f 266/636/229 262/632/225 354/724/302
f 354/724/302 355/725/303 266/636/229
f 262/632/225 261/631/224 356/726/304
f 356/726/304 354/724/302 262/632/225
f 261/631/224 265/635/228 356/726/304
f 356/726/304 265/635/228 357/727/305
f 357/727/305 265/635/228 264/634/227
f 266/636/229 355/725/303 358/728/306
f 358/728/306 268/638/231 266/636/229
f 288/658/247 257/627/220 359/729/307
f 359/729/307 360/730/308 288/658/247
f 338/708/290 339/709/291 337/707/289
f 337/707/289 339/709/291 284/654/216
f 253/623/216 256/626/219 361/731/309
f 361/731/309 362/732/289 253/623/216
f 256/626/219 290/660/249 363/733/308
f 360/730/308 364/734/309 365/735/310
f 334/704/286 284/654/216 342/712/294
f 358/728/306 366/736/311 367/737/312
f 368/738/313 367/737/312 366/736/311
f 366/736/311 369/739/314 368/738/313
f 370/740/315 368/738/313 369/739/314
f 369/739/314 371/741/316 370/740/315
f 372/742/306 373/743/312 374/744/317
f 375/745/318 376/746/317 377/747/312
f 377/747/312 378/748/313 375/745/318
f 379/749/319 375/745/318 378/748/313
f 378/748/313 380/750/315 379/749/319
f 358/728/306 381/751/320 366/736/311
f 371/741/316 369/739/314 382/752/321
f 382/752/321 383/753/322 371/741/316
f 369/739/314 366/736/311 381/751/320
f 381/751/320 382/752/321 369/739/314
f 384/754/323 385/755/324 386/756/325
f 386/756/325 387/757/326 384/754/323
f 387/757/326 386/756/325 388/758/327
f 388/758/327 389/759/328 387/757/326
f 389/759/328 390/760/329 387/757/326
f 389/759/328 391/761/330 390/760/329
f 392/762/331 384/754/323 393/763/332
f 382/752/321 389/759/328 388/758/327
f 388/758/327 383/753/322 382/752/321
f 394/764/333 385/755/324 392/762/331
f 392/762/331 385/755/324 384/754/323
f 395/765/334 384/754/323 396/766/335
f 384/754/323 387/757/326 390/760/329
f 390/760/329 397/767/336 384/754/323
f 397/767/336 396/766/335 384/754/323
f 382/752/321 381/751/320 391/761/330
f 391/761/330 389/759/328 382/752/321
f 359/729/307 398/768/318 399/769/319
f 359/729/307 257/627/220 398/768/318
f 257/627/220 400/770/221 398/768/318
f 401/771/337 402/772/306 403/773/303
f 403/773/303 404/774/338 401/771/337
f 404/774/338 403/773/303 405/775/339
f 405/775/339 406/776/329 404/774/338
f 406/776/329 405/775/339 407/777/340
f 407/777/340 408/778/336 406/776/329
f 407/777/340 409/779/305 408/778/336
f 410/780/76 411/781/27 412/782/301
f 413/783/301 414/784/287 415/785/76
f 416/786/341 417/787/342 418/788/343
f 418/788/343 419/789/344 416/786/341
f 419/789/344 418/788/343 420/790/345
f 420/790/345 421/791/346 419/789/344
f 422/792/347 423/793/348 424/794/349
f 424/794/349 425/795/350 422/792/347
f 425/795/350 424/794/349 426/796/351
f 426/796/351 427/797/352 425/795/350
f 428/798/353 429/799/354 430/800/355
f 430/800/355 431/801/356 428/798/353
f 431/801/356 430/800/355 417/787/342
f 417/787/342 416/786/341 431/801/356
f 432/802/357 433/803/358 434/804/359
f 434/804/359 435/805/360 432/802/357
f 433/803/358 436/806/361 437/807/362
f 437/807/362 434/804/359 433/803/358
f 436/806/361 438/808/363 439/809/364
f 439/809/364 437/807/362 436/806/361
f 438/808/363 440/810/365 441/811/366
f 441/811/366 439/809/364 438/808/363
f 440/810/365 442/812/367 443/813/368
f 443/813/368 441/811/366 440/810/365
f 444/814/369 429/799/354 428/798/353
f 428/798/353 445/815/368 444/814/369
f 435/805/360 446/816/370 447/817/371
f 447/817/371 432/802/357 435/805/360
f 448/818/370 449/819/372 450/820/373
f 450/820/373 451/821/371 448/818/370
f 449/819/372 452/822/374 453/823/375
f 453/823/375 450/820/373 449/819/372
f 452/822/374 454/824/376 455/825/377
f 455/825/377 453/823/375 452/822/374
f 456/826/376 457/827/378 458/828/379
f 458/828/379 459/829/380 456/826/376
f 457/827/378 427/797/352 426/796/351
f 426/796/351 458/828/379 457/827/378
f 460/830/381 359/729/307 399/769/319
f 399/769/319 461/831/382 460/830/381
f 462/832/383 460/830/381 461/831/382
f 461/831/382 463/833/384 462/832/383
f 464/834/385 462/832/383 463/833/384
f 463/833/384 465/835/386 464/834/385
f 466/836/387 464/834/385 465/835/386
f 465/835/386 467/837/388 466/836/387
f 468/838/389 466/836/387 467/837/388
f 467/837/388 469/839/390 468/838/389
f 470/840/391 360/730/308 359/729/307
f 359/729/307 460/830/381 470/840/391
f 471/841/392 470/840/391 460/830/381
f 460/830/381 462/832/383 471/841/392
f 472/842/393 471/841/392 462/832/383
f 462/832/383 464/834/385 472/842/393
f 473/843/394 472/842/393 464/834/385
f 464/834/385 466/836/387 473/843/394
f 474/844/395 473/843/394 466/836/387
f 466/836/387 468/838/389 474/844/395
f 474/844/395 468/838/389 475/845/396
f 476/846/397 477/847/398 471/841/392
f 471/841/392 472/842/393 476/846/397
f 478/848/399 476/846/397 472/842/393
f 472/842/393 473/843/394 478/848/399
f 479/849/400 478/848/399 473/843/394
f 473/843/394 474/844/395 479/849/400
f 480/850/401 479/849/400 474/844/395
f 474/844/395 475/845/396 480/850/401
f 63/433/402 481/851/403 482/852/309
f 482/852/309 483/853/404 63/433/402
f 484/854/66 63/433/402 483/853/404
f 483/853/404 485/855/398 484/854/66
f 486/856/67 484/854/66 485/855/398
f 485/855/398 487/857/397 486/856/67
f 488/858/61 486/856/67 487/857/397
f 487/857/397 489/859/399 488/858/61
f 490/860/45 488/858/61 489/859/399
f 489/859/399 491/861/400 490/860/45
f 492/862/405 490/860/45 491/861/400
f 491/861/400 493/863/406 492/862/405
f 494/864/407 495/865/408 496/866/409
f 496/866/409 497/867/410 494/864/407
f 495/865/408 498/868/411 499/869/412
f 499/869/412 496/866/409 495/865/408
f 386/756/325 500/870/413 501/871/414
f 501/871/414 388/758/327 386/756/325
f 500/870/413 502/872/415 503/873/416
f 503/873/416 501/871/414 500/870/413
f 502/872/415 504/874/417 505/875/418
f 505/875/418 503/873/416 502/872/415
f 504/874/417 506/876/419 507/877/420
f 507/877/420 505/875/418 504/874/417
f 388/758/327 501/871/414 508/878/421
f 508/878/421 383/753/322 388/758/327
f 501/871/414 503/873/416 509/879/422
f 509/879/422 508/878/421 501/871/414
f 503/873/416 505/875/418 510/880/423
f 510/880/423 509/879/422 503/873/416
f 505/875/418 507/877/420 511/881/424
f 511/881/424 510/880/423 505/875/418
f 512/882/425 511/881/424 507/877/420
f 383/753/322 508/878/421 513/883/426
f 513/883/426 371/741/316 383/753/322
f 508/878/421 509/879/422 514/884/427
f 514/884/427 513/883/426 508/878/421
f 509/879/422 510/880/423 515/885/428
f 515/885/428 514/884/427 509/879/422
f 510/880/423 511/881/424 516/886/429
f 516/886/429 515/885/428 510/880/423
f 511/881/424 512/882/425 517/887/430
f 517/887/430 516/886/429 511/881/424
f 512/882/425 518/888/431 519/889/432
f 519/889/432 517/887/430 512/882/425
f 371/741/316 513/883/426 520/890/433
f 520/890/433 370/740/315 371/741/316
f 513/883/426 514/884/427 521/891/434
f 521/891/434 520/890/433 513/883/426
f 514/884/427 515/885/428 522/892/435
f 522/892/435 521/891/434 514/884/427
f 515/885/428 516/886/429 523/893/436
f 523/893/436 522/892/435 515/885/428
f 516/886/429 517/887/430 524/894/437
f 524/894/437 523/893/436 516/886/429
f 517/887/430 519/889/432 525/895/438
f 525/895/438 524/894/437 517/887/430
f 380/750/315 526/896/433 527/897/382
f 527/897/382 379/749/319 380/750/315
f 520/890/433 521/891/434 528/898/439
f 529/899/439 527/897/382 526/896/433
f 521/891/434 522/892/435 530/900/440
f 530/900/440 528/898/439 521/891/434
f 522/892/435 523/893/436 531/901/388
f 531/901/388 530/900/440 522/892/435
f 523/893/436 524/894/437 532/902/390
f 532/902/390 531/901/388 523/893/436
f 524/894/437 525/895/438 533/903/441
f 533/903/441 532/902/390 524/894/437
f 518/888/431 512/882/425 496/866/409
f 496/866/409 499/869/412 518/888/431
f 534/904/442 535/905/443 536/906/444
f 536/906/444 537/907/445 534/904/442
f 538/908/443 539/909/446 540/910/447
f 541/911/447 542/912/448 543/913/443
f 512/882/425 507/877/420 506/876/419
f 506/876/419 496/866/409 512/882/425
f 544/914/333 545/915/449 546/916/450
f 546/916/450 547/917/451 544/914/333
f 547/917/451 546/916/450 548/918/452
f 548/918/452 549/919/453 547/917/451
f 550/920/454 551/921/455 552/922/456
f 552/922/456 553/923/457 550/920/454
f 554/924/458 555/925/459 556/926/460
f 556/926/460 557/927/461 554/924/458
f 558/928/462 559/929/463 560/930/464
f 560/930/464 561/931/465 558/928/462
f 561/931/465 560/930/464 562/932/466
f 562/932/466 563/933/467 561/931/465
f 564/934/468 565/935/469 566/936/470
f 566/936/470 567/937/471 564/934/468
f 568/938/472 569/939/473 570/940/474
f 570/940/474 571/941/475 568/938/472
f 572/942/476 573/943/477 574/944/478
f 574/944/478 575/945/479 572/942/476
f 573/943/477 576/946/480 577/947/452
f 577/947/452 574/944/478 573/943/477
f 578/948/468 579/949/471 580/950/456
f 580/950/456 581/951/481 578/948/468
f 582/952/472 583/953/475 584/954/460
f 584/954/460 585/955/459 582/952/472
f 500/870/413 386/756/325 385/755/324
f 385/755/324 394/764/333 586/956/451
f 586/956/451 500/870/413 385/755/324
f 550/920/454 549/919/453 548/918/452
f 548/918/452 551/921/455 550/920/454
f 577/947/452 576/946/480 578/948/468
f 578/948/468 581/951/481 577/947/452
f 563/933/467 562/932/466 565/935/469
f 565/935/469 564/934/468 563/933/467
f 502/872/415 500/870/413 586/956/451
f 586/956/451 587/957/453 502/872/415
f 588/958/454 502/872/415 587/957/453
f 588/958/454 589/959/457 504/874/417
f 502/872/415 588/958/454 504/874/417
f 506/876/419 497/867/410 496/866/409
f 590/960/458 497/867/410 506/876/419
f 506/876/419 504/874/417 590/960/458
f 590/960/458 591/961/461 497/867/410
f 497/867/410 591/961/461 592/962/482
f 592/962/482 494/864/407 497/867/410
f 570/940/474 593/963/483 571/941/475
f 583/953/475 594/964/484 595/965/485
f 595/965/485 584/954/460 583/953/475
f 556/926/460 596/966/486 597/967/487
f 597/967/487 557/927/461 556/926/460
f 477/847/398 598/968/488 470/840/391
f 470/840/391 471/841/392 477/847/398
f 598/968/488 599/969/309 360/730/308
f 360/730/308 470/840/391 598/968/488
f 554/924/458 553/923/457 552/922/456
f 552/922/456 555/925/459 554/924/458
f 585/955/459 580/950/456 579/949/471
f 579/949/471 582/952/472 585/955/459
f 568/938/472 567/937/471 566/936/470
f 566/936/470 569/939/473 568/938/472
f 590/960/458 504/874/417 589/959/457
f 264/634/227 263/633/226 600/970/489
f 600/970/489 601/971/490 264/634/227
f 602/972/491 603/973/335 604/974/492
f 558/928/462 605/975/493 606/976/494
f 606/976/494 559/929/463 558/928/462
f 603/973/335 607/977/495 608/978/496
f 609/979/496 610/980/497 611/981/498
f 611/981/498 610/980/497 612/982/499
f 613/983/500 614/984/501 615/985/502
f 615/985/502 616/986/503 613/983/500
f 617/987/492 618/988/504 619/989/505
f 619/989/505 620/990/491 617/987/492
f 621/991/504 622/992/506 623/993/507
f 623/993/507 624/994/508 621/991/504
f 625/995/332 626/996/509 627/997/510
f 627/997/510 628/998/511 625/995/332
f 629/999/512 630/1000/493 631/1001/510
f 631/1001/510 632/1002/513 629/999/512
f 633/1003/334 603/973/335 602/972/491
f 602/972/491 634/1004/514 633/1003/334
f 635/1005/514 620/990/491 619/989/505
f 619/989/505 636/1006/515 635/1005/514
f 615/985/502 624/994/508 623/993/507
f 623/993/507 616/986/503 615/985/502
f 544/914/333 628/998/511 627/997/510
f 627/997/510 545/915/449 544/914/333
f 575/945/479 631/1001/510 630/1000/493
f 630/1000/493 572/942/476 575/945/479
f 637/1007/516 92/462/94 91/461/93
f 638/1008/517 498/868/411 495/865/408
f 495/865/408 639/1009/518 638/1008/517
f 639/1009/518 495/865/408 494/864/407
f 494/864/407 640/1010/519 639/1009/518
f 640/1010/519 494/864/407 592/962/482
f 592/962/482 641/1011/520 640/1010/519
f 597/967/487 596/966/486 642/1012/520
f 84/454/89 643/1013/521 78/448/83
f 78/448/83 643/1013/521 644/1014/91
f 475/845/396 468/838/389 645/1015/441
f 645/1015/441 468/838/389 469/839/390
f 646/1016/522 647/1017/523 648/1018/447
f 647/1017/523 518/888/431 499/869/412
f 647/1017/523 646/1016/522 518/888/431
f 649/1019/71 650/1020/524 651/1021/525
f 651/1021/525 652/1022/72 649/1019/71
f 653/1023/526 600/970/489 263/633/226
f 408/778/336 409/779/305 603/973/527
f 654/1024/489 655/1025/528 656/1026/529
f 657/1027/530 658/1028/531 659/1029/532
f 659/1029/532 660/1030/533 657/1027/530
f 661/1031/534 662/1032/519 663/1033/535
f 663/1033/535 664/1034/536 661/1031/534
f 665/1035/537 662/1032/519 666/1036/538
f 666/1036/538 667/1037/539 668/1038/540
f 668/1038/540 665/1035/537 666/1036/538
f 669/1039/541 670/1040/542 664/1034/536
f 664/1034/536 663/1033/535 669/1039/541
f 671/1041/543 672/1042/544 673/1043/545
f 673/1043/545 674/1044/546 671/1041/543
f 675/1045/547 676/1046/548 677/1047/549
f 677/1047/549 678/1048/550 675/1045/547
f 679/1049/551 680/1050/552 681/1051/553
f 682/1052/554 678/1048/550 677/1047/549
f 677/1047/549 683/1053/555 682/1052/554
f 684/1054/556 685/1055/557 686/1056/554
f 686/1056/554 687/1057/555 684/1054/556
f 680/1050/552 688/1058/558 681/1051/553
f 689/1059/559 681/1051/553 688/1058/558
f 690/1060/560 691/1061/561 685/1055/557
f 685/1055/557 684/1054/556 690/1060/560
f 692/1062/562 693/1063/563 691/1061/561
f 691/1061/561 690/1060/560 692/1062/562
f 672/1042/544 671/1041/543 694/1064/563
f 694/1064/563 695/1065/562 672/1042/544
f 681/1051/553 696/1066/564 697/1067/565
f 681/1051/553 698/1068/566 696/1066/564
f 681/1051/553 689/1059/559 698/1068/566
f 659/1029/532 655/1025/528 654/1024/489
f 654/1024/489 660/1030/533 659/1029/532
f 660/1030/533 654/1024/489 699/1069/567
f 700/1070/568 701/1071/569 658/1028/531
f 658/1028/531 657/1027/530 700/1070/568
f 706/1072/570 707/1073/571 708/1074/572
f 708/1074/572 709/1075/573 706/1072/570
f 709/1075/573 708/1074/572 710/1076/574
f 710/1076/574 711/1077/575 709/1075/573
f 712/1078/575 713/1079/576 714/1080/577
f 714/1080/577 715/1081/578 712/1078/575
f 716/1082/579 715/1081/578 714/1080/577
f 714/1080/577 717/1083/580 716/1082/579
f 717/1083/580 718/1084/581 719/1085/582
f 719/1085/582 716/1082/579 717/1083/580
f 720/1086/583 721/1087/584 722/1088/581
f 722/1088/581 723/1089/585 720/1086/583
f 723/1089/585 724/1090/586 725/1091/587
f 725/1091/587 720/1086/583 723/1089/585
f 705/4/1 704/3/1 726/1092/588
f 726/1092/588 727/1093/589 705/4/1
f 728/1094/590 729/1095/591 730/1096/592
f 731/1097/592 732/1098/593 733/1099/594
f 734/1100/595 735/1101/596 701/1071/569
f 701/1071/569 700/1070/568 734/1100/595
f 739/1102/597 740/1103/93 741/1104/185
f 742/1105/93 743/1106/182 744/1107/181
f 742/1105/93 700/1070/568 657/1027/530
f 657/1027/530 745/1108/516 742/1105/93
f 742/1105/93 744/1107/181 734/1100/595
f 734/1100/595 700/1070/568 742/1105/93
f 657/1027/530 746/1109/598 745/1108/516
f 747/1110/599 748/1111/600 749/1112/601
f 750/1113/602 751/1114/549 752/1115/548
f 753/1116/603 754/1117/604 755/1118/605
f 751/1114/549 750/1113/602 756/1119/606
f 757/1120/607 758/1121/608 759/1122/555
f 759/1122/555 760/1123/609 757/1120/607
f 759/1122/555 761/1124/610 760/1123/609
f 761/1124/610 759/1122/555 762/1125/611
f 751/1114/549 756/1119/606 763/1126/612
f 758/1121/608 757/1120/607 764/1127/613
f 765/1128/614 766/1129/615 767/1130/560
f 767/1130/560 764/1127/613 765/1128/614
f 758/1121/608 764/1127/613 767/1130/560
f 766/1129/615 765/1128/614 768/1131/616
f 769/1132/617 770/1133/562 771/1134/616
f 772/1135/618 773/1136/494 774/1137/500
f 775/1138/599 776/1139/619 777/1140/620
f 747/1110/599 778/1141/621 748/1111/600
f 782/1142/622 783/1143/623 784/1144/624
f 784/1144/624 785/1145/625 782/1142/622
f 786/1146/623 787/1147/626 788/1148/624
f 783/1143/623 782/1142/622 789/1149/627
f 783/1143/623 789/1149/627 790/1150/628
f 791/1151/623 792/1152/628 793/1153/539
f 787/1147/626 786/1146/623 667/1037/539
f 667/1037/539 666/1036/538 787/1147/626
f 793/1153/539 794/1154/629 795/1155/70
f 793/1153/539 792/1152/628 794/1154/629
f 662/1032/519 661/1031/534 787/1147/626
f 787/1147/626 666/1036/538 662/1032/519
f 796/1156/70 797/1157/630 798/1158/631
f 797/1157/630 799/1159/72 798/1158/631
f 800/1160/72 801/1161/632 802/1162/539
f 803/1163/517 802/1162/539 801/1161/632
f 801/1161/632 804/1164/633 803/1163/517
f 805/1165/633 806/1166/447 807/1167/540
f 808/1168/523 809/1169/634 807/1167/517
f 810/1170/517 811/1171/447 812/1172/523
f 812/1172/523 813/1173/412 814/1174/635
f 264/634/227 601/971/490 610/980/497
f 610/980/497 357/727/305 264/634/227
f 400/770/221 815/1175/636 402/772/306
f 402/772/306 816/1176/317 400/770/221
f 610/980/497 396/766/335 357/727/305
f 159/529/147 218/588/197 179/549/163
f 398/768/318 400/770/221 816/1176/317
f 263/633/226 817/1177/637 653/1023/526
f 604/974/492 603/973/335 608/978/496
f 609/979/496 611/981/498 618/988/504
f 618/988/504 617/987/492 609/979/496
f 818/1178/638 819/1179/639 622/992/506
f 622/992/506 621/991/504 818/1178/638
f 747/1110/599 749/1112/601 820/1180/601
f 182/552/166 222/592/200 185/555/169
f 245/615/210 221/591/199 182/552/166
f 606/976/494 605/975/493 614/984/501
f 614/984/501 613/983/500 606/976/494
f 633/1003/334 634/1004/514 626/996/509
f 626/996/509 625/995/332 633/1003/334
f 632/1002/513 635/1005/514 636/1006/515
f 636/1006/515 629/999/512 632/1002/513
f 393/763/332 384/754/323 395/765/334
f 137/507/130 200/570/183 127/497/122
f 821/1181/640 822/1182/641 823/1183/642
f 823/1183/642 824/1184/643 821/1181/640
f 825/1185/644 826/1186/645 827/1187/646
f 827/1187/646 828/1188/647 825/1185/644
f 829/1189/648 830/1190/649 831/1191/650
f 831/1191/650 832/1192/651 829/1189/648
f 833/1193/652 834/1194/653 835/1195/654
f 835/1195/654 836/1196/655 833/1193/652
f 837/1197/656 838/1198/657 839/1199/658
f 840/1200/658 841/1201/659 842/1202/660
f 843/1203/661 844/1204/662 845/1205/663
f 845/1205/663 846/1206/664 843/1203/661
f 847/1207/665 848/1208/666 849/1209/667
f 849/1209/667 850/1210/668 847/1207/665
f 851/1211/669 852/1212/670 853/1213/671
f 853/1213/671 854/1214/672 851/1211/669
f 855/1215/673 856/1216/674 857/1217/675
f 857/1217/675 858/1218/676 855/1215/673
f 859/1219/677 860/1220/678 861/1221/679
f 862/1222/679 863/1223/680 864/1224/681
f 865/1225/662 866/1226/682 867/1227/643
f 867/1227/643 868/1228/663 865/1225/662
f 869/1229/667 870/1230/666 871/1231/645
f 871/1231/645 872/1232/644 869/1229/667
f 873/1233/651 874/1234/650 875/1235/670
f 875/1235/670 876/1236/669 873/1233/651
f 877/1237/676 878/1238/675 879/1239/653
f 879/1239/653 880/1240/652 877/1237/676
f 881/1241/659 882/1242/658 883/1243/678
f 883/1243/678 884/1244/683 881/1241/659
f 854/1214/672 885/1245/684 886/1246/685
f 886/1246/685 851/1211/669 854/1214/672
f 876/1236/669 887/1247/685 888/1248/686
f 888/1248/686 873/1233/651 876/1236/669
f 889/1249/686 890/1250/687 829/1189/648
f 829/1189/648 832/1192/651 889/1249/686
f 886/1246/685 885/1245/684 891/1251/688
f 891/1251/688 892/1252/689 886/1246/685
f 888/1248/686 887/1247/685 893/1253/689
f 893/1253/689 894/1254/690 888/1248/686
f 890/1250/687 889/1249/686 895/1255/690
f 895/1255/690 896/1256/691 890/1250/687
f 897/1257/692 853/1213/671 852/1212/670
f 852/1212/670 898/1258/693 897/1257/692
f 899/1259/693 875/1235/670 874/1234/650
f 874/1234/650 900/1260/694 899/1259/693
f 901/1261/695 831/1191/650 830/1190/649
f 830/1190/649 902/1262/696 901/1261/695
f 903/1263/697 904/1264/658 905/1265/698
f 906/1266/698 907/1267/699 908/1268/700
f 909/1269/701 910/1270/700 911/1271/702
f 911/1271/702 912/1272/703 909/1269/701
f 913/1273/704 862/1222/679 914/1274/705
f 860/1220/678 915/1275/701 916/1276/637
f 118/488/115 917/1277/684 918/1278/706
f 127/497/122 919/1279/688 917/1277/684
f 917/1277/684 118/488/115 127/497/122
f 817/1177/637 263/633/226 260/630/223
f 260/630/223 920/1280/679 817/1177/637
f 843/1203/661 921/1281/516 922/1282/707
f 922/1282/707 844/1204/662 843/1203/661
f 923/1283/708 866/1226/682 865/1225/662
f 865/1225/662 924/1284/709 923/1283/708
f 925/1285/710 926/1286/711 927/1287/641
f 927/1287/641 928/1288/682 925/1285/710
f 200/570/183 92/462/94 929/1289/712
f 929/1289/712 930/1290/664 200/570/183
f 200/570/183 931/1291/668 932/1292/713
f 932/1292/713 127/497/122 200/570/183
f 119/489/116 118/488/115 918/1278/706
f 918/1278/706 933/1293/714 119/489/116
f 119/489/116 934/1294/692 935/1295/674
f 259/629/222 936/1296/680 920/1280/679
f 920/1280/679 260/630/223 259/629/222
f 195/565/178 119/489/116 267/637/230
f 267/637/230 119/489/116 935/1295/674
f 267/637/230 937/1297/715 259/629/222
f 929/1289/712 92/462/94 637/1007/516
f 938/1298/570 939/1299/573 940/1300/716
f 939/1299/573 941/1301/717 940/1300/716
f 942/1302/575 943/1303/718 944/1304/719
f 945/1305/720 946/1306/721 947/1307/578
f 947/1307/578 948/1308/722 945/1305/720
f 948/1308/722 949/1309/723 945/1305/720
f 950/1310/582 951/1311/724 952/1312/725
f 953/1313/726 954/1314/727 955/1315/583
f 956/1316/583 957/1317/728 958/1318/729
f 959/1319/573 960/1320/575 961/1321/730
f 942/1302/575 962/1322/731 963/1323/730
f 964/1324/584 965/1325/583 966/1326/732
f 965/1325/583 967/1327/727 966/1326/732
f 968/1328/579 969/1329/584 970/1330/723
f 950/1310/582 971/1331/733 972/1332/723
f 973/1333/734 974/1334/735 975/1335/736
f 975/1335/736 976/1336/737 973/1333/734
f 977/1337/738 978/1338/707 745/1108/516
f 745/1108/516 746/1109/598 977/1337/738
f 908/1268/700 907/1267/699 979/1339/739
f 979/1339/739 980/1340/740 908/1268/700
f 882/1242/658 910/1270/700 909/1269/701
f 909/1269/701 883/1243/678 882/1242/658
f 916/1276/637 915/1275/701 981/1341/703
f 981/1341/703 982/1342/526 916/1276/637
f 957/1317/728 983/1343/741 958/1318/729
f 984/1344/644 985/1345/742 986/1346/743
f 987/1347/744 988/1348/745 825/1185/644
f 850/1210/668 849/1209/667 989/1349/746
f 989/1349/746 990/1350/747 850/1210/668
f 869/1229/667 872/1232/644 991/1351/745
f 991/1351/745 992/1352/746 869/1229/667
f 824/1184/643 823/1183/642 827/1187/646
f 827/1187/646 826/1186/645 824/1184/643
f 993/1353/664 994/1354/748 995/1355/749
f 995/1355/749 996/1356/665 993/1353/664
f 868/1228/663 867/1227/643 871/1231/645
f 871/1231/645 870/1230/666 868/1228/663
f 930/1290/664 997/1357/750 200/570/183
f 200/570/183 997/1357/750 931/1291/668
f 892/1252/689 891/1251/688 990/1350/747
f 990/1350/747 989/1349/746 892/1252/689
f 991/1351/745 894/1254/690 893/1253/689
f 893/1253/689 992/1352/746 991/1351/745
f 998/1358/743 896/1256/691 895/1255/690
f 895/1255/690 999/1359/751 998/1358/743
f 127/497/122 932/1292/713 919/1279/688
f 856/1216/674 897/1257/692 898/1258/693
f 898/1258/693 857/1217/675 856/1216/674
f 878/1238/675 899/1259/693 900/1260/694
f 900/1260/694 879/1239/653 878/1238/675
f 901/1261/695 902/1262/696 1000/1360/654
f 1000/1360/654 1001/1361/653 901/1261/695
f 1002/1362/659 833/1193/652 836/1196/655
f 836/1196/655 837/1197/656 1002/1362/659
f 863/1223/680 1003/1363/673 1004/1364/676
f 1004/1364/676 864/1224/681 863/1223/680
f 884/1244/683 877/1237/676 880/1240/652
f 880/1240/652 881/1241/659 884/1244/683
f 937/1297/715 936/1296/680 259/629/222
f 267/637/230 935/1295/674 937/1297/715
f 119/489/116 933/1293/714 934/1294/692
f 942/1302/575 947/1307/578 943/1303/718
f 947/1307/578 946/1306/721 943/1303/718
f 942/1302/575 944/1304/719 962/1322/731
f 959/1319/573 961/1321/730 1005/1365/717
f 964/1324/584 966/1326/732 1006/1366/724
f 950/1310/582 952/1312/725 971/1331/733
f 663/1033/535 662/1032/519 1007/1367/752
f 670/1040/542 669/1039/541 656/1026/529
f 656/1026/529 655/1025/528 670/1040/542
f 656/1026/529 669/1039/541 1008/1368/495
f 1008/1368/495 669/1039/541 1009/1369/499
f 1010/1370/753 1011/1371/754 1012/1372/755
f 1013/1373/756 1014/1374/757 1015/1375/758
f 1016/1376/753 1017/1377/759 1018/1378/758
f 1015/1375/758 1019/1379/757 1020/1380/760
f 1021/1381/761 1022/1382/762 1023/1383/763
f 1024/1384/758 1025/1385/764 1026/1386/765
f 1027/1387/766 1028/1388/767 1029/1389/768
f 1030/1390/769 1031/1391/770 1032/1392/771
f 1033/1393/772 1034/1394/773 1035/1395/774
f 1036/1396/758 1037/1397/772 1038/1398/774
f 1039/1399/753 1040/1400/775 1041/1401/774
f 1042/1402/776 1043/1403/777 1044/1404/778
f 1045/1405/779 1046/1406/780 1047/1407/781
f 1048/1408/774 1049/1409/779 1050/1410/781
f 1051/1411/753 1052/1412/774 1053/1413/781
f 1054/1414/782 1055/1415/753 1056/1416/781
f 1057/1417/783 1058/1418/784 1059/1419/785
f 1060/1420/786 1061/1421/787 1062/1422/788
f 1063/1423/789 1064/1424/790 1065/1425/786
f 1066/1426/790 1067/1427/788 1068/1428/791
f 1069/1429/791 1070/1430/792 1071/1431/790
f 1072/1432/792 1073/1433/791 1074/1434/793
f 1075/1435/793 1076/1436/794 1077/1437/792
f 1078/1438/795 1079/1439/793 1080/1440/796
f 1081/1441/796 1082/1442/797 1083/1443/794
f 1084/1444/797 1085/1445/798 1086/1446/799
f 1087/1447/799 1088/1448/800 1089/1449/797
f 1090/1450/800 1091/1451/799 1092/1452/801
f 1093/1453/801 1094/1454/802 1095/1455/800
f 1096/1456/803 1097/1457/804 1098/1458/805
f 1099/1459/806 1100/1460/807 1101/1461/803
f 1102/1462/807 1103/1463/808 1104/1464/809
f 1105/1465/810 1106/1466/811 1107/1467/807
f 1108/1468/811 1109/1469/810 1110/1470/812
f 1111/1471/813 1112/1472/814 1113/1473/811
f 1114/1474/815 1115/1475/812 1116/1476/816
f 1117/1477/816 1118/1478/817 1119/1479/818
f 1120/1480/817 1121/1481/816 1122/1482/819
f 1123/1483/819 1124/1484/820 1125/1485/817
f 1126/1486/820 1127/1487/819 1128/1488/821
f 1129/1489/822 1130/1490/822 1131/1491/820
f 1132/1492/822 1133/1493/822 1134/1494/823
f 1135/1495/823 1136/1496/824 1137/1497/822
f 1138/1498/824 1139/1499/823 1140/1500/825
f 1141/1501/825 1142/1502/826 1143/1503/824
f 1144/1504/826 1145/1505/825 1146/1506/827
f 1147/1507/827 1148/1508/828 1149/1509/826
f 1150/1510/828 1151/1511/827 1152/1512/829
f 1153/1513/829 1154/1514/830 1155/1515/828
f 1156/1516/830 1157/1517/829 1158/1518/831
f 1159/1519/831 1160/1520/832 1161/1521/830
f 1162/1522/832 1163/1523/831 1164/1524/833
f 1165/1525/833 1166/1526/834 1167/1527/832
f 1168/1528/835 1169/1529/833 1170/1530/787
f 1171/1531/787 1172/1532/786 1173/1533/834
f 1174/1534/836 1175/1535/837 1176/1536/838
f 1177/1537/839 1178/1538/840 1179/1539/841
f 1180/1540/842 1181/1541/843 1182/1542/844
f 1183/1543/845 1184/1544/846 1185/1545/847
f 1186/1546/848 1187/1547/849 1188/1548/850
f 1189/1549/845 1190/1550/847 1191/1551/837
f 1192/1552/851 1193/1553/837 1194/1554/852
f 1195/1555/853 1196/1556/840 1197/1557/839
f 1197/1557/839 1198/1558/854 1195/1555/853
f 1199/1559/855 1200/1560/839 1201/1561/856
f 1202/1562/856 1203/1563/857 1204/1564/855
f 1205/1565/858 1206/1566/859 1207/1567/860
f 1208/1568/861 1209/1569/862 1210/1570/863
f 1211/1571/864 1212/1572/850 1213/1573/849
f 1214/1574/849 1215/1575/865 1216/1576/864
f 1217/1577/866 1218/1578/849 1219/1579/848
f 1220/1580/848 1221/1581/867 1222/1582/866
f 1223/1583/868 1224/1584/848 1225/1585/869
f 1226/1586/869 1227/1587/870 1228/1588/867
f 1229/1589/870 1230/1590/843 1231/1591/871
f 1232/1592/871 1233/1593/872 1234/1594/870
f 1235/1595/872 1236/1596/871 1237/1597/873
f 1238/1598/874 1239/1599/841 1240/1600/840
f 1241/1601/875 1242/1602/876 1243/1603/874
f 1244/1604/877 1245/1605/878 1246/1606/879
f 1247/1607/879 1248/1608/880 1249/1609/881
f 1250/1610/880 1251/1611/879 1252/1612/882
f 1253/1613/883 1254/1614/884 1255/1615/880
f 1256/1616/885 1257/1617/886 1258/1618/883
f 1259/1619/883 1260/1620/887 1261/1621/885
f 1262/1622/888 1263/1623/885 1264/1624/887
f 1265/1625/887 1266/1626/889 1267/1627/888
f 1268/1628/888 1269/1629/890 1270/1630/891
f 1271/1631/891 1272/1632/892 1273/1633/888
f 1274/1634/893 1275/1635/894 1276/1636/892
f 1277/1637/895 1278/1638/896 1279/1639/897
f 1280/1640/898 1281/1641/899 1282/1642/900
f 1283/1643/900 1284/1644/901 1285/1645/898
f 1286/1646/899 1287/1647/902 1288/1648/903
f 1289/1649/903 1290/1650/900 1291/1651/899
f 1292/1652/904 1293/1653/905 1294/1654/906
f 1295/1655/907 1296/1656/908 1297/1657/904
f 1298/1658/909 1299/1659/906 1300/1660/910
f 1301/1661/911 1302/1662/912 1303/1663/908
f 1304/1664/913 1305/1665/914 1306/1666/915
f 1307/1667/916 1308/1668/915 1309/1669/912
f 1310/1670/915 1311/1671/916 1312/1672/917
f 1312/1672/917 1313/1673/918 1310/1670/915
f 1314/1674/918 1315/1675/919 1316/1676/920
f 1317/1677/920 1318/1678/921 1319/1679/918
f 1320/1680/922 1321/1681/923 1322/1682/924
f 1323/1683/925 1324/1684/926 1325/1685/922
f 1326/1686/926 1327/1687/925 1328/1688/927
f 1329/1689/928 1330/1690/929 1331/1691/926
f 1332/1692/930 1333/1693/927 1334/1694/931
f 1335/1695/931 1336/1696/932 1337/1697/929
f 1338/1698/932 1339/1699/931 1340/1700/933
f 1341/1701/934 1342/1702/935 1343/1703/932
f 1344/1704/935 1345/1705/933 1346/1706/936
f 1347/1707/936 1348/1708/937 1349/1709/935
f 1350/1710/938 1351/1711/939 1352/1712/940
f 1353/1713/940 1354/1714/941 1355/1715/942
f 1356/1716/943 1357/1717/944 1358/1718/945
f 1359/1719/946 1360/1720/947 1361/1721/948
f 1362/1722/949 1363/1723/950 1364/1724/951
f 1365/1725/952 1366/1726/953 1367/1727/947
f 1368/1728/953 1369/1729/951 1370/1730/954
f 1371/1731/954 1372/1732/955 1373/1733/953
f 1374/1734/956 1375/1735/957 1376/1736/958
f 1377/1737/959 1378/1738/960 1379/1739/961
f 1380/1740/962 1381/1741/959 1382/1742/963
f 1383/1743/963 1384/1744/964 1385/1745/962
f 1386/1746/964 1387/1747/965 1388/1748/966
f 1389/1749/967 1390/1750/968 1391/1751/964
f 1392/1752/969 1393/1753/967 1394/1754/970
f 1395/1755/905 1396/1756/904 1397/1757/968
f 1398/1758/971 1399/1759/972 1400/1760/973
f 1401/1761/973 1402/1762/974 1403/1763/971
f 1404/1764/974 1405/1765/973 1406/1766/975
f 1407/1767/976 1408/1768/977 1409/1769/974
f 1410/1770/977 1411/1771/975 1412/1772/978
f 1413/1773/978 1414/1774/979 1410/1770/980
f 1415/1775/979 1416/1776/978 1417/1777/981
f 1417/1777/981 1418/1778/982 1415/1775/979
f 1419/1779/982 1420/1780/981 1421/1781/983
f 1422/1782/984 1423/1783/985 1424/1784/986
f 1425/1785/985 1426/1786/984 1427/1787/987
f 1428/1788/987 1429/1789/988 1430/1790/985
f 1431/1791/989 1432/1792/987 1433/1793/990
f 1434/1794/990 1435/1795/991 1436/1796/989
f 1437/1797/991 1438/1798/990 1439/1799/992
f 1440/1800/992 1441/1801/993 1442/1802/991
f 1443/1803/993 1444/1804/992 1445/1805/994
f 1446/1806/994 1447/1807/995 1448/1808/996
f 1449/1809/995 1450/1810/994 1451/1811/997
f 1452/1812/997 1453/1813/998 1454/1814/995
f 1455/1815/999 1456/1816/1000 1457/1817/1001
f 1458/1818/1001 1459/1819/1002 1460/1820/998
f 1461/1821/1002 1462/1822/1003 1463/1823/1004
f 1463/1823/1004 1464/1824/1005 1461/1821/1002
f 1465/1825/1006 1466/1826/1007 1467/1827/1008
f 1468/1828/1008 1469/1829/1009 1470/1830/1006
f 1471/1831/1010 1472/1832/1008 1473/1833/1011
f 1473/1833/1011 1474/1834/1012 1471/1831/1010
f 1475/1835/1013 1476/1836/1011 1477/1837/1014
f 1478/1838/1014 1479/1839/1015 1480/1840/1012
f 1481/1841/1015 1482/1842/1014 1483/1843/1016
f 1484/1844/1016 1485/1845/1017 1486/1846/1015
f 1487/1847/1017 1488/1848/1016 1489/1849/1018
f 1490/1850/1019 1491/1851/1020 1492/1852/1021
f 1493/1853/1020 1494/1854/1022 1495/1855/972
f 1496/1856/972 1497/1857/971 1498/1858/1020
f 1499/1859/1023 1500/1860/1024 1501/1861/1024
f 1502/1862/1025 1503/1863/1023 1504/1864/1023
f 1505/1865/1026 1506/1866/1027 1507/1867/1028
f 1508/1868/1028 1509/1869/1029 1510/1870/1030
f 1511/1871/1031 1512/1872/1032 1513/1873/1027
f 1514/1874/1027 1515/1875/1026 1516/1876/1031
f 1517/1877/1033 1518/1878/1034 1519/1879/1032
f 1520/1880/1032 1521/1881/1031 1522/1882/1033
f 1523/1883/1035 1524/1884/1036 1525/1885/1037
f 1526/1886/1038 1527/1887/268 1528/1888/1035
f 1529/1889/366 1530/1890/1039 1531/1891/1040
f 1532/1892/1040 1533/1893/364 1534/1894/1041
f 1535/1895/1029 1536/1896/1028 1537/1897/1042
f 1541/1898/1043 1542/1899/272 1543/1900/1044
f 1544/1901/1044 1545/1902/1045 1546/1903/1043
f 1547/1904/272 1548/1905/1046 1549/1906/341
f 1550/1907/341 1551/1908/1044 1552/1909/272
f 1553/1910/277 1554/1911/356 1555/1912/341
f 1556/1913/341 1557/1914/275 1558/1915/277
f 1559/1916/1047 1560/1917/1048 1561/1918/356
f 1562/1919/356 1563/1920/277 1564/1921/1047
f 1565/1922/1047 1566/1923/1049 1567/1924/1050
f 1568/1925/368 1569/1926/1051 1570/1927/1047
f 1571/1928/282 1572/1929/268 1573/1930/1041
f 1574/1931/1041 1575/1932/1050 1576/1933/1049
f 1577/1934/1052 1578/1935/346 1579/1936/1053
f 1580/1937/1053 1581/1938/251 1582/1939/273
f 1583/1940/1054 1584/1941/376 1585/1942/1055
f 1586/1943/1055 1587/1944/1056 1588/1945/1057
f 1589/1946/1058 1590/1947/1059 1591/1948/1060
f 1592/1949/1061 1593/1950/1061 1594/1951/1062
f 1595/1952/376 1596/1953/1063 1597/1954/1064
f 1598/1955/1064 1599/1956/1055 1600/1957/376
f 1601/1958/1063 1602/1959/372 1603/1960/1065
f 1604/1961/1065 1605/1962/1066 1606/1963/1063
f 1607/1964/370 1608/1965/1067 1609/1966/1065
f 1610/1967/1068 1611/1968/1069 1612/1969/370
f 1613/1970/1070 1614/1971/370 1615/1972/360
f 1616/1973/360 1617/1974/1071 1618/1975/1067
f 1619/1976/359 1620/1977/1072 1621/1978/1073
f 1622/1979/1073 1623/1980/360 1624/1981/359
f 1625/1982/1074 1626/1983/1075 1627/1984/1076
f 1628/1985/1076 1629/1986/1077 1630/1987/1074
f 1631/1988/1078 1632/1989/1040 1633/1990/1079
f 1633/1990/1079 1634/1991/1080 1631/1988/1078
f 1635/1992/1081 1636/1993/1072 1637/1994/1078
f 1637/1994/1078 1634/1991/1080 1635/1992/1081
f 1638/1995/1082 1639/1996/1037 1640/1997/1083
f 1640/1997/1083 1641/1998/1084 1638/1995/1082
f 1642/1999/1075 1643/2000/1023 1644/2001/1023
f 1645/2002/1085 1646/2003/1076 1647/2004/1075
f 1648/2005/1086 1649/2006/1074 1650/2007/1077
f 1651/2008/1077 1652/2009/1086 1653/2010/1086
f 1654/2011/1087 1655/2012/1088 1656/2013/1089
f 1657/2014/1090 1658/2015/1091 1659/2016/1092
f 1660/2017/1090 1661/2018/1092 1662/2019/1093
f 1663/2020/1094 1664/2021/1090 1665/2022/1093
f 1666/2023/1095 1667/2024/1094 1668/2025/1093
f 1669/2026/1096 1670/2027/1097 1671/2028/1098
f 1672/2029/1099 1673/2030/1100 1674/2031/1096
f 1675/2032/1101 1676/2033/1073 1677/2034/1102
f 1678/2035/1102 1679/2036/1103 1680/2037/1104
f 1681/2038/1098 1682/2039/1105 1683/2040/1106
f 1684/2041/1107 1685/2042/1108 1686/2043/1109
f 1687/2044/1099 1688/2045/1110 1689/2046/1111
f 1690/2047/1112 1691/2048/1109 1692/2049/1113
f 1693/2050/1114 1694/2051/1112 1695/2052/1115
f 1696/2053/1116 1697/2054/1117 1698/2055/1034
f 1699/2056/1034 1700/2057/1033 1701/2058/1116
f 1702/2059/1118 1703/2060/1119 1704/2061/1120
f 1705/2062/1121 1706/2063/1116 1707/2064/1118
f 1708/2065/1122 1709/2066/1036 1710/2067/1123
f 1711/2068/1124 1712/2069/1083 1713/2070/1037
f 1713/2070/1037 1714/2071/1036 1711/2068/1124
f 1641/1998/1084 1715/2072/1079 1632/1989/1040
f 1632/1989/1040 1716/2073/1125 1641/1998/1084
f 1717/2074/1072 1718/2075/1126 1719/2076/1102
f 1719/2076/1102 1676/2033/1073 1717/2074/1072
f 1720/2077/1078 1721/2078/362 1722/2079/364
f 1533/1893/364 1532/1892/1040 1723/2080/1078
f 1620/1977/1072 1619/1976/359 1724/2081/362
f 1721/2078/362 1720/2077/1078 1725/2082/1072
f 1726/2083/1041 1527/1887/268 1526/1886/1038
f 1727/2084/1037 1530/1890/1039 1529/1889/366
f 1728/2085/1127 1729/2086/1128 1730/2087/1124
f 1731/2088/1124 1714/2071/1036 1732/2089/1127
f 1733/2090/1104 1734/2091/1071 1735/2092/1073
f 1736/2093/1071 1623/1980/360 1622/1979/1073
f 1737/2094/266 1738/2095/1129 1739/2096/1130
f 1740/2097/1131 1741/2098/1132 1742/2099/1133
f 1743/2100/1035 1744/2101/1134 1745/2102/1133
f 1524/1884/1036 1523/1883/1035 1746/2103/1133
f 1747/2104/1036 1748/2105/1135 1749/2106/1123
f 1750/2107/1136 1751/2108/1137 1752/2109/1138
f 1752/2109/1138 1753/2110/1139 1750/2107/1136
f 1754/2111/1137 1755/2112/1140 1756/2113/1141
f 1756/2113/1141 1757/2114/1138 1754/2111/1137
f 1758/2115/1140 1759/2116/1142 1760/2117/1142
f 1761/2118/1142 1762/2119/1143 1763/2120/1140
f 1768/2121/1144 1769/2122/1145 1770/2123/1146
f 1770/2123/1146 1771/2124/1144 1768/2121/1144
f 1772/2125/252 1773/2126/251 1774/2127/1147
f 1774/2127/1147 1775/2128/1148 1772/2125/252
f 1776/2129/251 1777/2130/1053 1778/2131/1149
f 1778/2131/1149 1779/2132/1150 1776/2129/251
f 1780/2133/1151 1781/2134/352 1782/2135/1152
f 1783/2136/1153 1784/2137/1149 1785/2138/1053
f 1786/2139/1154 1787/2140/1057 1788/2141/1155
f 1789/2142/1155 1790/2143/1152 1791/2144/1154
f 1792/2145/1057 1793/2146/1056 1794/2147/1156
f 1794/2147/1156 1795/2148/1155 1792/2145/1057
f 1796/2149/1157 1797/2150/1158 1798/2151/1159
f 1799/2152/1159 1800/2153/1160 1801/2154/1161
f 1802/2155/1158 1803/2156/1136 1804/2157/1162
f 1804/2157/1162 1805/2158/1159 1802/2155/1158
f 1814/2159/1163 1815/2160/1164 1816/2161/1165
f 1816/2161/1165 1817/2162/1166 1814/2159/1163
f 1822/2163/1167 1823/2164/1168 1824/2165/1169
f 1824/2165/1169 1825/2166/1170 1822/2163/1167
f 1846/2167/1171 1847/2168/1172 1848/2169/1173
f 1849/2170/1174 1848/2169/1173 1847/2168/1172
f 1850/2171/1175 1851/2172/1176 1852/2173/1177
f 1853/2174/1178 1854/2175/1179 1851/2172/1176
f 1852/2173/1177 1851/2172/1176 1854/2175/1179
f 1853/2174/1178 1855/2176/1180 1854/2175/1179
f 1856/2177/1181 1857/2178/1182 1858/2179/1183
f 1859/2180/1184 1858/2179/1183 1857/2178/1182
f 1860/2181/1185 1848/2169/1173 1861/2182/1186
f 1849/2170/1174 1861/2182/1186 1848/2169/1173
f 1859/2180/1184 1860/2181/1185 1858/2179/1183
f 1861/2182/1186 1858/2179/1183 1860/2181/1185
f 1862/2183/1187 1863/2184/1188 1864/2185/1178
f 1855/2176/1180 1853/2174/1178 1865/2186/1188
f 1866/2187/1189 1867/2188/1190 1868/2189/1191
f 1869/2190/1192 1868/2189/1191 1870/2191/1193
f 1871/2192/1194 1869/2190/1192 1872/2193/1195
f 1870/2191/1193 1872/2193/1195 1869/2190/1192
f 1873/2194/1196 1874/2195/1197 1875/2196/1198
f 1872/2193/1195 1876/2197/1198 1871/2192/1194
f 1877/2198/1199 1873/2194/1196 1878/2199/1200
f 1875/2196/1198 1878/2199/1200 1873/2194/1196
f 1868/2189/1191 1867/2188/1190 1870/2191/1193
f 1873/2194/1196 1879/2200/1201 1874/2195/1197
f 1850/2171/1175 1880/2201/1202 1851/2172/1176
f 1881/2202/1203 1851/2172/1176 1880/2201/1202
f 1880/2201/1202 1847/2168/1172 1881/2202/1203
f 1846/2167/1171 1881/2202/1203 1847/2168/1172
f 1882/2203/1204 1863/2184/1188 1862/2183/1187
f 1883/2204/1205 1884/2205/1181 1885/2206/1206
f 1883/2204/1205 1885/2206/1206 1886/2207/1207
f 1887/2208/1208 1888/2209/1209 1889/2210/1210
f 1890/2211/1211 1889/2210/1210 1888/2209/1209
f 1891/2212/1212 1889/2210/1210 1892/2213/1213
f 1890/2211/1211 1892/2213/1213 1889/2210/1210
f 1893/2214/1214 1894/2215/1215 1879/2200/1201
f 1879/2200/1201 1873/2194/1196 1893/2214/1214
f 1877/2198/1199 1893/2214/1214 1873/2194/1196
f 1895/2216/1216 1896/2217/1217 1897/2218/1218
f 1898/2219/1219 1899/2220/1220 1900/2221/1221
f 1901/2222/1216 1900/2221/1221 1899/2220/1220
f 1900/2221/1221 1901/2222/1216 1893/2214/1214
f 1894/2215/1215 1893/2214/1214 1901/2222/1216
f 1902/2223/1222 1891/2212/1212 1892/2213/1213
f 1903/2224/1223 1891/2212/1212 1902/2223/1222
f 1903/2224/1223 1902/2223/1222 1904/2225/1224
f 1905/2226/1225 1891/2212/1212 1906/2227/1226
f 1903/2224/1223 1906/2227/1226 1891/2212/1212
f 1898/2219/1219 1907/2228/1227 1899/2220/1220
f 1896/2217/1217 1908/2229/1227 1909/2230/1228
f 1896/2217/1217 1909/2230/1228 1897/2218/1218
f 1910/2231/1229 1897/2218/1218 1909/2230/1228
f 1887/2208/1208 1867/2188/1190 1888/2209/1209
f 1866/2187/1189 1888/2209/1209 1867/2188/1190
f 1911/2232/1230 1912/2233/1182 1913/2234/1231
f 1856/2177/1181 1914/2235/1232 1857/2178/1182
f 1915/2236/1231 1857/2178/1182 1914/2235/1232
f 1915/2236/1231 1914/2235/1232 1916/2237/1228
f 1917/2238/1229 1916/2237/1228 1914/2235/1232
f 1883/2204/1205 1886/2207/1207 1918/2239/1233
f 1914/2235/1232 1919/2240/1233 1917/2238/1229
f 1918/2239/1233 1920/2241/1234 1921/2242/1235
f 1922/2243/1236 1923/2244/1178 1924/2245/1237
f 1925/2246/1238 1926/2247/1239 1927/2248/1240
f 1923/2244/1178 1926/2247/1239 1924/2245/1237
f 1928/2249/1241 1924/2245/1237 1926/2247/1239
f 1925/2246/1238 1928/2249/1241 1926/2247/1239
f 1929/2250/1187 1923/2244/1178 1922/2243/1236
f 1930/2251/1242 1931/2252/1204 1932/2253/1243
f 1933/2254/1239 1934/2255/1244 1935/2256/1240
f 1936/2257/1245 1937/2258/1246 1938/2259/1247
f 1939/2260/1248 1940/2261/1249 1941/2262/1250
f 1942/2263/1251 1943/2264/1252 1944/2265/1253
f 1945/2266/1254 1944/2265/1253 1943/2264/1252
f 1946/2267/1252 1947/2268/1255 1948/2269/1254
f 1949/2270/1256 1945/2266/1254 1950/2271/1257
f 1951/2272/1255 1952/2273/1258 1953/2274/1259
f 1954/2275/1260 1953/2274/1259 1952/2273/1258
f 1952/2273/1258 1934/2255/1244 1954/2275/1260
f 1933/2254/1239 1954/2275/1260 1934/2255/1244
f 1955/2276/1261 1956/2277/1262 1942/2263/1251
f 1943/2264/1252 1942/2263/1251 1956/2277/1262
f 1957/2278/1262 1958/2279/1263 1946/2267/1252
f 1947/2268/1255 1946/2267/1252 1958/2279/1263
f 1959/2280/1263 1960/2281/1264 1951/2272/1255
f 1952/2273/1258 1951/2272/1255 1960/2281/1264
f 1960/2281/1264 1961/2282/1265 1952/2273/1258
f 1934/2255/1244 1952/2273/1258 1961/2282/1265
f 1962/2283/1266 1963/2284/1267 1964/2285/1268
f 1955/2276/1261 1964/2285/1268 1963/2284/1267
f 1963/2284/1267 1965/2286/1269 1955/2276/1261
f 1956/2277/1262 1955/2276/1261 1965/2286/1269
f 1966/2287/1269 1967/2288/1270 1957/2278/1262
f 1958/2279/1263 1957/2278/1262 1967/2288/1270
f 1968/2289/1270 1969/2290/1271 1959/2280/1263
f 1960/2281/1264 1959/2280/1263 1969/2290/1271
f 1969/2290/1271 1970/2291/1272 1960/2281/1264
f 1961/2282/1265 1960/2281/1264 1970/2291/1272
f 1971/2292/1273 1972/2293/1274 1962/2283/1266
f 1963/2284/1267 1962/2283/1266 1972/2293/1274
f 1972/2293/1274 1973/2294/1275 1963/2284/1267
f 1965/2286/1269 1963/2284/1267 1973/2294/1275
f 1973/2294/1275 1974/2295/1276 1965/2286/1269
f 1967/2288/1270 1966/2287/1269 1975/2296/1276
f 1976/2297/1276 1977/2298/1277 1968/2289/1270
f 1969/2290/1271 1968/2289/1270 1977/2298/1277
f 1977/2298/1277 1978/2299/1278 1969/2290/1271
f 1970/2291/1272 1969/2290/1271 1978/2299/1278
f 1978/2299/1278 1979/2300/1279 1970/2291/1272
f 1980/2301/1280 1970/2291/1272 1979/2300/1279
f 1981/2302/1281 1982/2303/1282 1971/2292/1273
f 1972/2293/1274 1971/2292/1273 1982/2303/1282
f 1982/2303/1282 1983/2304/1283 1972/2293/1274
f 1973/2294/1275 1972/2293/1274 1983/2304/1283
f 1984/2305/1284 1985/2306/1285 1986/2307/1286
f 1974/2295/1276 1973/2294/1275 1987/2308/1285
f 1988/2309/1285 1989/2310/1287 1976/2297/1276
f 1977/2298/1277 1976/2297/1276 1989/2310/1287
f 1989/2310/1287 1990/2311/135 1977/2298/1277
f 1978/2299/1278 1977/2298/1277 1990/2311/135
f 1990/2311/135 1991/2312/1288 1978/2299/1278
f 1979/2300/1279 1978/2299/1278 1991/2312/1288
f 1991/2312/1288 1992/2313/1289 1979/2300/1279
f 1993/2314/1290 1979/2300/1279 1992/2313/1289
f 1994/2315/1291 1995/2316/1292 1981/2302/1281
f 1982/2303/1282 1981/2302/1281 1995/2316/1292
f 1995/2316/1292 1996/2317/1293 1982/2303/1282
f 1983/2304/1283 1982/2303/1282 1996/2317/1293
f 1997/2318/1293 1998/2319/1294 1984/2305/1284
f 1985/2306/1285 1984/2305/1284 1998/2319/1294
f 1999/2320/1294 2000/2321/1295 1988/2309/1285
f 1989/2310/1287 1988/2309/1285 2000/2321/1295
f 2000/2321/1295 2001/2322/1296 1989/2310/1287
f 1990/2311/135 1989/2310/1287 2001/2322/1296
f 2001/2322/1296 2002/2323/1297 1990/2311/135
f 1991/2312/1288 1990/2311/135 2002/2323/1297
f 2002/2323/1297 2003/2324/1298 1991/2312/1288
f 1992/2313/1289 1991/2312/1288 2003/2324/1298
f 2003/2324/1298 2004/2325/1299 1992/2313/1289
f 2005/2326/1300 1992/2313/1289 2004/2325/1299
f 2006/2327/1301 2007/2328/1302 1994/2315/1291
f 1995/2316/1292 1994/2315/1291 2007/2328/1302
f 2007/2328/1302 2008/2329/1303 1995/2316/1292
f 1996/2317/1293 1995/2316/1292 2008/2329/1303
f 2009/2330/1303 2010/2331/1304 1997/2318/1293
f 1998/2319/1294 1997/2318/1293 2010/2331/1304
f 2011/2332/1305 2012/2333/1306 1999/2320/1294
f 2000/2321/1295 1999/2320/1294 2012/2333/1306
f 2012/2333/1306 2013/2334/1307 2000/2321/1295
f 2001/2322/1296 2000/2321/1295 2013/2334/1307
f 2013/2334/1307 2014/2335/1308 2001/2322/1296
f 2002/2323/1297 2001/2322/1296 2014/2335/1308
f 2014/2335/1308 2015/2336/1309 2002/2323/1297
f 2003/2324/1298 2002/2323/1297 2015/2336/1309
f 2016/2337/1309 2017/2338/1310 2018/2339/1298
f 2004/2325/1299 2003/2324/1298 2019/2340/1311
f 2020/2341/1312 2004/2325/1299 2019/2340/1311
f 2021/2342/1313 2022/2343/1312 2017/2338/1311
f 2020/2341/1312 2023/2344/1314 2004/2325/1299
f 2024/2345/1315 2004/2325/1299 2023/2344/1314
f 2023/2344/1314 2020/2341/1312 2025/2346/1316
f 2026/2347/1317 2027/2348/1318 2028/2349/1319
f 2029/2350/1320 2028/2349/1319 2027/2348/1318
f 2030/2351/1321 2031/2352/1322 2028/2349/1319
f 2032/2353/1323 2033/2354/1324 2034/2355/1325
f 2035/2356/1326 2034/2355/1325 2033/2354/1324
f 2032/2353/1323 2036/2357/1327 2033/2354/1324
f 2037/2358/1328 2006/2327/1301 2038/2359/1329
f 2038/2359/1329 2006/2327/1301 1994/2315/1291
f 2038/2359/1329 1994/2315/1291 2039/2360/1330
f 1964/2285/1268 1942/2263/1251 2040/2361/1331
f 1944/2265/1253 2040/2361/1331 1942/2263/1251
f 1964/2285/1268 1955/2276/1261 1942/2263/1251
f 2041/2362/1332 2042/2363/1333 2043/2364/1334
f 2044/2365/1335 2043/2364/1334 2042/2363/1333
f 1938/2259/1247 2039/2360/1330 1936/2257/1245
f 2045/2366/1336 1936/2257/1245 2039/2360/1330
f 2046/2367/1337 1938/2259/1247 2047/2368/1338
f 1937/2258/1246 2047/2368/1338 1938/2259/1247
f 2048/2369/1339 2038/2359/1329 2039/2360/1330
f 2048/2369/1339 2039/2360/1330 2046/2367/1337
f 1938/2259/1247 2046/2367/1337 2039/2360/1330
f 2049/2370/1340 2050/2371/1341 2051/2372/1342
f 2052/2373/1343 2051/2372/1342 2050/2371/1341
f 2053/2374/1344 2054/2375/1345 2055/2376/1346
f 2056/2377/1341 2055/2376/1346 2054/2375/1345
f 2053/2374/1344 2057/2378/1347 2054/2375/1345
f 2058/2379/1348 2054/2375/1345 2057/2378/1347
f 2052/2373/1343 2059/2380/1348 2051/2372/1342
f 2060/2381/1349 2051/2372/1342 2059/2380/1348
f 2041/2362/1332 2061/2382/1350 2042/2363/1333
f 2049/2370/1340 2042/2363/1333 2061/2382/1350
f 2037/2358/1328 2038/2359/1329 2062/2383/1351
f 1961/2282/1265 1970/2291/1272 1980/2301/1280
f 1993/2314/1290 1980/2301/1280 1979/2300/1279
f 1992/2313/1289 2005/2326/1300 1993/2314/1290
f 2005/2326/1300 2004/2325/1299 2063/2384/1352
f 2021/2342/1313 2017/2338/1311 2064/2385/1353
f 2021/2342/1313 2064/2385/1353 2065/2386/1319
f 2066/2387/1354 2067/2388/1355 2026/2347/1317
f 2031/2352/1322 2026/2347/1317 2028/2349/1319
f 2068/2389/1347 2069/2390/1356 2070/2391/1348
f 1941/2262/1250 2059/2380/1348 1939/2260/1248
f 2071/2392/1357 2072/2393/1358 2073/2394/1337
f 2074/2395/1339 2075/2396/1359 2076/2397/1349
f 2077/2398/1360 2078/2399/1361 2079/2400/1338
f 2075/2396/1337 2080/2401/1338 2081/2402/1361
f 2049/2370/1340 2051/2372/1342 2042/2363/1333
f 2082/2403/1361 2042/2363/1333 2051/2372/1342
f 2082/2403/1361 2051/2372/1342 2060/2381/1349
f 2044/2365/1335 2042/2363/1333 2083/2404/1362
f 2082/2403/1361 2083/2404/1362 2042/2363/1333
f 2062/2383/1351 2038/2359/1329 2084/2405/1363
f 2059/2380/1348 1941/2262/1250 2060/2381/1349
f 2085/2406/1364 2076/2397/1349 2086/2407/1250
f 2076/2397/1349 2085/2406/1364 2074/2395/1339
f 2038/2359/1329 2048/2369/1339 2084/2405/1363
f 2087/2408/1365 2025/2346/1316 2088/2409/1313
f 2020/2341/1312 2088/2409/1313 2025/2346/1316
f 2089/2410/1366 2090/2411/1323 2049/2370/1340
f 2050/2371/1341 2049/2370/1340 2090/2411/1323
f 2067/2388/1355 2090/2411/1323 2089/2410/1366
f 2026/2347/1317 2089/2410/1366 2061/2382/1350
f 2049/2370/1340 2061/2382/1350 2089/2410/1366
f 2091/2412/1367 2092/2413/1313 2028/2349/1319
f 2091/2412/1367 2028/2349/1319 2029/2350/1320
f 2039/2360/1330 1994/2315/1291 2045/2366/1336
f 1981/2302/1281 2045/2366/1336 1994/2315/1291
f 2093/2414/211 2061/2382/1350 2094/2415/212
f 2041/2362/1332 2094/2415/212 2061/2382/1350
f 2094/2415/212 2041/2362/1332 2095/2416/1368
f 2043/2364/1334 2095/2416/1368 2041/2362/1332
f 2026/2347/1317 2061/2382/1350 2027/2348/1318
f 2093/2414/211 2027/2348/1318 2061/2382/1350
f 1953/2274/1259 1954/2275/1260 2096/2417/1369
f 1933/2254/1239 2097/2418/1370 1954/2275/1260
f 2096/2417/1369 1954/2275/1260 2097/2418/1370
f 2098/2419/1371 2099/2420/1372 2100/2421/1373
f 2101/2422/1374 2100/2421/1373 2099/2420/1372
f 1945/2266/1254 2102/2423/1375 1944/2265/1253
f 2103/2424/1376 1944/2265/1253 2102/2423/1375
f 2104/2425/1377 2105/2426/1378 2106/2427/1379
f 2107/2428/1380 2106/2427/1379 2105/2426/1378
f 2108/2429/1381 2104/2425/1377 2109/2430/1382
f 2110/2431/1383 2109/2430/1382 2104/2425/1377
f 2110/2431/1383 2104/2425/1377 2106/2427/1379
f 2111/2432/1384 2112/2433/1385 2105/2426/1378
f 2107/2428/1380 2105/2426/1378 2112/2433/1385
f 2040/2361/1331 2113/2434/1386 2111/2432/1384
f 2112/2433/1385 2111/2432/1384 2113/2434/1386
f 2103/2424/1376 2113/2434/1386 1944/2265/1253
f 2040/2361/1331 1944/2265/1253 2113/2434/1386
f 2097/2418/1370 2098/2419/1371 2096/2417/1369
f 2100/2421/1373 2096/2417/1369 2098/2419/1371
f 2114/2435/1387 1923/2244/1178 2115/2436/1388
f 2116/2437/1389 1923/2244/1178 2114/2435/1387
f 2117/2438/1390 1923/2244/1178 2116/2437/1389
f 1926/2247/1239 1923/2244/1178 2117/2438/1390
f 1926/2247/1239 2117/2438/1390 2118/2439/1391
f 1926/2247/1239 2118/2439/1391 2119/2440/1392
f 1926/2247/1239 2119/2440/1392 2120/2441/1370
f 2121/2442/1393 2120/2441/1370 2119/2440/1392
f 2120/2441/1370 2121/2442/1393 2122/2443/1371
f 2123/2444/1394 2122/2443/1371 2121/2442/1393
f 2124/2445/1395 2125/2446/1176 2126/2447/1396
f 2127/2448/1397 2126/2447/1396 2125/2446/1176
f 2127/2448/1397 2125/2446/1176 2128/2449/1398
f 2129/2450/1372 2128/2449/1398 2125/2446/1176
f 2130/2451/1399 2128/2449/1398 2129/2450/1372
f 2130/2451/1399 2129/2450/1372 2131/2452/1400
f 2132/2453/1401 2131/2452/1400 2129/2450/1372
f 2132/2453/1401 2129/2450/1372 2122/2443/1371
f 2132/2453/1401 2122/2443/1371 2123/2444/1394
f 2133/2454/1402 1949/2270/1256 2134/2455/1403
f 2096/2417/1369 2100/2421/1373 1953/2274/1259
f 2101/2422/1374 2135/2456/1404 2100/2421/1373
f 1945/2266/1254 1949/2270/1256 2102/2423/1375
f 2133/2454/1402 2102/2423/1375 1949/2270/1256
f 2136/2457/1405 2137/2458/250 2138/2459/1406
f 2139/2460/1407 2138/2459/1406 2137/2458/250
f 2138/2459/1406 2139/2460/1407 2140/2461/254
f 2141/2462/255 2140/2461/254 2139/2460/1407
f 2142/2463/254 2143/2464/255 2144/2465/256
f 2145/2466/257 2144/2465/256 2143/2464/255
f 2144/2465/256 2145/2466/257 2146/2467/258
f 2147/2468/259 2146/2467/258 2145/2466/257
f 2148/2469/258 2149/2470/259 2150/2471/262
f 2151/2472/263 2150/2471/262 2149/2470/259
f 2151/2472/263 2152/2473/264 2150/2471/262
f 2153/2474/265 2150/2471/262 2152/2473/264
f 2154/2475/1408 2153/2474/265 2155/2476/267
f 2152/2473/264 2155/2476/267 2153/2474/265
f 1923/2244/1178 2125/2446/1176 2115/2436/1388
f 2124/2445/1395 2115/2436/1388 2125/2446/1176
f 2156/2477/269 2157/2478/1409 2155/2476/267
f 2154/2475/1408 2155/2476/267 2157/2478/1409
f 2158/2479/271 2159/2480/270 2160/2481/1410
f 2161/2482/1411 2160/2481/1410 2159/2480/270
f 2162/2483/274 2158/2479/271 2163/2484/1412
f 2160/2481/1410 2163/2484/1412 2158/2479/271
f 2164/2485/276 2162/2483/274 2165/2486/1413
f 2163/2484/1412 2165/2486/1413 2162/2483/274
f 2166/2487/278 2164/2485/276 2167/2488/1414
f 2165/2486/1413 2167/2488/1414 2164/2485/276
f 2168/2489/280 2166/2487/278 2169/2490/1415
f 2167/2488/1414 2169/2490/1415 2166/2487/278
f 2156/2477/269 2170/2491/280 2157/2478/1409
f 2171/2492/1416 2157/2478/1409 2170/2491/280
f 2136/2457/1405 2172/2493/1411 2137/2458/250
f 2173/2494/1417 2137/2458/250 2172/2493/1411
f 2174/2495/1418 2175/2496/1184 2176/2497/1419
f 2177/2498/1185 2175/2496/1184 2178/2499/1420
f 2174/2495/1418 2178/2499/1420 2175/2496/1184
f 2125/2446/1176 2179/2500/1421 2129/2450/1372
f 2180/2501/1422 2181/2502/1423 2182/2503/1424
f 2183/2504/1425 2180/2501/1422 2182/2503/1424
f 2184/2505/1426 2185/2506/1427 2129/2450/1372
f 2186/2507/1428 2184/2505/1426 2129/2450/1372
f 2187/2508/1429 2186/2507/1428 2129/2450/1372
f 2188/2509/1430 2179/2500/1421 2125/2446/1176
f 2189/2510/1431 2188/2509/1430 2125/2446/1176
f 2190/2511/1432 2189/2510/1431 2125/2446/1176
f 2191/2512/1173 2192/2513/1433 2193/2514/1171
f 2194/2515/1434 2193/2514/1171 2192/2513/1433
f 2190/2511/1432 2125/2446/1176 2195/2516/1435
f 2196/2517/1203 2195/2516/1435 2125/2446/1176
f 2195/2516/1435 2196/2517/1203 2194/2515/1434
f 2193/2514/1171 2194/2515/1434 2196/2517/1203
f 2178/2499/1420 2192/2513/1433 2177/2498/1185
f 2191/2512/1173 2177/2498/1185 2192/2513/1433
f 2197/2518/1436 2176/2497/1419 2198/2519/1182
f 2175/2496/1184 2198/2519/1182 2176/2497/1419
f 2107/2428/1380 2112/2433/1385 2199/2520/1437
f 2200/2521/1438 2199/2520/1437 2112/2433/1385
f 2106/2427/1379 2107/2428/1380 2201/2522/1439
f 2199/2520/1437 2201/2522/1439 2107/2428/1380
f 2110/2431/1383 2106/2427/1379 2201/2522/1439
f 2110/2431/1383 2201/2522/1439 2202/2523/1440
f 2110/2431/1383 2202/2523/1440 2109/2430/1382
f 2200/2521/1438 2112/2433/1385 2203/2524/1441
f 2113/2434/1386 2203/2524/1441 2112/2433/1385
f 2102/2423/1375 2133/2454/1402 2204/2525/1442
f 2205/2526/1443 2204/2525/1442 2133/2454/1402
f 2185/2506/1427 2183/2504/1425 2182/2503/1424
f 2185/2506/1427 2182/2503/1424 2129/2450/1372
f 2101/2422/1374 2099/2420/1372 2206/2527/1444
f 2207/2528/1445 2206/2527/1444 2099/2420/1372
f 2135/2456/1404 2101/2422/1374 2208/2529/1446
f 2209/2530/1444 2205/2526/1446 2210/2531/1447
f 2129/2450/1372 2179/2500/1421 2187/2508/1429
f 2211/2532/1448 2203/2524/1441 2212/2533/1449
f 2212/2533/1449 2213/2534/1450 2211/2532/1448
f 2214/2535/1451 2211/2532/1448 2213/2534/1450
f 2213/2534/1450 2215/2536/1452 2214/2535/1451
f 2216/2537/1453 2214/2535/1451 2215/2536/1452
f 2217/2538/1449 2218/2539/1441 2219/2540/1454
f 2220/2541/1454 2221/2542/1455 2222/2543/1449
f 2223/2544/1450 2222/2543/1449 2221/2542/1455
f 2221/2542/1455 2224/2545/1456 2223/2544/1450
f 2225/2546/1452 2223/2544/1450 2224/2545/1456
f 2226/2547/1457 2203/2524/1441 2211/2532/1448
f 2214/2535/1451 2216/2537/1453 2227/2548/1458
f 2228/2549/1459 2227/2548/1458 2216/2537/1453
f 2211/2532/1448 2214/2535/1451 2226/2547/1457
f 2227/2548/1458 2226/2547/1457 2214/2535/1451
f 2229/2550/1460 2230/2551/1461 2231/2552/1462
f 2232/2553/1463 2231/2552/1462 2230/2551/1461
f 2231/2552/1462 2232/2553/1463 2233/2554/1464
f 2234/2555/1465 2233/2554/1464 2232/2553/1463
f 2235/2556/1466 2234/2555/1465 2232/2553/1463
f 2236/2557/1467 2234/2555/1465 2235/2556/1466
f 2230/2551/1461 2237/2558/1468 2238/2559/1469
f 2234/2555/1465 2227/2548/1458 2233/2554/1464
f 2228/2549/1459 2233/2554/1464 2227/2548/1458
f 2229/2550/1460 2239/2560/1470 2237/2558/1468
f 2229/2550/1460 2237/2558/1468 2230/2551/1461
f 2230/2551/1461 2240/2561/1471 2241/2562/1472
f 2232/2553/1463 2230/2551/1461 2235/2556/1466
f 2242/2563/1473 2235/2556/1466 2230/2551/1461
f 2241/2562/1472 2242/2563/1473 2230/2551/1461
f 2226/2547/1457 2227/2548/1458 2236/2557/1467
f 2234/2555/1465 2236/2557/1467 2227/2548/1458
f 2243/2564/1455 2204/2525/1442 2244/2565/1456
f 2102/2423/1375 2204/2525/1442 2243/2564/1455
f 2245/2566/1376 2102/2423/1375 2243/2564/1455
f 2246/2567/1441 2247/2568/1457 2248/2569/1438
f 2249/2570/1474 2248/2569/1438 2247/2568/1457
f 2248/2569/1438 2249/2570/1474 2250/2571/1475
f 2251/2572/1466 2250/2571/1475 2249/2570/1474
f 2250/2571/1475 2251/2572/1466 2252/2573/1476
f 2253/2574/1473 2252/2573/1476 2251/2572/1466
f 2254/2575/1440 2252/2573/1476 2253/2574/1473
f 2255/2576/1182 2256/2577/1477 2257/2578/1436
f 2258/2579/1423 2259/2580/1436 2260/2581/1477
f 2261/2582/342 2262/2583/1478 2263/2584/343
f 2264/2585/1479 2263/2584/343 2262/2583/1478
f 2263/2584/343 2264/2585/1479 2265/2586/345
f 2266/2587/1480 2265/2586/345 2264/2585/1479
f 2267/2588/345 2268/2589/1481 2269/2590/349
f 2270/2591/1482 2269/2590/349 2268/2589/1481
f 2269/2590/349 2270/2591/1482 2271/2592/351
f 2272/2593/1483 2271/2592/351 2270/2591/1482
f 2273/2594/354 2274/2595/1484 2275/2596/355
f 2276/2597/1485 2275/2596/355 2274/2595/1484
f 2275/2596/355 2276/2597/1485 2261/2582/342
f 2262/2583/1478 2261/2582/342 2276/2597/1485
f 2277/2598/358 2278/2599/357 2279/2600/1486
f 2280/2601/1487 2279/2600/1486 2278/2599/357
f 2281/2602/361 2277/2598/358 2282/2603/1488
f 2279/2600/1486 2282/2603/1488 2277/2598/358
f 2283/2604/363 2281/2602/361 2284/2605/1489
f 2282/2603/1488 2284/2605/1489 2281/2602/361
f 2285/2606/365 2283/2604/363 2286/2607/1490
f 2284/2605/1489 2286/2607/1490 2283/2604/363
f 2287/2608/367 2285/2606/365 2288/2609/1491
f 2286/2607/1490 2288/2609/1491 2285/2606/365
f 2273/2594/354 2289/2610/369 2274/2595/1484
f 2290/2611/1491 2274/2595/1484 2289/2610/369
f 2291/2612/1492 2280/2601/1487 2292/2613/371
f 2278/2599/357 2292/2613/371 2280/2601/1487
f 2293/2614/1493 2294/2615/1492 2295/2616/373
f 2296/2617/371 2295/2616/373 2294/2615/1492
f 2297/2618/1494 2293/2614/1493 2298/2619/375
f 2295/2616/373 2298/2619/375 2293/2614/1493
f 2299/2620/1495 2297/2618/1494 2300/2621/377
f 2298/2619/375 2300/2621/377 2297/2618/1494
f 2301/2622/1496 2302/2623/1495 2303/2624/379
f 2304/2625/377 2303/2624/379 2302/2623/1495
f 2272/2593/1483 2301/2622/1496 2271/2592/351
f 2303/2624/379 2271/2592/351 2301/2622/1496
f 2204/2525/1442 2305/2626/1497 2244/2565/1456
f 2306/2627/1498 2244/2565/1456 2305/2626/1497
f 2305/2626/1497 2307/2628/1499 2306/2627/1498
f 2308/2629/1500 2306/2627/1498 2307/2628/1499
f 2307/2628/1499 2309/2630/1501 2308/2629/1500
f 2310/2631/1502 2308/2629/1500 2309/2630/1501
f 2309/2630/1501 2311/2632/1503 2310/2631/1502
f 2312/2633/1504 2310/2631/1502 2311/2632/1503
f 2311/2632/1503 2313/2634/1505 2312/2633/1504
f 2314/2635/1506 2312/2633/1504 2313/2634/1505
f 2205/2526/1443 2315/2636/1507 2204/2525/1442
f 2305/2626/1497 2204/2525/1442 2315/2636/1507
f 2315/2636/1507 2316/2637/1508 2305/2626/1497
f 2307/2628/1499 2305/2626/1497 2316/2637/1508
f 2316/2637/1508 2317/2638/1509 2307/2628/1499
f 2309/2630/1501 2307/2628/1499 2317/2638/1509
f 2317/2638/1509 2318/2639/1510 2309/2630/1501
f 2311/2632/1503 2309/2630/1501 2318/2639/1510
f 2318/2639/1510 2319/2640/1511 2311/2632/1503
f 2313/2634/1505 2311/2632/1503 2319/2640/1511
f 2313/2634/1505 2319/2640/1511 2320/2641/1512
f 2321/2642/1513 2322/2643/1514 2316/2637/1508
f 2317/2638/1509 2316/2637/1508 2322/2643/1514
f 2322/2643/1514 2323/2644/1515 2317/2638/1509
f 2318/2639/1510 2317/2638/1509 2323/2644/1515
f 2323/2644/1515 2324/2645/1516 2318/2639/1510
f 2319/2640/1511 2318/2639/1510 2324/2645/1516
f 2324/2645/1516 2325/2646/1517 2319/2640/1511
f 2320/2641/1512 2319/2640/1511 2325/2646/1517
f 2326/2647/1477 1908/2229/1518 2327/2648/1444
f 2328/2649/1519 2327/2648/1444 1908/2229/1518
f 1908/2229/1518 2329/2650/1219 2328/2649/1519
f 2330/2651/1513 2328/2649/1519 2329/2650/1219
f 2329/2650/1219 2331/2652/1221 2330/2651/1513
f 2332/2653/1514 2330/2651/1513 2331/2652/1221
f 2331/2652/1221 2333/2654/1214 2332/2653/1514
f 2334/2655/1515 2332/2653/1514 2333/2654/1214
f 2333/2654/1214 2335/2656/1199 2334/2655/1515
f 2336/2657/1516 2334/2655/1515 2335/2656/1199
f 2335/2656/1199 2337/2658/1520 2336/2657/1516
f 2338/2659/1521 2336/2657/1516 2337/2658/1520
f 2339/2660/1522 2340/2661/1523 2341/2662/1524
f 2342/2663/1525 2341/2662/1524 2340/2661/1523
f 2343/2664/1526 2339/2660/1522 2344/2665/1527
f 2341/2662/1524 2344/2665/1527 2339/2660/1522
f 2345/2666/1528 2231/2552/1462 2346/2667/1529
f 2233/2554/1464 2346/2667/1529 2231/2552/1462
f 2347/2668/1530 2345/2666/1528 2348/2669/1531
f 2346/2667/1529 2348/2669/1531 2345/2666/1528
f 2349/2670/1532 2347/2668/1530 2350/2671/1533
f 2348/2669/1531 2350/2671/1533 2347/2668/1530
f 2351/2672/1534 2349/2670/1532 2352/2673/1535
f 2350/2671/1533 2352/2673/1535 2349/2670/1532
f 2346/2667/1529 2233/2554/1464 2353/2674/1536
f 2228/2549/1459 2353/2674/1536 2233/2554/1464
f 2348/2669/1531 2346/2667/1529 2354/2675/1537
f 2353/2674/1536 2354/2675/1537 2346/2667/1529
f 2350/2671/1533 2348/2669/1531 2355/2676/1538
f 2354/2675/1537 2355/2676/1538 2348/2669/1531
f 2352/2673/1535 2350/2671/1533 2356/2677/1539
f 2355/2676/1538 2356/2677/1539 2350/2671/1533
f 2356/2677/1539 2357/2678/1540 2352/2673/1535
f 2353/2674/1536 2228/2549/1459 2358/2679/1541
f 2216/2537/1453 2358/2679/1541 2228/2549/1459
f 2354/2675/1537 2353/2674/1536 2359/2680/1542
f 2358/2679/1541 2359/2680/1542 2353/2674/1536
f 2355/2676/1538 2354/2675/1537 2360/2681/1543
f 2359/2680/1542 2360/2681/1543 2354/2675/1537
f 2356/2677/1539 2355/2676/1538 2361/2682/1544
f 2360/2681/1543 2361/2682/1544 2355/2676/1538
f 2357/2678/1540 2356/2677/1539 2362/2683/1545
f 2361/2682/1544 2362/2683/1545 2356/2677/1539
f 2363/2684/1546 2357/2678/1540 2364/2685/1547
f 2362/2683/1545 2364/2685/1547 2357/2678/1540
f 2358/2679/1541 2216/2537/1453 2365/2686/1548
f 2215/2536/1452 2365/2686/1548 2216/2537/1453
f 2359/2680/1542 2358/2679/1541 2366/2687/1549
f 2365/2686/1548 2366/2687/1549 2358/2679/1541
f 2360/2681/1543 2359/2680/1542 2367/2688/1550
f 2366/2687/1549 2367/2688/1550 2359/2680/1542
f 2361/2682/1544 2360/2681/1543 2368/2689/1551
f 2367/2688/1550 2368/2689/1551 2360/2681/1543
f 2362/2683/1545 2361/2682/1544 2369/2690/1552
f 2368/2689/1551 2369/2690/1552 2361/2682/1544
f 2364/2685/1547 2362/2683/1545 2370/2691/1553
f 2369/2690/1552 2370/2691/1553 2362/2683/1545
f 2371/2692/1548 2225/2546/1452 2372/2693/1498
f 2224/2545/1456 2372/2693/1498 2225/2546/1452
f 2366/2687/1549 2365/2686/1548 2373/2694/1554
f 2372/2693/1498 2374/2695/1554 2371/2692/1548
f 2367/2688/1550 2366/2687/1549 2375/2696/1502
f 2373/2694/1554 2375/2696/1502 2366/2687/1549
f 2368/2689/1551 2367/2688/1550 2376/2697/1504
f 2375/2696/1502 2376/2697/1504 2367/2688/1550
f 2369/2690/1552 2368/2689/1551 2377/2698/1555
f 2376/2697/1504 2377/2698/1555 2368/2689/1551
f 2370/2691/1553 2369/2690/1552 2378/2699/1556
f 2377/2698/1555 2378/2699/1556 2369/2690/1552
f 2357/2678/1540 2363/2684/1546 2341/2662/1524
f 2344/2665/1527 2341/2662/1524 2363/2684/1546
f 2379/2700/1557 2380/2701/1558 2381/2702/1559
f 2382/2703/1560 2381/2702/1559 2380/2701/1558
f 2383/2704/1561 2384/2705/1557 2385/2706/1562
f 2386/2707/1563 2387/2708/1562 2388/2709/1557
f 2352/2673/1535 2357/2678/1540 2351/2672/1534
f 2341/2662/1524 2351/2672/1534 2357/2678/1540
f 2389/2710/1564 2390/2711/1470 2391/2712/1565
f 2392/2713/1566 2391/2712/1565 2390/2711/1470
f 2391/2712/1565 2392/2713/1566 2393/2714/1567
f 2394/2715/1568 2393/2714/1567 2392/2713/1566
f 2395/2716/1569 2396/2717/1570 2397/2718/1571
f 2398/2719/1572 2397/2718/1571 2396/2717/1570
f 2399/2720/1573 2400/2721/1574 2401/2722/1575
f 2402/2723/1576 2401/2722/1575 2400/2721/1574
f 2403/2724/1577 2404/2725/1578 2405/2726/1579
f 2406/2727/1580 2405/2726/1579 2404/2725/1578
f 2405/2726/1579 2406/2727/1580 2407/2728/1581
f 2408/2729/1582 2407/2728/1581 2406/2727/1580
f 2409/2730/1583 2410/2731/1584 2411/2732/1585
f 2412/2733/1586 2411/2732/1585 2410/2731/1584
f 2413/2734/1587 2414/2735/1588 2415/2736/1589
f 2416/2737/1590 2415/2736/1589 2414/2735/1588
f 2417/2738/1580 2418/2739/1591 2419/2740/1592
f 2420/2741/1593 2419/2740/1592 2418/2739/1591
f 2421/2742/1594 2417/2738/1580 2422/2743/1567
f 2419/2740/1592 2422/2743/1567 2417/2738/1580
f 2423/2744/1586 2424/2745/1584 2425/2746/1571
f 2426/2747/1595 2425/2746/1571 2424/2745/1584
f 2427/2748/1590 2428/2749/1588 2429/2750/1575
f 2430/2751/1573 2429/2750/1575 2428/2749/1588
f 2231/2552/1462 2345/2666/1528 2229/2550/1460
f 2239/2560/1470 2229/2550/1460 2431/2752/1566
f 2345/2666/1528 2431/2752/1566 2229/2550/1460
f 2394/2715/1568 2396/2717/1570 2393/2714/1567
f 2395/2716/1569 2393/2714/1567 2396/2717/1570
f 2421/2742/1594 2422/2743/1567 2424/2745/1584
f 2426/2747/1595 2424/2745/1584 2422/2743/1567
f 2407/2728/1581 2408/2729/1582 2409/2730/1583
f 2410/2731/1584 2409/2730/1583 2408/2729/1582
f 2345/2666/1528 2347/2668/1530 2431/2752/1566
f 2432/2753/1568 2431/2752/1566 2347/2668/1530
f 2347/2668/1530 2433/2754/1570 2432/2753/1568
f 2434/2755/1572 2433/2754/1570 2349/2670/1532
f 2433/2754/1570 2347/2668/1530 2349/2670/1532
f 2342/2663/1525 2351/2672/1534 2341/2662/1524
f 2342/2663/1525 2435/2756/1574 2351/2672/1534
f 2349/2670/1532 2351/2672/1534 2435/2756/1574
f 2436/2757/1576 2435/2756/1574 2342/2663/1525
f 2436/2757/1576 2342/2663/1525 2437/2758/1596
f 2340/2661/1523 2437/2758/1596 2342/2663/1525
f 2438/2759/1597 2415/2736/1589 2416/2737/1590
f 2439/2760/1598 2427/2748/1590 2440/2761/1599
f 2429/2750/1575 2440/2761/1599 2427/2748/1590
f 2441/2762/1600 2401/2722/1575 2442/2763/1596
f 2402/2723/1576 2442/2763/1596 2401/2722/1575
f 2443/2764/1601 2321/2642/1513 2315/2636/1507
f 2316/2637/1508 2315/2636/1507 2321/2642/1513
f 2444/2765/1444 2443/2764/1601 2205/2526/1443
f 2315/2636/1507 2205/2526/1443 2443/2764/1601
f 2398/2719/1572 2400/2721/1574 2397/2718/1571
f 2399/2720/1573 2397/2718/1571 2400/2721/1574
f 2425/2746/1571 2430/2751/1573 2423/2744/1586
f 2428/2749/1588 2423/2744/1586 2430/2751/1573
f 2412/2733/1586 2414/2735/1588 2411/2732/1585
f 2413/2734/1587 2411/2732/1585 2414/2735/1588
f 2349/2670/1532 2435/2756/1574 2434/2755/1572
f 2108/2429/1381 2109/2430/1382 2445/2766/1602
f 2446/2767/1603 2445/2766/1602 2109/2430/1382
f 2447/2768/1472 2448/2769/1604 2449/2770/1605
f 2450/2771/1606 2404/2725/1578 2451/2772/1607
f 2403/2724/1577 2451/2772/1607 2404/2725/1578
f 2452/2773/1608 2447/2768/1472 2453/2774/1609
f 2454/2775/1610 2455/2776/1609 2456/2777/1611
f 2454/2775/1610 2456/2777/1611 2457/2778/1612
f 2458/2779/1613 2459/2780/1614 2460/2781/1615
f 2461/2782/1616 2460/2781/1615 2459/2780/1614
f 2462/2783/1617 2463/2784/1605 2464/2785/1618
f 2465/2786/1604 2464/2785/1618 2463/2784/1605
f 2466/2787/1619 2467/2788/1617 2468/2789/1620
f 2469/2790/1621 2468/2789/1620 2467/2788/1617
f 2470/2791/1622 2471/2792/1623 2472/2793/1624
f 2473/2794/1625 2472/2793/1624 2471/2792/1623
f 2474/2795/1606 2475/2796/1626 2476/2797/1624
f 2477/2798/1627 2476/2797/1624 2475/2796/1626
f 2447/2768/1472 2478/2799/1471 2448/2769/1604
f 2479/2800/1628 2448/2769/1604 2478/2799/1471
f 2465/2786/1604 2480/2801/1628 2464/2785/1618
f 2481/2802/1615 2464/2785/1618 2480/2801/1628
f 2469/2790/1621 2460/2781/1615 2468/2789/1620
f 2461/2782/1616 2468/2789/1620 2460/2781/1615
f 2473/2794/1625 2390/2711/1470 2472/2793/1624
f 2389/2710/1564 2472/2793/1624 2390/2711/1470
f 2476/2797/1624 2420/2741/1593 2474/2795/1606
f 2418/2739/1591 2474/2795/1606 2420/2741/1593
f 1936/2257/1245 2482/2803/1629 1937/2258/1246
f 2343/2664/1526 2483/2804/1630 2339/2660/1522
f 2484/2805/1631 2339/2660/1522 2483/2804/1630
f 2339/2660/1522 2484/2805/1631 2340/2661/1523
f 2485/2806/1632 2340/2661/1523 2484/2805/1631
f 2340/2661/1523 2485/2806/1632 2437/2758/1596
f 2486/2807/1633 2437/2758/1596 2485/2806/1632
f 2441/2762/1600 2442/2763/1596 2487/2808/1633
f 2488/2809/1634 1929/2250/1187 1922/2243/1236
f 2488/2809/1634 1922/2243/1236 2489/2810/1243
f 2313/2634/1505 2320/2641/1512 2490/2811/1556
f 2313/2634/1505 2490/2811/1556 2314/2635/1506
f 2491/2812/1635 2492/2813/1561 2493/2814/1562
f 2363/2684/1546 2491/2812/1635 2344/2665/1527
f 2492/2813/1561 2491/2812/1635 2363/2684/1546
f 2494/2815/1636 2495/2816/1225 2496/2817/1637
f 2497/2818/1226 2496/2817/1637 2495/2816/1225
f 2445/2766/1602 2498/2819/1638 2108/2429/1381
f 2254/2575/1440 2253/2574/1473 2447/2768/1639
f 2499/2820/1640 2500/2821/1602 2501/2822/1641
f 2502/2823/1642 2503/2824/1643 2504/2825/1644
f 2505/2826/1645 2504/2825/1644 2503/2824/1643
f 2506/2827/1632 2507/2828/1646 2508/2829/1647
f 2509/2830/1648 2508/2829/1647 2507/2828/1646
f 2506/2827/1632 2510/2831/1649 2511/2832/1650
f 2512/2833/1651 2511/2832/1650 2513/2834/1652
f 2510/2831/1649 2513/2834/1652 2511/2832/1650
f 2514/2835/1653 2515/2836/1654 2509/2830/1648
f 2508/2829/1647 2509/2830/1648 2515/2836/1654
f 2516/2837/1655 2517/2838/1656 2518/2839/1657
f 2519/2840/1658 2518/2839/1657 2517/2838/1656
f 2520/2841/1659 2521/2842/1660 2522/2843/1661
f 2523/2844/550 2522/2843/1661 2521/2842/1660
f 2524/2845/1662 2525/2846/1663 2526/2847/1664
f 2523/2844/550 2527/2848/554 2522/2843/1661
f 2528/2849/1665 2522/2843/1661 2527/2848/554
f 2529/2850/557 2530/2851/1666 2531/2852/554
f 2532/2853/1665 2531/2852/554 2530/2851/1666
f 2533/2854/1667 2524/2845/1662 2526/2847/1664
f 2526/2847/1664 2534/2855/1668 2533/2854/1667
f 2535/2856/561 2536/2857/1669 2529/2850/557
f 2530/2851/1666 2529/2850/557 2536/2857/1669
f 2537/2858/1670 2538/2859/1671 2535/2856/561
f 2536/2857/1669 2535/2856/561 2538/2859/1671
f 2517/2838/1656 2516/2837/1655 2539/2860/1670
f 2540/2861/1671 2539/2860/1670 2516/2837/1655
f 2541/2862/1672 2526/2847/1664 2542/2863/1673
f 2543/2864/1674 2526/2847/1664 2541/2862/1672
f 2534/2855/1668 2526/2847/1664 2543/2864/1674
f 2499/2820/1640 2504/2825/1644 2500/2821/1602
f 2505/2826/1645 2500/2821/1602 2504/2825/1644
f 2500/2821/1602 2505/2826/1645 2544/2865/1675
f 2545/2866/569 2546/2867/1676 2502/2823/1642
f 2503/2824/1643 2502/2823/1642 2546/2867/1676
f 2551/2868/1677 2552/2869/1678 2553/2870/1679
f 2554/2871/1680 2553/2870/1679 2552/2869/1678
f 2553/2870/1679 2554/2871/1680 2555/2872/574
f 2556/2873/1681 2555/2872/574 2554/2871/1680
f 2557/2874/576 2558/2875/1681 2559/2876/577
f 2560/2877/1682 2559/2876/577 2558/2875/1681
f 2560/2877/1682 2561/2878/1683 2559/2876/577
f 2562/2879/580 2559/2876/577 2561/2878/1683
f 2563/2880/581 2562/2879/580 2564/2881/1684
f 2561/2878/1683 2564/2881/1684 2562/2879/580
f 2565/2882/1685 2566/2883/1686 2567/2884/581
f 2568/2885/1687 2567/2884/581 2566/2883/1686
f 2569/2886/1688 2568/2885/1687 2570/2887/1689
f 2566/2883/1686 2570/2887/1689 2568/2885/1687
f 2549/52/12 2550/53/12 2571/2888/1690
f 2572/2889/1691 2571/2888/1690 2550/53/12
f 2573/2890/1692 2574/2891/1693 2575/2892/1694
f 2576/2893/1695 2577/2894/1696 2578/2895/1693
f 2579/2896/1697 2580/2897/1698 2545/2866/569
f 2546/2867/1676 2545/2866/569 2580/2897/1698
f 2584/2898/1246 2585/2899/1699 2586/2900/1338
f 2587/2901/1335 2588/2902/1246 2589/2903/1334
f 2546/2867/1676 2588/2902/1246 2503/2824/1643
f 2590/2904/1629 2503/2824/1643 2588/2902/1246
f 2589/2903/1334 2588/2902/1246 2580/2897/1698
f 2546/2867/1676 2580/2897/1698 2588/2902/1246
f 2591/2905/1700 2503/2824/1643 2590/2904/1629
f 2592/2906/1701 2593/2907/1702 2594/2908/1703
f 2595/2909/1661 2596/2910/1704 2597/2911/1659
f 2598/2912/1705 2599/2913/1706 2600/2914/1707
f 2596/2910/1704 2595/2909/1661 2601/2915/1708
f 2602/2916/1709 2603/2917/1710 2604/2918/1665
f 2605/2919/1711 2604/2918/1665 2603/2917/1710
f 2606/2920/1712 2604/2918/1665 2605/2919/1711
f 2604/2918/1665 2606/2920/1712 2607/2921/1713
f 2601/2915/1708 2595/2909/1661 2608/2922/1714
f 2603/2917/1710 2602/2916/1709 2609/2923/1715
f 2610/2924/1716 2611/2925/1717 2612/2926/1718
f 2609/2923/1715 2612/2926/1718 2611/2925/1717
f 2609/2923/1715 2602/2916/1709 2612/2926/1718
f 2611/2925/1717 2610/2924/1716 2613/2927/1719
f 2614/2928/1671 2615/2929/1720 2616/2930/1719
f 2617/2931/1721 2618/2932/1722 2619/2933/1614
f 2620/2934/1723 2621/2935/1702 2622/2936/1724
f 2623/2937/1724 2593/2907/1702 2592/2906/1701
f 2627/2938/1725 2628/2939/1726 2629/2940/624
f 2630/2941/625 2629/2940/624 2628/2939/1726
f 2631/2942/626 2632/2943/1725 2633/2944/1727
f 2628/2939/1726 2627/2938/1725 2634/2945/1728
f 2634/2945/1728 2627/2938/1725 2635/2946/1729
f 2636/2947/1729 2637/2948/1725 2638/2949/1651
f 2632/2943/1725 2631/2942/626 2512/2833/1651
f 2511/2832/1650 2512/2833/1651 2631/2942/626
f 2639/2950/1730 2638/2949/1651 2640/2951/1224
f 2636/2947/1729 2638/2949/1651 2639/2950/1730
f 2507/2828/1646 2506/2827/1632 2631/2942/626
f 2511/2832/1650 2631/2942/626 2506/2827/1632
f 2641/2952/1731 2642/2953/1224 2643/2954/1732
f 2644/2955/1226 2641/2952/1731 2643/2954/1732
f 2645/2956/1733 2646/2957/1226 2647/2958/1651
f 2647/2958/1651 2648/2959/1630 2645/2956/1733
f 2649/2960/1734 2645/2956/1733 2648/2959/1630
f 2650/2961/1562 2651/2962/1734 2652/2963/1652
f 2653/2964/1735 2654/2965/1635 2652/2963/1630
f 2655/2966/1562 2656/2967/1630 2657/2968/1635
f 2658/2969/1527 2657/2968/1635 2659/2970/1736
f 2446/2767/1603 2109/2430/1382 2454/2775/1610
f 2202/2523/1440 2454/2775/1610 2109/2430/1382
f 2660/2971/1737 2245/2566/1376 2246/2567/1441
f 2661/2972/1454 2246/2567/1441 2245/2566/1376
f 2241/2562/1472 2454/2775/1610 2202/2523/1440
f 2063/2384/1352 2004/2325/1299 2024/2345/1315
f 2245/2566/1376 2243/2564/1455 2661/2972/1454
f 2662/2973/1738 2108/2429/1381 2498/2819/1638
f 2447/2768/1472 2449/2770/1605 2453/2774/1609
f 2456/2777/1611 2455/2776/1609 2462/2783/1617
f 2463/2784/1605 2462/2783/1617 2455/2776/1609
f 2663/2974/1612 2664/2975/1739 2466/2787/1619
f 2467/2788/1617 2466/2787/1619 2664/2975/1739
f 2594/2908/1703 2593/2907/1702 2665/2976/1703
f 2066/2387/1354 2026/2347/1317 2031/2352/1322
f 2067/2388/1355 2089/2410/1366 2026/2347/1317
f 2450/2771/1606 2451/2772/1607 2458/2779/1613
f 2459/2780/1614 2458/2779/1613 2451/2772/1607
f 2479/2800/1628 2478/2799/1471 2470/2791/1622
f 2471/2792/1623 2470/2791/1622 2478/2799/1471
f 2480/2801/1628 2477/2798/1627 2481/2802/1615
f 2475/2796/1626 2481/2802/1615 2477/2798/1627
f 2230/2551/1461 2238/2559/1469 2240/2561/1471
f 2045/2366/1336 1981/2302/1281 1971/2292/1273
f 2666/2977/1740 2667/2978/1741 2668/2979/1742
f 2669/2980/1743 2668/2979/1742 2667/2978/1741
f 2670/2981/1744 2671/2982/1745 2672/2983/1746
f 2673/2984/1747 2672/2983/1746 2671/2982/1745
f 2674/2985/1748 2675/2986/1749 2676/2987/1750
f 2677/2988/1751 2676/2987/1750 2675/2986/1749
f 2678/2989/1752 2679/2990/1753 2680/2991/1754
f 2681/2992/1755 2680/2991/1754 2679/2990/1753
f 2682/2993/1756 2683/2994/1757 2684/2995/1758
f 2685/2996/1759 2686/2997/1758 2687/2998/1757
f 2688/2999/1760 2689/3000/1761 2690/3001/1762
f 2691/3002/1763 2690/3001/1762 2689/3000/1761
f 2692/3003/1764 2693/3004/1765 2694/3005/1766
f 2695/3006/1767 2694/3005/1766 2693/3004/1765
f 2696/3007/1768 2697/3008/1769 2698/3009/1770
f 2699/3010/1771 2698/3009/1770 2697/3008/1769
f 2700/3011/1772 2701/3012/1773 2702/3013/1774
f 2703/3014/1775 2702/3013/1774 2701/3012/1773
f 2704/3015/1776 2705/3016/1777 2706/3017/1778
f 2707/3018/1779 2708/3019/1778 2709/3020/1780
f 2710/3021/1741 2711/3022/1760 2712/3023/1743
f 2713/3024/1762 2712/3023/1743 2711/3022/1760
f 2714/3025/1764 2715/3026/1766 2716/3027/1744
f 2717/3028/1745 2716/3027/1744 2715/3026/1766
f 2718/3029/1750 2719/3030/1751 2720/3031/1768
f 2721/3032/1769 2720/3031/1768 2719/3030/1751
f 2722/3033/1774 2723/3034/1775 2724/3035/1752
f 2725/3036/1753 2724/3035/1752 2723/3034/1775
f 2726/3037/1758 2727/3038/1759 2728/3039/1776
f 2729/3040/1781 2728/3039/1776 2727/3038/1759
f 2730/3041/1782 2699/3010/1771 2731/3042/1783
f 2697/3008/1769 2731/3042/1783 2699/3010/1771
f 2732/3043/1784 2721/3032/1769 2733/3044/1785
f 2719/3030/1751 2733/3044/1785 2721/3032/1769
f 2734/3045/1786 2735/3046/1787 2675/2986/1749
f 2677/2988/1751 2675/2986/1749 2735/3046/1787
f 2730/3041/1782 2731/3042/1783 2736/3047/1788
f 2737/3048/1789 2736/3047/1788 2731/3042/1783
f 2732/3043/1784 2733/3044/1785 2738/3049/1789
f 2739/3050/1790 2738/3049/1789 2733/3044/1785
f 2735/3046/1787 2734/3045/1786 2740/3051/1790
f 2741/3052/1791 2740/3051/1790 2734/3045/1786
f 2698/3009/1770 2742/3053/1792 2696/3007/1768
f 2743/3054/1793 2696/3007/1768 2742/3053/1792
f 2720/3031/1768 2744/3055/1793 2718/3029/1750
f 2745/3056/1794 2718/3029/1750 2744/3055/1793
f 2676/2987/1750 2746/3057/1795 2674/2985/1748
f 2747/3058/1796 2674/2985/1748 2746/3057/1795
f 2748/3059/1758 2749/3060/1797 2750/3061/1798
f 2751/3062/1799 2752/3063/1798 2753/3064/1800
f 2754/3065/1800 2755/3066/1801 2756/3067/1802
f 2757/3068/1803 2756/3067/1802 2755/3066/1801
f 2708/3019/1778 2758/3069/1804 2759/3070/1805
f 2760/3071/1801 2704/3015/1776 2761/3072/1806
f 2762/3073/1782 1962/2283/1266 2763/3074/1807
f 2764/3075/1788 1971/2292/1273 2762/3073/1782
f 1962/2283/1266 2762/3073/1782 1971/2292/1273
f 2108/2429/1381 2662/2973/1738 2104/2425/1377
f 2765/3076/1778 2104/2425/1377 2662/2973/1738
f 2766/3077/1629 2689/3000/1761 2767/3078/1808
f 2688/2999/1760 2767/3078/1808 2689/3000/1761
f 2710/3021/1741 2768/3079/1809 2711/3022/1760
f 2769/3080/1810 2711/3022/1760 2768/3079/1809
f 2770/3081/1811 2771/3082/1812 2772/3083/1813
f 2773/3084/1741 2772/3083/1813 2771/3082/1812
f 1936/2257/1245 2045/2366/1336 2774/3085/1814
f 2775/3086/1763 2774/3085/1814 2045/2366/1336
f 2776/3087/1767 2045/2366/1336 2777/3088/1815
f 1971/2292/1273 2777/3088/1815 2045/2366/1336
f 1962/2283/1266 1964/2285/1268 2763/3074/1807
f 2778/3089/1816 2763/3074/1807 1964/2285/1268
f 2779/3090/1792 1964/2285/1268 2780/3091/1772
f 2781/3092/1779 2105/2426/1378 2765/3076/1778
f 2104/2425/1377 2765/3076/1778 2105/2426/1378
f 1964/2285/1268 2040/2361/1331 2111/2432/1384
f 1964/2285/1268 2111/2432/1384 2780/3091/1772
f 2782/3093/1817 2111/2432/1384 2105/2426/1378
f 1936/2257/1245 2774/3085/1814 2482/2803/1629
f 2783/3094/1680 2784/3095/1678 2785/3096/1818
f 2786/3097/1819 2783/3094/1680 2785/3096/1818
f 2787/3098/1820 2788/3099/1681 2789/3100/1821
f 2790/3101/1822 2791/3102/1823 2792/3103/1682
f 2793/3104/1824 2792/3103/1682 2791/3102/1823
f 2794/3105/1825 2793/3104/1824 2791/3102/1823
f 2795/3106/1826 2796/3107/1684 2797/3108/1827
f 2798/3109/1828 2799/3110/1829 2800/3111/1686
f 2801/3112/1830 2802/3113/1686 2803/3114/1831
f 2804/3115/1681 2805/3116/1680 2806/3117/1832
f 2807/3118/1833 2788/3099/1681 2808/3119/1832
f 2809/3120/1686 2810/3121/1685 2811/3122/1834
f 2812/3123/1835 2809/3120/1686 2811/3122/1834
f 2813/3124/1685 2814/3125/1683 2815/3126/1825
f 2816/3127/1836 2796/3107/1684 2817/3128/1837
f 2818/3129/1838 2819/3130/1839 2820/3131/1840
f 2821/3132/1841 2820/3131/1840 2819/3130/1839
f 2822/3133/1808 2823/3134/1842 2590/2904/1629
f 2591/2905/1700 2590/2904/1629 2823/3134/1842
f 2751/3062/1799 2753/3064/1800 2824/3135/1843
f 2825/3136/1844 2824/3135/1843 2753/3064/1800
f 2754/3065/1800 2726/3037/1758 2755/3066/1801
f 2728/3039/1776 2755/3066/1801 2726/3037/1758
f 2760/3071/1801 2761/3072/1806 2826/3137/1803
f 2827/3138/1638 2826/3137/1803 2761/3072/1806
f 2828/3139/1845 2801/3112/1830 2803/3114/1831
f 2829/3140/1846 2830/3141/1745 2831/3142/1847
f 2832/3143/1848 2833/3144/1849 2671/2982/1745
f 2694/3005/1766 2695/3006/1767 2834/3145/1850
f 2835/3146/1851 2834/3145/1850 2695/3006/1767
f 2717/3028/1745 2715/3026/1766 2836/3147/1848
f 2837/3148/1850 2836/3147/1848 2715/3026/1766
f 2668/2979/1742 2669/2980/1743 2672/2983/1746
f 2670/2981/1744 2672/2983/1746 2669/2980/1743
f 2838/3149/1762 2839/3150/1763 2840/3151/1852
f 2841/3152/1765 2840/3151/1852 2839/3150/1763
f 2712/3023/1743 2713/3024/1762 2716/3027/1744
f 2714/3025/1764 2716/3027/1744 2713/3024/1762
f 2842/3153/1765 2775/3086/1763 2045/2366/1336
f 2842/3153/1765 2045/2366/1336 2776/3087/1767
f 2736/3047/1788 2737/3048/1789 2835/3146/1851
f 2834/3145/1850 2835/3146/1851 2737/3048/1789
f 2739/3050/1790 2836/3147/1848 2738/3049/1789
f 2837/3148/1850 2738/3049/1789 2836/3147/1848
f 2741/3052/1791 2843/3154/1847 2740/3051/1790
f 2844/3155/1853 2740/3051/1790 2843/3154/1847
f 2777/3088/1815 1971/2292/1273 2764/3075/1788
f 2742/3053/1792 2700/3011/1772 2743/3054/1793
f 2702/3013/1774 2743/3054/1793 2700/3011/1772
f 2744/3055/1793 2722/3033/1774 2745/3056/1794
f 2724/3035/1752 2745/3056/1794 2722/3033/1774
f 2747/3058/1796 2746/3057/1795 2845/3156/1754
f 2846/3157/1752 2845/3156/1754 2746/3057/1795
f 2679/2990/1753 2847/3158/1759 2681/2992/1755
f 2683/2994/1757 2681/2992/1755 2847/3158/1759
f 2848/3159/1773 2707/3018/1779 2849/3160/1775
f 2709/3020/1780 2849/3160/1775 2707/3018/1779
f 2723/3034/1775 2729/3040/1781 2725/3036/1753
f 2727/3038/1759 2725/3036/1753 2729/3040/1781
f 2781/3092/1779 2782/3093/1817 2105/2426/1378
f 2780/3091/1772 2111/2432/1384 2782/3093/1817
f 2778/3089/1816 1964/2285/1268 2779/3090/1792
f 2792/3103/1682 2788/3099/1681 2787/3098/1820
f 2790/3101/1822 2792/3103/1682 2787/3098/1820
f 2789/3100/1821 2788/3099/1681 2807/3118/1833
f 2806/3117/1832 2805/3116/1680 2850/3161/1819
f 2811/3122/1834 2810/3121/1685 2851/3162/1826
f 2797/3108/1827 2796/3107/1684 2816/3127/1836
f 2506/2827/1632 2508/2829/1647 2852/3163/1854
f 2515/2836/1654 2514/2835/1653 2501/2822/1641
f 2499/2820/1640 2501/2822/1641 2514/2835/1653
f 2515/2836/1654 2501/2822/1641 2853/3164/1608
f 2515/2836/1654 2853/3164/1608 2854/3165/1612
f 2855/3166/1855 2856/3167/1856 2857/3168/1857
f 2858/3169/1858 2859/3170/1857 2860/3171/1859
f 2861/3172/1860 2862/3173/1861 2863/3174/1862
f 2864/3175/1858 2860/3171/1859 2865/3176/1863
f 2866/3177/1864 2867/3178/1865 2868/3179/1866
f 2869/3180/1863 2870/3181/1859 2871/3182/1867
f 2872/3183/1868 2873/3184/1869 2874/3185/1870
f 2875/3186/1871 2876/3187/1872 2877/3188/1873
f 2878/3189/1874 2879/3190/1875 2880/3191/1876
f 2881/3192/1875 2882/3193/1859 2883/3194/1876
f 2884/3195/1877 2885/3196/1878 2886/3197/1876
f 2887/3198/1879 2888/3199/1880 2889/3200/1881
f 2890/3201/1882 2891/3202/1883 2892/3203/1884
f 2893/3204/1883 2894/3205/1876 2895/3206/1884
f 2896/3207/1876 2897/3208/1878 2898/3209/1884
f 2899/3210/1861 2900/3211/1885 2901/3212/1884
f 2902/3213/1886 2903/3214/1887 2904/3215/1884
f 2905/3216/1888 2906/3217/1889 2907/3218/1890
f 2908/3219/1891 2909/3220/1892 2910/3221/1889
f 2911/3222/1890 2912/3223/1891 2913/3224/1893
f 2914/3225/1894 2915/3226/1893 2916/3227/1891
f 2917/3228/1893 2918/3229/1894 2919/3230/1895
f 2920/3231/1896 2921/3232/1895 2922/3233/1894
f 2923/3234/1895 2924/3235/1897 2925/3236/1898
f 2926/3237/1899 2927/3238/1898 2928/3239/1896
f 2929/3240/1900 2930/3241/1899 2931/3242/1901
f 2932/3243/1902 2933/3244/1901 2934/3245/1899
f 2935/3246/1901 2936/3247/1902 2937/3248/1903
f 2938/3249/1904 2939/3250/1903 2940/3251/1902
f 2941/3252/1905 2942/3253/1906 2943/3254/1907
f 2944/3255/1908 2945/3256/1909 2946/3257/1906
f 2947/3258/1909 2948/3259/1908 2949/3260/1910
f 2950/3261/1911 2951/3262/1912 2952/3263/1908
f 2953/3264/1912 2954/3265/1911 2955/3266/1913
f 2956/3267/1914 2957/3268/1915 2958/3269/1911
f 2959/3270/1913 2960/3271/1916 2961/3272/1917
f 2962/3273/1918 2963/3274/1917 2964/3275/1919
f 2965/3276/1917 2966/3277/1918 2967/3278/1920
f 2968/3279/1921 2969/3280/1920 2970/3281/1918
f 2971/3282/1920 2972/3283/1921 2973/3284/1922
f 2974/3285/1923 2975/3286/1923 2976/3287/1921
f 2977/3288/1923 2978/3289/1923 2979/3290/1924
f 2980/3291/1925 2981/3292/1924 2982/3293/1923
f 2983/3294/1924 2984/3295/1925 2985/3296/1926
f 2986/3297/1927 2987/3298/1926 2988/3299/1925
f 2989/3300/1926 2990/3301/1927 2991/3302/1928
f 2992/3303/1929 2993/3304/1928 2994/3305/1927
f 2995/3306/1928 2996/3307/1929 2997/3308/1930
f 2998/3309/1931 2999/3310/1930 3000/3311/1929
f 3001/3312/1930 3002/3313/1931 3003/3314/1932
f 3004/3315/1933 3005/3316/1932 3006/3317/1931
f 3007/3318/1932 3008/3319/1933 3009/3320/1934
f 3010/3321/1935 3011/3322/1934 3012/3323/1933
f 3013/3324/1934 3014/3325/1936 3015/3326/1888
f 3016/3327/1889 3017/3328/1888 3018/3329/1935
f 3019/3330/837 3020/3331/1937 3021/3332/838
f 3022/3333/1938 3023/3334/1939 3024/3335/1940
f 3025/3336/1941 3026/3337/1942 3027/3338/1943
f 3028/3339/1944 3029/3340/1945 3030/3341/1946
f 3031/3342/1947 3032/3343/1943 3033/3344/850
f 3034/3345/1946 3035/3346/1945 3036/3347/837
f 3037/3348/837 3038/3349/1948 3039/3350/1949
f 3040/3351/1938 3041/3352/1950 3042/3353/1939
f 3043/3354/1951 3042/3353/1939 3041/3352/1950
f 3044/3355/1939 3045/3356/1952 3046/3357/1953
f 3047/3358/1954 3048/3359/1953 3049/3360/1955
f 3050/3361/1956 3051/3362/1957 3052/3363/860
f 3053/3364/862 3054/3365/861 3055/3366/1958
f 3056/3367/850 3057/3368/864 3058/3369/1947
f 3059/3370/1959 3060/3371/1947 3061/3372/864
f 3062/3373/1947 3063/3374/1960 3064/3375/1961
f 3065/3376/1962 3066/3377/1961 3067/3378/1960
f 3068/3379/1961 3069/3380/1962 3070/3381/1963
f 3071/3382/1964 3072/3383/1963 3073/3384/1962
f 3074/3385/1941 3075/3386/1964 3076/3387/1965
f 3077/3388/1966 3078/3389/1965 3079/3390/1964
f 3080/3391/1967 3081/3392/1966 3082/3393/1968
f 3083/3394/1940 3084/3395/1969 3085/3396/1938
f 3086/3397/1970 3087/3398/1971 3088/3399/1969
f 3089/3400/1972 3090/3401/1973 3091/3402/1974
f 3092/3403/1975 3093/3404/1974 3094/3405/1976
f 3095/3406/1974 3096/3407/1975 3097/3408/1977
f 3098/3409/1978 3099/3410/1977 3100/3411/1975
f 3101/3412/1979 3102/3413/1980 3103/3414/1977
f 3104/3415/1981 3105/3416/1977 3106/3417/1980
f 3107/3418/1980 3108/3419/1982 3109/3420/1981
f 3110/3421/889 3111/3422/1981 3112/3423/1982
f 3113/3424/1983 3114/3425/1982 3115/3426/1984
f 3116/3427/1985 3117/3428/1984 3118/3429/1982
f 3119/3430/1986 3120/3431/1987 3121/3432/1985
f 3122/3433/1988 3123/3434/1989 3124/3435/1990
f 3125/3436/1991 3126/3437/1992 3127/3438/1993
f 3128/3439/1994 3129/3440/1993 3130/3441/1992
f 3131/3442/1995 3132/3443/1991 3133/3444/1996
f 3134/3445/1993 3135/3446/1996 3136/3447/1991
f 3137/3448/1997 3138/3449/1998 3139/3450/1999
f 3140/3451/2000 3141/3452/2001 3142/3453/2002
f 3143/3454/2003 3144/3455/2004 3145/3456/2005
f 3146/3457/2006 3147/3458/2007 3148/3459/2008
f 3149/3460/2009 3150/3461/2010 3151/3462/2011
f 3152/3463/2011 3153/3464/2012 3154/3465/2006
f 3155/3466/2012 3156/3467/2011 3157/3468/2013
f 3158/3469/2014 3157/3468/2013 3156/3467/2011
f 3159/3470/2015 3160/3471/2014 3161/3472/2016
f 3162/3473/2017 3163/3474/2016 3164/3475/2014
f 3165/3476/2018 3166/3477/2019 3167/3478/2020
f 3168/3479/2021 3169/3480/2020 3170/3481/2019
f 3171/3482/2022 3172/3483/2023 3173/3484/2024
f 3174/3485/2025 3175/3486/2026 3176/3487/2023
f 3177/3488/2024 3178/3489/2027 3179/3490/2028
f 3180/3491/2029 3181/3492/2030 3182/3493/2025
f 3183/3494/2030 3184/3495/2029 3185/3496/2031
f 3186/3497/2032 3187/3498/2031 3188/3499/2029
f 3189/3500/2031 3190/3501/2032 3191/3502/2033
f 3192/3503/2034 3193/3504/2033 3194/3505/2032
f 3195/3506/2035 3196/3507/2036 3197/3508/2037
f 3198/3509/2038 3199/3510/2037 3200/3511/2039
f 3201/3512/2040 3202/3513/2041 3203/3514/2042
f 3204/3515/2043 3205/3516/2044 3206/3517/2045
f 3207/3518/2046 3208/3519/2047 3209/3520/2048
f 3210/3521/2049 3211/3522/2050 3212/3523/2051
f 3213/3524/2050 3214/3525/2049 3215/3526/2052
f 3216/3527/2053 3217/3528/2054 3218/3529/2048
f 3219/3530/2054 3220/3531/2055 3221/3532/2056
f 3222/3533/2057 3223/3534/2058 3224/3535/2059
f 3225/3536/2058 3226/3537/2060 3227/3538/2061
f 3228/3539/2062 3229/3540/2061 3230/3541/2063
f 3231/3542/2064 3232/3543/2065 3233/3544/2066
f 3234/3545/2067 3235/3546/2068 3236/3547/2069
f 3237/3548/2070 3238/3549/2071 3239/3550/2072
f 3240/3551/1998 3241/3552/1997 3242/3553/2067
f 3243/3554/2073 3244/3555/2074 3245/3556/2075
f 3246/3557/2076 3247/3558/2075 3248/3559/2074
f 3249/3560/2075 3250/3561/2077 3251/3562/2078
f 3252/3563/2079 3253/3564/2080 3254/3565/2077
f 3255/3566/2078 3256/3567/2079 3257/3568/2081
f 3258/3569/2082 3259/3570/2081 3256/3567/2083
f 3260/3571/2081 3261/3572/2082 3262/3573/2084
f 3263/3574/2085 3262/3573/2084 3261/3572/2082
f 3264/3575/2086 3265/3576/2087 3266/3577/2088
f 3267/3578/2089 3268/3579/2090 3269/3580/2087
f 3270/3581/2090 3271/3582/2089 3272/3583/2091
f 3273/3584/2092 3274/3585/2091 3275/3586/2089
f 3276/3587/2091 3277/3588/2093 3278/3589/2094
f 3279/3590/2095 3280/3591/2094 3281/3592/2093
f 3282/3593/2094 3283/3594/2095 3284/3595/2096
f 3285/3596/2097 3286/3597/2096 3287/3598/2095
f 3288/3599/2096 3289/3600/2097 3290/3601/2098
f 3291/3602/2099 3292/3603/2098 3293/3604/2100
f 3294/3605/2098 3295/3606/2101 3296/3607/2102
f 3297/3608/2103 3298/3609/2102 3299/3610/2101
f 3300/3611/2104 3301/3612/2105 3302/3613/2106
f 3303/3614/2107 3304/3615/2106 3305/3616/2103
f 3306/3617/2108 3307/3618/2109 3308/3619/2110
f 3309/3620/2111 3308/3619/2110 3307/3618/2109
f 3310/3621/2112 3311/3622/2113 3312/3623/2114
f 3313/3624/2115 3314/3625/2114 3315/3626/2113
f 3316/3627/2114 3317/3628/2116 3318/3629/2117
f 3319/3630/2118 3318/3629/2117 3317/3628/2116
f 3320/3631/2117 3321/3632/2119 3322/3633/2120
f 3323/3634/2121 3324/3635/2120 3325/3636/2118
f 3326/3637/2120 3327/3638/2121 3328/3639/2122
f 3329/3640/2123 3330/3641/2122 3331/3642/2121
f 3332/3643/2122 3333/3644/2124 3334/3645/2125
f 3335/3646/2126 3336/3647/2127 3337/3648/2128
f 3338/3649/2129 3339/3650/2126 3340/3651/2073
f 3341/3652/2074 3342/3653/2073 3343/3654/2126
f 3344/3655/2130 3345/3656/1023 3346/3657/2130
f 3347/3658/1023 3348/3659/1025 3349/3660/1023
f 3350/3661/2131 3351/3662/2132 3352/3663/2133
f 3353/3664/2134 3354/3665/2133 3355/3666/2135
f 3356/3667/2136 3357/3668/2137 3358/3669/2131
f 3359/3670/2132 3360/3671/2131 3361/3672/2137
f 3362/3673/2138 3363/3674/2139 3364/3675/2136
f 3365/3676/2137 3366/3677/2136 3367/3678/2139
f 3368/3679/2140 3369/3680/2141 3370/3681/2142
f 3371/3682/1409 3372/3683/2143 3373/3684/2141
f 3374/3685/2144 3375/3686/1490 3376/3687/2145
f 3377/3688/1489 3378/3689/2145 3379/3690/2146
f 3380/3691/2133 3381/3692/2134 3382/3693/2147
f 3386/3694/1410 3387/3695/2148 3388/3696/2149
f 3389/3697/2150 3390/3698/2149 3391/3699/2148
f 3392/3700/2151 3393/3701/1410 3394/3702/1478
f 3395/3703/2149 3396/3704/1478 3397/3705/1410
f 3398/3706/1485 3399/3707/1413 3400/3708/1478
f 3401/3709/1412 3402/3710/1478 3403/3711/1413
f 3404/3712/2152 3405/3713/1414 3406/3714/1485
f 3407/3715/1413 3408/3716/1485 3409/3717/1414
f 3410/3718/2153 3411/3719/1414 3412/3720/2154
f 3413/3721/2155 3414/3722/1491 3415/3723/1414
f 3416/3724/1409 3417/3725/1416 3418/3726/2146
f 3419/3727/1491 3420/3728/2146 3421/3729/2153
f 3422/3730/1481 3423/3731/2156 3424/3732/2157
f 3425/3733/1405 3426/3734/1482 3427/3735/1411
f 3428/3736/1495 3429/3737/2158 3430/3738/2159
f 3431/3739/2160 3432/3740/2159 3433/3741/1496
f 3434/3742/2161 3435/3743/1058 3436/3744/2162
f 3437/3745/2163 3438/3746/2163 3439/3747/2164
f 3440/3748/2165 3441/3749/1495 3442/3750/2166
f 3443/3751/2159 3444/3752/2166 3445/3753/1495
f 3446/3754/1493 3447/3755/2165 3448/3756/2167
f 3449/3757/2168 3450/3758/2167 3451/3759/2165
f 3452/3760/2169 3453/3761/1492 3454/3762/2167
f 3455/3763/2170 3456/3764/2171 3457/3765/1492
f 3458/3766/1492 3459/3767/2172 3460/3768/1487
f 3461/3769/2173 3462/3770/1487 3463/3771/2169
f 3464/3772/2174 3465/3773/1486 3466/3774/2175
f 3467/3775/1487 3468/3776/2175 3469/3777/1486
f 3470/3778/1075 3471/3779/1074 3472/3780/1076
f 3473/3781/2176 3474/3782/1076 3475/3783/1074
f 3476/3784/2145 3477/3785/2177 3478/3786/1079
f 3479/3787/1080 3478/3786/1079 3477/3785/2177
f 3480/3788/2174 3481/3789/1081 3482/3790/2177
f 3479/3787/1080 3482/3790/2177 3481/3789/1081
f 3483/3791/2142 3484/3792/2178 3485/3793/1083
f 3486/3794/1084 3485/3793/1083 3484/3792/2178
f 3487/3795/1023 3488/3796/1075 3489/3797/1023
f 3490/3798/1076 3491/3799/1085 3492/3800/1075
f 3493/3801/1074 3494/3802/1086 3495/3803/1077
f 3496/3804/1086 3497/3805/1077 3498/3806/1086
f 3499/3807/2179 3500/3808/2180 3501/3809/2181
f 3502/3810/2182 3503/3811/2183 3504/3812/2184
f 3505/3813/2184 3506/3814/2183 3507/3815/1093
f 3508/3816/2183 3509/3817/2185 3510/3818/1093
f 3511/3819/2185 3512/3820/2186 3513/3821/1093
f 3514/3822/2187 3515/3823/1096 3516/3824/2188
f 3517/3825/1114 3518/3826/2189 3519/3827/1096
f 3520/3828/2175 3521/3829/2190 3522/3830/1102
f 3523/3831/1103 3524/3832/1102 3525/3833/2191
f 3526/3834/2192 3527/3835/2188 3528/3836/2193
f 3529/3837/2194 3530/3838/2195 3531/3839/2196
f 3532/3840/2195 3533/3841/2189 3534/3842/2196
f 3535/3843/2196 3536/3844/2197 3537/3845/1113
f 3538/3846/2197 3539/3847/2198 3540/3848/1115
f 3541/3849/2199 3542/3850/2200 3543/3851/2138
f 3544/3852/2139 3545/3853/2138 3546/3854/2200
f 3547/3855/2201 3548/3856/2202 3549/3857/2203
f 3550/3858/2200 3551/3859/2204 3552/3860/2202
f 3553/3861/2140 3554/3862/2205 3555/3863/2206
f 3556/3864/1083 3557/3865/1124 3558/3866/2142
f 3559/3867/2140 3558/3866/2142 3557/3865/1124
f 3560/3868/1079 3486/3794/1084 3476/3784/2145
f 3561/3869/2207 3476/3784/2145 3486/3794/1084
f 3562/3870/1126 3563/3871/2174 3564/3872/1102
f 3520/3828/2175 3564/3872/1102 3563/3871/2174
f 3565/3873/1488 3566/3874/2177 3567/3875/1489
f 3378/3689/2145 3377/3688/1489 3568/3876/2177
f 3465/3773/1486 3464/3772/2174 3569/3877/1488
f 3566/3874/2177 3565/3873/1488 3570/3878/2174
f 3371/3682/1409 3571/3879/2146 3372/3683/2143
f 3374/3685/2144 3572/3880/2142 3375/3686/1490
f 3573/3881/1128 3574/3882/2208 3575/3883/1124
f 3559/3867/2140 3576/3884/1124 3577/3885/2208
f 3578/3886/2173 3579/3887/2191 3580/3888/2175
f 3467/3775/1487 3581/3889/2173 3468/3776/2175
f 3582/3890/2209 3583/3891/2210 3584/3892/2211
f 3585/3893/2212 3586/3894/2213 3587/3895/2214
f 3588/3896/2215 3589/3897/2141 3590/3898/2214
f 3369/3680/2141 3368/3679/2140 3591/3899/2216
f 3592/3900/2216 3593/3901/2140 3594/3902/2206
f 3595/3903/2217 3596/3904/2218 3597/3905/2219
f 3598/3906/2220 3597/3905/2219 3596/3904/2218
f 3599/3907/2221 3600/3908/2217 3601/3909/2222
f 3602/3910/2223 3601/3909/2222 3600/3908/2217
f 3603/3911/1142 3604/3912/2221 3605/3913/1142
f 3606/3914/2224 3607/3915/1142 3608/3916/2221
f 3613/3917/2225 3614/3918/2226 3615/3919/2227
f 3616/3920/2226 3615/3919/2227 3614/3918/2226
f 3617/3921/1405 3618/3922/1406 3619/3923/2228
f 3620/3924/2229 3619/3923/2228 3618/3922/1406
f 3621/3925/2157 3622/3926/1405 3623/3927/2230
f 3624/3928/2228 3623/3927/2230 3622/3926/1405
f 3625/3929/1483 3626/3930/2231 3627/3931/2232
f 3628/3932/2233 3629/3933/2232 3630/3934/2157
f 3631/3935/1496 3632/3936/2234 3633/3937/2235
f 3634/3938/2232 3635/3939/2235 3636/3940/2234
f 3637/3941/2160 3638/3942/1496 3639/3943/2236
f 3640/3944/2235 3639/3943/2236 3638/3942/1496
f 3641/3945/2237 3642/3946/2238 3643/3947/2239
f 3644/3948/2240 3645/3949/2239 3646/3950/2241
f 3647/3951/2218 3648/3952/2237 3649/3953/2242
f 3650/3954/2239 3649/3953/2242 3648/3952/2237
f 3659/3955/2243 3660/3956/2244 3661/3957/2245
f 3662/3958/2246 3661/3957/2245 3660/3956/2244
f 3667/3959/2247 3668/3960/2248 3669/3961/2249
f 3670/3962/2250 3669/3961/2249 3668/3960/2248
f 3691/3963/2251 3692/3964/2252 3693/3965/2253
f 3694/3966/2253 3695/3967/2254 3696/3968/2255
f 3697/3969/2256 3691/3963/2251 3695/3967/2254
f 3698/3970/2254 3699/3971/2257 3700/3972/2256
f 3701/3973/2258 3697/3969/2256 3699/3971/2259
f 3699/3971/2259 3702/3974/2260 3701/3973/2258
f 3703/3975/2261 3704/3976/2262 3692/3964/2263
f 3705/3977/2263 3706/3978/2251 3707/3979/2261
f 3708/3980/2264 3703/3975/2261 3691/3963/2251
f 3691/3963/2251 3697/3969/2256 3708/3980/2264
f 3709/3981/2265 3708/3980/2264 3697/3969/2256
f 3697/3969/2256 3701/3973/2258 3709/3981/2265
f 3710/3982/2266 3711/3983/2267 3712/3984/32
f 3712/3984/32 3704/3976/2262 3710/3982/2266
f 3713/3985/2268 3714/3986/17 3711/3983/2267
f 3711/3983/2267 3710/3982/2266 3713/3985/2268
f 3715/3987/2269 3716/3988/2270 3717/3989/22
f 3717/3989/22 3718/3990/2271 3715/3987/2269
f 3719/3991/2272 3715/3987/2269 3718/3990/2271
f 3718/3990/2271 3720/3992/2273 3719/3991/2272
f 3721/3993/2274 3719/3991/2272 3720/3992/2273
f 3720/3992/2273 3722/3994/2275 3721/3993/2274
f 3723/3995/2276 3721/3993/2274 3722/3994/2275
f 3722/3994/2275 3724/3996/2277 3723/3995/2276
f 3725/3997/2278 3726/3998/24 3716/3988/2270
f 3716/3988/2270 3715/3987/2269 3725/3997/2278
f 3727/3999/2279 3728/4000/2280 3729/4001/2281
f 3715/3987/2269 3719/3991/2272 3727/3999/2282
f 3730/4002/2283 3727/3999/2282 3719/3991/2272
f 3719/3991/2272 3721/3993/2274 3730/4002/2283
f 3731/4003/2284 3730/4002/2283 3721/3993/2274
f 3721/3993/2274 3723/3995/2276 3731/4003/2284
f 3732/4004/2285 3733/4005/2286 3726/3998/24
f 3726/3998/24 3725/3997/2278 3732/4004/2285
f 3734/4006/2287 3732/4004/2285 3725/3997/2278
f 3725/3997/2278 3727/3999/2282 3734/4006/2287
f 3735/4007/2288 3734/4006/2287 3727/3999/2282
f 3727/3999/2282 3730/4002/2283 3735/4007/2288
f 3736/4008/2289 3735/4007/2288 3730/4002/2283
f 3730/4002/2283 3731/4003/2284 3736/4008/2289
f 3737/4009/2290 3738/4010/33 3733/4005/2286
f 3733/4005/2286 3732/4004/2285 3737/4009/2290
f 3739/4011/2291 3737/4009/2290 3732/4004/2285
f 3732/4004/2285 3734/4006/2287 3739/4011/2291
f 3740/4012/2292 3739/4011/2291 3734/4006/2287
f 3734/4006/2287 3735/4007/2288 3740/4012/2292
f 3741/4013/2293 3740/4012/2292 3735/4007/2288
f 3735/4007/2288 3736/4008/2289 3741/4013/2293
f 3742/4014/2294 3743/4015/2295 3737/4009/2290
f 3737/4009/2290 3739/4011/2291 3742/4014/2294
f 3744/4016/2296 3742/4014/2294 3739/4011/2291
f 3739/4011/2291 3740/4012/2292 3744/4016/2296
f 3745/4017/2297 3744/4016/2296 3740/4012/2292
f 3740/4012/2292 3741/4013/2293 3745/4017/2297
f 3746/4018/2298 3747/4019/2299 3748/4020/2263
f 3749/4021/2263 3750/4022/29 3751/4023/28
f 3752/4024/2300 3753/4025/2301 3754/4026/2302
f 3754/4026/2302 3755/4027/2303 3752/4024/2300
f 3756/4028/2304 3757/4029/2305 3758/4030/37
f 3759/4031/2306 3760/4032/2307 3758/4030/37
f 3758/4030/37 3757/4029/2305 3759/4031/2306
f 3761/4033/2308 3762/4034/42 3763/4035/2307
f 3763/4035/2307 3764/4036/2309 3761/4033/2308
f 3762/4034/42 3761/4033/2308 3765/4037/2310
f 3766/4038/2311 3767/4039/47 3762/4034/42
f 3762/4034/42 3765/4037/2310 3766/4038/2311
f 3768/4040/2312 3769/4041/63 3770/4042/60
f 3770/4042/60 3771/4043/2313 3768/4040/2312
f 3772/4044/64 3769/4041/63 3768/4040/2312
f 3773/4045/2314 3774/4046/2315 3775/4047/2316
f 3775/4047/2316 3776/4048/2317 3773/4045/2314
f 3704/3976/2262 3712/3984/32 3777/4049/29
f 3777/4049/29 3692/3964/2263 3704/3976/2262
f 3778/4050/2318 3779/4051/2319 3780/4052/2320
f 3780/4052/2320 3781/4053/2321 3778/4050/2318
f 3781/4053/2321 3780/4052/2320 3782/4054/2322
f 3782/4054/2322 3783/4055/2323 3781/4053/2321
f 3783/4055/2323 3782/4054/2322 3784/4056/2324
f 3784/4056/2324 3785/4057/2325 3783/4055/2323
f 3786/4058/2326 3787/4059/2327 3788/4060/2328
f 3788/4060/2328 3789/4061/2329 3786/4058/2326
f 3790/4062/2330 3788/4060/2328 3787/4059/2327
f 3781/4053/2321 3761/4033/2308 3764/4036/2309
f 3783/4055/2323 3765/4037/2310 3761/4033/2308
f 3761/4033/2308 3781/4053/2321 3783/4055/2323
f 3785/4057/2325 3766/4038/2311 3765/4037/2310
f 3765/4037/2310 3783/4055/2323 3785/4057/2325
f 3789/4061/2329 3768/4040/2312 3771/4043/2313
f 3771/4043/2313 3786/4058/2326 3789/4061/2329
f 3791/4063/2331 3792/4064/2332 3793/4065/2333
f 3791/4063/2331 3793/4065/2333 3794/4066/2334
f 3795/4067/2335 3796/4068/2336 3745/4017/2297
f 3745/4017/2297 3741/4013/2293 3795/4067/2335
f 3736/4008/2289 3797/4069/2337 3795/4067/2335
f 3795/4067/2335 3741/4013/2293 3736/4008/2289
f 3798/4070/2338 3797/4069/2337 3736/4008/2289
f 3736/4008/2289 3731/4003/2284 3798/4070/2338
f 3799/4071/2339 3800/4072/2340 3723/3995/2276
f 3723/3995/2276 3724/3996/2277 3799/4071/2339
f 3801/4073/2341 3802/4074/2342 3701/3973/2258
f 3701/3973/2258 3702/3974/2260 3801/4073/2341
f 3803/4075/2343 3724/3996/2277 3722/3994/2275
f 3722/3994/2275 3804/4076/2344 3803/4075/2343
f 3805/4077/2345 3806/4078/2343 3807/4079/2344
f 3804/4076/2344 3808/4080/2346 3805/4077/2345
f 3809/4081/2347 3810/4082/2348 3808/4080/2346
f 3808/4080/2346 3804/4076/2344 3809/4081/2347
f 3720/3992/2273 3809/4081/2347 3804/4076/2344
f 3804/4076/2344 3722/3994/2275 3720/3992/2273
f 3811/4083/2349 3812/4084/2350 3718/3990/2271
f 3718/3990/2271 3717/3989/22 3811/4083/2349
f 3809/4081/2347 3720/3992/2273 3718/3990/2271
f 3718/3990/2271 3812/4084/2350 3809/4081/2347
f 3810/4082/2348 3809/4081/2347 3812/4084/2350
f 3812/4084/2350 3713/3985/2268 3810/4082/2348
f 3811/4083/2349 3714/3986/17 3713/3985/2268
f 3713/3985/2268 3812/4084/2350 3811/4083/2349
f 3813/4085/50 3737/4009/2290 3743/4015/2295
f 3737/4009/2290 3813/4085/50 3738/4010/33
f 3814/4086/2351 3803/4075/2343 3805/4077/2345
f 3805/4077/2345 3815/4087/2352 3814/4086/2351
f 3814/4086/2351 3799/4071/2339 3724/3996/2277
f 3724/3996/2277 3803/4075/2343 3814/4086/2351
f 3798/4070/2338 3731/4003/2284 3723/3995/2276
f 3723/3995/2276 3800/4072/2340 3798/4070/2338
f 3816/4088/2353 3815/4087/2352 3805/4077/2345
f 3805/4077/2345 3817/4089/2354 3816/4088/2353
f 3818/4090/2355 3709/3981/2265 3701/3973/2258
f 3701/3973/2258 3802/4074/2342 3818/4090/2355
f 3817/4089/2354 3805/4077/2345 3808/4080/2346
f 3808/4080/2346 3819/4091/2356 3817/4089/2354
f 3819/4091/2356 3808/4080/2346 3810/4082/2348
f 3810/4082/2348 3820/4092/2357 3819/4091/2356
f 3810/4082/2348 3713/3985/2268 3710/3982/2266
f 3710/3982/2266 3820/4092/2357 3810/4082/2348
f 3710/3982/2266 3704/3976/2262 3703/3975/2261
f 3703/3975/2261 3820/4092/2357 3710/3982/2266
f 3693/3965/2299 3821/4093/2358 3695/3967/2254
f 3821/4093/2358 3822/4094/2359 3823/4095/2259
f 3699/3971/2257 3695/3967/2254 3821/4093/2358
f 3822/4094/2359 3824/4096/2360 3702/3974/2260
f 3702/3974/2260 3699/3971/2259 3822/4094/2359
f 3702/3974/2260 3824/4096/2360 3825/4097/2361
f 3825/4097/2361 3801/4073/2341 3702/3974/2260
f 3826/4098/2358 3747/4019/2299 3827/4099/2362
f 3827/4099/2362 3747/4019/2299 3746/4018/2298
f 3828/4100/2363 3773/4045/2314 3776/4048/2317
f 3776/4048/2317 3829/4101/2364 3828/4100/2363
f 3830/4102/2365 3828/4100/2363 3829/4101/2364
f 3829/4101/2364 3831/4103/2366 3830/4102/2365
f 3776/4048/2317 3790/4062/2330 3832/4104/2367
f 3832/4104/2367 3829/4101/2364 3776/4048/2317
f 3829/4101/2364 3832/4104/2367 3833/4105/2368
f 3833/4105/2368 3831/4103/2366 3829/4101/2364
f 3832/4104/2367 3834/4106/2369 3835/4107/2370
f 3835/4107/2370 3833/4105/2368 3832/4104/2367
f 3836/4108/2371 3768/4040/2312 3789/4061/2329
f 3789/4061/2329 3837/4109/2372 3836/4108/2371
f 3837/4109/2372 3789/4061/2329 3838/4110/2373
f 3838/4110/2373 3789/4061/2329 3839/4111/2374
f 3839/4111/2374 3789/4061/2329 3788/4060/2328
f 3788/4060/2328 3775/4047/2316 3839/4111/2374
f 3775/4047/2316 3788/4060/2328 3790/4062/2330
f 3790/4062/2330 3776/4048/2317 3775/4047/2316
f 3771/4043/2313 3766/4038/2311 3785/4057/2325
f 3785/4057/2325 3786/4058/2326 3771/4043/2313
f 3786/4058/2326 3785/4057/2325 3784/4056/2324
f 3784/4056/2324 3787/4059/2327 3786/4058/2326
f 3834/4106/2369 3840/4112/2375 3841/4113/2376
f 3841/4113/2376 3835/4107/2370 3834/4106/2369
f 3832/4104/2367 3790/4062/2330 3834/4106/2369
f 3834/4106/2369 3790/4062/2330 3787/4059/2327
f 3787/4059/2327 3784/4056/2324 3840/4112/2375
f 3840/4112/2375 3834/4106/2369 3787/4059/2327
f 3784/4056/2324 3782/4054/2322 3842/4114/2377
f 3842/4114/2377 3840/4112/2375 3784/4056/2324
f 3782/4054/2322 3780/4052/2320 3843/4115/2378
f 3843/4115/2378 3842/4114/2377 3782/4054/2322
f 3842/4114/2377 3844/4116/2379 3841/4113/2376
f 3841/4113/2376 3840/4112/2375 3842/4114/2377
f 3842/4114/2377 3843/4115/2378 3845/4117/2380
f 3845/4117/2380 3844/4116/2379 3842/4114/2377
f 3843/4115/2378 3780/4052/2320 3779/4051/2319
f 3779/4051/2319 3846/4118/2381 3843/4115/2378
f 3846/4118/2381 3847/4119/2382 3845/4117/2380
f 3845/4117/2380 3843/4115/2378 3846/4118/2381
f 3848/4120/2382 3849/4121/2381 3850/4122/2383
f 3850/4122/2383 3851/4123/2384 3848/4120/2382
f 3851/4123/2384 3850/4122/2383 3852/4124/2385
f 3852/4124/2385 3853/4125/2386 3851/4123/2384
f 3853/4125/2386 3852/4124/2385 3854/4126/2387
f 3854/4126/2387 3855/4127/2388 3853/4125/2386
f 3855/4127/2388 3854/4126/2387 3856/4128/2389
f 3856/4128/2389 3857/4129/2390 3855/4127/2388
f 3858/4130/2391 3859/4131/2392 3850/4122/2383
f 3850/4122/2383 3849/4121/2381 3858/4130/2391
f 3859/4131/2392 3860/4132/2393 3852/4124/2385
f 3852/4124/2385 3850/4122/2383 3859/4131/2392
f 3861/4133/2394 3862/4134/2395 3854/4126/2387
f 3854/4126/2387 3862/4134/2395 3856/4128/2389
f 3862/4134/2395 3863/4135/627 3864/4136/2396
f 3864/4136/2396 3856/4128/2389 3862/4134/2395
f 3856/4128/2389 3864/4136/2396 3865/4137/625
f 3865/4137/625 3857/4129/2390 3856/4128/2389
f 3861/4133/2394 3791/4063/2331 3862/4134/2395
f 3791/4063/2331 3794/4066/2334 3862/4134/2395
f 3794/4066/2334 3793/4065/2333 3752/4024/2300
f 3794/4066/2334 3752/4024/2300 3866/4138/628
f 3866/4138/628 3752/4024/2300 3755/4027/2303
f 3866/4138/628 3863/4135/627 3862/4134/2395
f 3862/4134/2395 3794/4066/2334 3866/4138/628
f 3867/4139/2397 3868/4140/2398 3860/4132/2393
f 3860/4132/2393 3859/4131/2392 3867/4139/2397
f 3859/4131/2392 3858/4130/2391 3869/4141/2318
f 3869/4141/2318 3867/4139/2397 3859/4131/2392
f 3870/4142/2399 3871/4143/2400 3868/4140/2398
f 3868/4140/2398 3867/4139/2397 3870/4142/2399
f 3759/4031/2306 3757/4029/2305 3872/4144/2318
f 3872/4144/2318 3873/4145/2321 3759/4031/2306
f 3874/4146/2401 3870/4142/2399 3867/4139/2397
f 3867/4139/2397 3869/4141/2318 3874/4146/2401
f 3875/4147/57 3871/4143/2400 3870/4142/2399
f 3876/4148/2399 3877/4149/54 3878/4150/2402
f 3875/4147/57 3879/4151/2403 3880/4152/2404
f 3880/4152/2404 3871/4143/2400 3875/4147/57
f 3766/4038/2311 3771/4043/2313 3770/4042/60
f 3770/4042/60 3767/4039/47 3766/4038/2311
f 3772/4044/64 3837/4109/2372 3838/4110/2373
f 3837/4109/2372 3772/4044/64 3836/4108/2371
f 3836/4108/2371 3772/4044/64 3768/4040/2312
f 3880/4152/2404 3868/4140/2398 3871/4143/2400
f 3880/4152/2404 3791/4063/2331 3868/4140/2398
f 3868/4140/2398 3791/4063/2331 3861/4133/2394
f 3861/4133/2394 3860/4132/2393 3868/4140/2398
f 3860/4132/2393 3861/4133/2394 3854/4126/2387
f 3854/4126/2387 3852/4124/2385 3860/4132/2393
f 3791/4063/2331 3880/4152/2404 3792/4064/2332
f 3881/4153/2405 3772/4044/64 3838/4110/2373
f 3838/4110/2373 3839/4111/2374 3881/4153/2405
f 3839/4111/2374 3882/4154/2316 3883/4155/2315
f 3883/4155/2315 3881/4153/2405 3839/4111/2374
f 3884/4156/80 3772/4044/64 3881/4153/2405
f 3885/4157/75 3772/4044/64 3884/4156/80
f 3886/4158/2406 3877/4149/2407 3870/4142/2399
f 3870/4142/2399 3874/4146/2401 3886/4158/2406
f 3887/4159/2408 3744/4016/2296 3745/4017/2297
f 3745/4017/2297 3888/4160/2409 3887/4159/2408
f 3889/4161/2410 3890/4162/2411 3891/4163/2296
f 3744/4016/2296 3887/4159/2408 3892/4164/2410
f 3893/4165/2295 3894/4166/2412 3895/4167/50
f 3896/4168/2413 3897/4169/2414 3898/4170/2415
f 3898/4170/2415 3899/4171/2416 3896/4168/2413
f 3897/4169/2414 3900/4172/2417 3901/4173/2418
f 3901/4173/2418 3898/4170/2415 3897/4169/2414
f 3902/4174/2419 3896/4168/2413 3899/4171/2416
f 3899/4171/2416 3903/4175/2420 3902/4174/2419
f 3904/4176/2421 3905/4177/2419 3906/4178/2420
f 3906/4178/2420 3907/4179/2422 3904/4176/2421
f 3908/4180/2423 3904/4176/2421 3907/4179/2422
f 3907/4179/2422 3909/4181/2424 3908/4180/2423
f 3910/4182/2425 3911/4183/87 3912/4184/86
f 3912/4184/86 3913/4185/2426 3910/4182/2425
f 3914/4186/2295 3915/4187/2427 3916/4188/90
f 3917/4189/2427 3893/4165/2295 3890/4162/2411
f 3890/4162/2411 3889/4161/2410 3917/4189/2427
f 3796/4068/2336 3918/4190/2428 3888/4160/2409
f 3888/4160/2409 3745/4017/2297 3796/4068/2336
f 3919/4191/2426 3908/4180/2423 3909/4181/2424
f 3909/4181/2424 3920/4192/2429 3919/4191/2426
f 3901/4173/2418 3921/4193/2430 3922/4194/2431
f 3922/4194/2431 3898/4170/2415 3901/4173/2418
f 3898/4170/2415 3922/4194/2431 3923/4195/2432
f 3923/4195/2432 3899/4171/2416 3898/4170/2415
f 3899/4171/2416 3923/4195/2432 3924/4196/2433
f 3924/4196/2433 3903/4175/2420 3899/4171/2416
f 3925/4197/2422 3926/4198/2434 3927/4199/2435
f 3927/4199/2435 3928/4200/2436 3925/4197/2422
f 3928/4200/2436 3927/4199/2435 3929/4201/2437
f 3929/4201/2437 3930/4202/2425 3928/4200/2436
f 3930/4202/2425 3929/4201/2437 3931/4203/92
f 3931/4203/92 3932/4204/87 3930/4202/2425
f 3924/4196/2433 3926/4198/2434 3925/4197/2422
f 3925/4197/2422 3903/4175/2420 3924/4196/2433
f 3933/4205/2438 3934/4206/2439 3935/4207/2440
f 3935/4207/2440 3936/4208/2441 3933/4205/2438
f 3934/4206/2439 3937/4209/2442 3938/4210/2443
f 3938/4210/2443 3935/4207/2440 3934/4206/2439
f 3937/4209/2442 3939/4211/2444 3940/4212/2445
f 3940/4212/2445 3938/4210/2443 3937/4209/2442
f 3941/4213/2441 3942/4214/2446 3943/4215/2447
f 3944/4216/164 3945/4217/162 3936/4208/2441
f 3941/4213/2448 3946/4218/2440 3947/4219/2449
f 3948/4220/2449 3949/4221/2446 3950/4222/2448
f 3935/4207/2440 3938/4210/2443 3951/4223/2450
f 3951/4223/2450 3952/4224/2449 3935/4207/2440
f 3938/4210/2443 3940/4212/2445 3953/4225/2451
f 3953/4225/2451 3951/4223/2450 3938/4210/2443
f 3954/4226/2446 3955/4227/2452 3956/4228/168
f 3956/4228/168 3957/4229/209 3954/4226/2446
f 3954/4226/2446 3958/4230/2449 3959/4231/2453
f 3959/4231/2453 3955/4227/2452 3954/4226/2446
f 3958/4230/2449 3960/4232/2450 3961/4233/2454
f 3961/4233/2454 3959/4231/2453 3958/4230/2449
f 3960/4232/2450 3962/4234/2455 3963/4235/2456
f 3963/4235/2456 3961/4233/2454 3960/4232/2450
f 3955/4227/2452 3959/4231/2453 3964/4236/2457
f 3964/4236/2457 3965/4237/2458 3955/4227/2452
f 3959/4231/2453 3961/4233/2454 3966/4238/2459
f 3966/4238/2459 3964/4236/2457 3959/4231/2453
f 3961/4233/2454 3963/4235/2456 3967/4239/2460
f 3967/4239/2460 3966/4238/2459 3961/4233/2454
f 3933/4205/2438 3936/4208/2441 3945/4217/162
f 3945/4217/162 3968/4240/163 3933/4205/2438
f 3942/4214/2446 3969/4241/209 3943/4215/2447
f 3955/4227/2452 3965/4237/2458 3970/4242/165
f 3970/4242/165 3956/4228/168 3955/4227/2452
f 3971/4243/2461 3972/4244/2462 3973/4245/2463
f 3973/4245/2463 3974/4246/2464 3971/4243/2461
f 3937/4209/2442 3975/4247/2465 3976/4248/2466
f 3976/4248/2466 3939/4211/2444 3937/4209/2442
f 3977/4249/2467 3978/4250/2468 3979/4251/2469
f 3979/4251/2469 3980/4252/2470 3977/4249/2467
f 3968/4240/163 3981/4253/2471 3982/4254/2472
f 3982/4254/2472 3933/4205/2438 3968/4240/163
f 3983/4255/2473 3984/4256/2474 3985/4257/2475
f 3985/4257/2475 3986/4258/2476 3983/4255/2473
f 3986/4258/2476 3985/4257/2475 3987/4259/2477
f 3987/4259/2477 3988/4260/2478 3986/4258/2476
f 3988/4260/2478 3987/4259/2477 3989/4261/2479
f 3989/4261/2479 3990/4262/2480 3988/4260/2478
f 3991/4263/128 3992/4264/2481 3984/4256/2474
f 3984/4256/2474 3983/4255/2473 3991/4263/128
f 3931/4203/92 3929/4201/2437 3992/4264/2481
f 3987/4259/2477 3923/4195/2432 3922/4194/2431
f 3922/4194/2431 3989/4261/2479 3987/4259/2477
f 3987/4259/2477 3985/4257/2475 3924/4196/2433
f 3924/4196/2433 3923/4195/2432 3987/4259/2477
f 3985/4257/2475 3926/4198/2434 3924/4196/2433
f 3984/4256/2474 3927/4199/2435 3926/4198/2434
f 3926/4198/2434 3985/4257/2475 3984/4256/2474
f 3984/4256/2474 3992/4264/2481 3929/4201/2437
f 3929/4201/2437 3927/4199/2435 3984/4256/2474
f 3982/4254/2472 3977/4249/2467 3993/4265/2482
f 3993/4265/2482 3994/4266/2483 3982/4254/2472
f 3977/4249/2467 3980/4252/2470 3995/4267/2484
f 3995/4267/2484 3993/4265/2482 3977/4249/2467
f 3993/4265/2482 3995/4267/2484 3972/4244/2462
f 3972/4244/2462 3971/4243/2461 3993/4265/2482
f 3994/4266/2483 3993/4265/2482 3971/4243/2461
f 3971/4243/2461 3975/4247/2465 3994/4266/2483
f 3980/4252/2470 3979/4251/2469 3991/4263/128
f 3991/4263/128 3983/4255/2473 3980/4252/2470
f 3983/4255/2473 3986/4258/2476 3995/4267/2484
f 3995/4267/2484 3980/4252/2470 3983/4255/2473
f 3995/4267/2484 3986/4258/2476 3988/4260/2478
f 3988/4260/2478 3972/4244/2462 3995/4267/2484
f 3972/4244/2462 3988/4260/2478 3990/4262/2480
f 3990/4262/2480 3973/4245/2463 3972/4244/2462
f 3880/4152/2404 3879/4151/2403 3792/4064/2332
f 3792/4064/2332 3879/4151/2403 3752/4024/2300
f 3752/4024/2300 3793/4065/2333 3792/4064/2332
f 3879/4151/2403 3753/4025/2301 3752/4024/2300
f 3816/4088/2353 3817/4089/2354 3709/3981/2265
f 3709/3981/2265 3818/4090/2355 3816/4088/2353
f 3709/3981/2265 3817/4089/2354 3819/4091/2356
f 3819/4091/2356 3708/3980/2264 3709/3981/2265
f 3708/3980/2264 3819/4091/2356 3820/4092/2357
f 3820/4092/2357 3703/3975/2261 3708/3980/2264
f 3975/4247/2465 3971/4243/2461 3974/4246/2464
f 3974/4246/2464 3976/4248/2466 3975/4247/2465
f 3981/4253/2471 3978/4250/2468 3977/4249/2467
f 3977/4249/2467 3982/4254/2472 3981/4253/2471
f 3994/4266/2483 3934/4206/2439 3933/4205/2438
f 3933/4205/2438 3982/4254/2472 3994/4266/2483
f 3975/4247/2465 3937/4209/2442 3934/4206/2439
f 3934/4206/2439 3994/4266/2483 3975/4247/2465
f 3939/4211/2444 3996/4268/2485 3997/4269/2486
f 3997/4269/2486 3940/4212/2445 3939/4211/2444
f 3940/4212/2445 3997/4269/2486 3998/4270/2487
f 3998/4270/2487 3953/4225/2451 3940/4212/2445
f 3962/4234/2455 3999/4271/2487 4000/4272/2488
f 4000/4272/2488 3963/4235/2456 3962/4234/2455
f 3963/4235/2456 4000/4272/2488 4001/4273/2489
f 4001/4273/2489 3967/4239/2460 3963/4235/2456
f 3974/4246/2464 3973/4245/2463 4002/4274/2490
f 4002/4274/2490 4003/4275/2491 3974/4246/2464
f 3939/4211/2444 3976/4248/2466 4004/4276/2492
f 4004/4276/2492 3996/4268/2485 3939/4211/2444
f 3990/4262/2480 3989/4261/2479 4005/4277/2493
f 4005/4277/2493 4006/4278/2494 3990/4262/2480
f 3989/4261/2479 3922/4194/2431 3921/4193/2430
f 3921/4193/2430 4005/4277/2493 3989/4261/2479
f 3973/4245/2463 3990/4262/2480 4006/4278/2494
f 4006/4278/2494 4002/4274/2490 3973/4245/2463
f 3976/4248/2466 3974/4246/2464 4003/4275/2491
f 4003/4275/2491 4004/4276/2492 3976/4248/2466
f 4007/4279/2495 4008/4280/2496 4009/4281/2497
f 4009/4281/2497 4010/4282/2498 4007/4279/2495
f 4011/4283/2499 4012/4284/2500 4008/4280/2496
f 4008/4280/2496 4007/4279/2495 4011/4283/2499
f 4013/4285/2501 4014/4286/2502 4012/4284/2500
f 4012/4284/2500 4011/4283/2499 4013/4285/2501
f 4015/4287/2503 4007/4279/2495 4010/4282/2498
f 4010/4282/2498 4016/4288/2504 4015/4287/2503
f 4017/4289/2505 4011/4283/2499 4007/4279/2495
f 4007/4279/2495 4015/4287/2503 4017/4289/2505
f 4018/4290/2506 4013/4285/2501 4011/4283/2499
f 4011/4283/2499 4017/4289/2505 4018/4290/2506
f 4019/4291/2507 4016/4288/2504 4020/4292/2508
f 4020/4292/2508 4021/4293/2509 4019/4291/2507
f 4022/4294/2510 4019/4291/2507 4021/4293/2509
f 4021/4293/2509 4023/4295/2511 4022/4294/2510
f 4024/4296/2512 4025/4297/2513 4026/4298/1175
f 4026/4298/1175 4027/4299/2514 4024/4296/2512
f 4028/4300/2515 4029/4301/2516 4025/4297/2513
f 4025/4297/2513 4024/4296/2512 4028/4300/2515
f 4030/4302/2517 4031/4303/2518 4029/4301/2516
f 4029/4301/2516 4028/4300/2515 4030/4302/2517
f 4032/4304/2519 4033/4305/2520 4031/4303/2518
f 4031/4303/2518 4030/4302/2517 4032/4304/2519
f 4034/4306/2521 4024/4296/2512 4027/4299/2514
f 4027/4299/2514 4035/4307/1179 4034/4306/2521
f 4036/4308/2522 4028/4300/2515 4024/4296/2512
f 4024/4296/2512 4034/4306/2521 4036/4308/2522
f 4037/4309/2523 4030/4302/2517 4028/4300/2515
f 4028/4300/2515 4036/4308/2522 4037/4309/2523
f 4038/4310/2524 4032/4304/2519 4030/4302/2517
f 4030/4302/2517 4037/4309/2523 4038/4310/2524
f 4039/4311/2525 4034/4306/2521 4035/4307/1179
f 4035/4307/1179 4040/4312/1180 4039/4311/2525
f 4041/4313/2526 4036/4308/2522 4034/4306/2521
f 4034/4306/2521 4039/4311/2525 4041/4313/2526
f 4042/4314/2527 4037/4309/2523 4036/4308/2522
f 4036/4308/2522 4041/4313/2526 4042/4314/2527
f 4043/4315/2528 4038/4310/2524 4037/4309/2523
f 4037/4309/2523 4042/4314/2527 4043/4315/2528
f 4044/4316/2529 4039/4311/2525 4040/4312/1180
f 4040/4312/1180 4045/4317/1188 4044/4316/2529
f 4046/4318/2530 4041/4313/2526 4039/4311/2525
f 4039/4311/2525 4044/4316/2529 4046/4318/2530
f 4047/4319/2531 4042/4314/2527 4041/4313/2526
f 4041/4313/2526 4046/4318/2530 4047/4319/2531
f 4048/4320/2532 4043/4315/2528 4042/4314/2527
f 4042/4314/2527 4047/4319/2531 4048/4320/2532
f 4049/4321/2533 4046/4318/2530 4044/4316/2529
f 4044/4316/2529 4050/4322/2534 4049/4321/2533
f 4051/4323/2535 4047/4319/2531 4046/4318/2530
f 4046/4318/2530 4049/4321/2533 4051/4323/2535
f 4052/4324/2536 4048/4320/2532 4047/4319/2531
f 4047/4319/2531 4051/4323/2535 4052/4324/2536
f 4053/4325/1181 4054/4326/1183 4055/4327/2498
f 4055/4327/2498 4056/4328/2497 4053/4325/1181
f 4057/4329/2537 4058/4330/2538 4059/4331/1224
f 4059/4331/1224 4060/4332/2539 4057/4329/2537
f 4061/4333/2540 4062/4334/1191 4063/4335/2541
f 4064/4336/2542 4063/4335/2541 4062/4334/1191
f 4062/4334/1191 4065/4337/2543 4064/4336/2542
f 4066/4338/2544 4067/4339/2545 4068/4340/2543
f 4068/4340/2543 4069/4341/1197 4066/4338/2544
f 4069/4341/1197 4070/4342/2546 4066/4338/2544
f 4071/4343/2547 4070/4342/2546 4069/4341/1197
f 4069/4341/1197 4072/4344/1201 4071/4343/2547
f 4073/4345/2548 4074/4346/2549 4075/4347/2550
f 4075/4347/2550 4076/4348/1216 4073/4345/2548
f 4077/4349/1218 4073/4345/2548 4076/4348/1216
f 4078/4350/2551 4079/4351/2552 4080/4352/2553
f 4080/4352/2553 4081/4353/2554 4078/4350/2551
f 4016/4288/2504 4010/4282/2498 4082/4354/1183
f 4082/4354/1183 4020/4292/2508 4016/4288/2504
f 4083/4355/2555 4084/4356/2556 4085/4357/2557
f 4085/4357/2557 4086/4358/2558 4083/4355/2555
f 4084/4356/2556 4087/4359/2559 4088/4360/2560
f 4088/4360/2560 4085/4357/2557 4084/4356/2556
f 4087/4359/2559 4089/4361/2561 4090/4362/2562
f 4090/4362/2562 4088/4360/2560 4087/4359/2559
f 4091/4363/2563 4092/4364/2564 4093/4365/2565
f 4093/4365/2565 4094/4366/2566 4091/4363/2563
f 4095/4367/2567 4094/4366/2566 4093/4365/2565
f 4084/4356/2556 4067/4339/2545 4066/4338/2544
f 4087/4359/2559 4084/4356/2556 4066/4338/2544
f 4066/4338/2544 4070/4342/2546 4087/4359/2559
f 4089/4361/2561 4087/4359/2559 4070/4342/2546
f 4070/4342/2546 4071/4343/2547 4089/4361/2561
f 4092/4364/2564 4091/4363/2563 4074/4346/2549
f 4074/4346/2549 4073/4345/2548 4092/4364/2564
f 4096/4368/2568 4097/4369/2569 4098/4370/2570
f 4096/4368/2568 4099/4371/2571 4097/4369/2569
f 3795/4067/2335 4048/4320/2532 4052/4324/2536
f 4052/4324/2536 3796/4068/2336 3795/4067/2335
f 4043/4315/2528 4048/4320/2532 3795/4067/2335
f 3795/4067/2335 3797/4069/2337 4043/4315/2528
f 3798/4070/2338 4038/4310/2524 4043/4315/2528
f 4043/4315/2528 3797/4069/2337 3798/4070/2338
f 3799/4071/2339 4033/4305/2520 4032/4304/2519
f 4032/4304/2519 3800/4072/2340 3799/4071/2339
f 3801/4073/2341 4014/4286/2502 4013/4285/2501
f 4013/4285/2501 3802/4074/2342 3801/4073/2341
f 4100/4372/2572 4101/4373/2573 4031/4303/2518
f 4031/4303/2518 4033/4305/2520 4100/4372/2572
f 4102/4374/2574 4103/4375/2575 4101/4373/2573
f 4101/4373/2573 4100/4372/2572 4102/4374/2574
f 4104/4376/2576 4101/4373/2573 4103/4375/2575
f 4103/4375/2575 4105/4377/2577 4104/4376/2576
f 4029/4301/2516 4031/4303/2518 4101/4373/2573
f 4101/4373/2573 4104/4376/2576 4029/4301/2516
f 4106/4378/2578 4026/4298/1175 4025/4297/2513
f 4025/4297/2513 4107/4379/2579 4106/4378/2578
f 4104/4376/2576 4107/4379/2579 4025/4297/2513
f 4025/4297/2513 4029/4301/2516 4104/4376/2576
f 4105/4377/2577 4022/4294/2510 4107/4379/2579
f 4107/4379/2579 4104/4376/2576 4105/4377/2577
f 4106/4378/2578 4107/4379/2579 4022/4294/2510
f 4022/4294/2510 4023/4295/2511 4106/4378/2578
f 4108/4380/1204 4050/4322/2534 4044/4316/2529
f 4044/4316/2529 4045/4317/1188 4108/4380/1204
f 3814/4086/2351 3815/4087/2352 4102/4374/2574
f 4102/4374/2574 4100/4372/2572 3814/4086/2351
f 3814/4086/2351 4100/4372/2572 4033/4305/2520
f 4033/4305/2520 3799/4071/2339 3814/4086/2351
f 3798/4070/2338 3800/4072/2340 4032/4304/2519
f 4032/4304/2519 4038/4310/2524 3798/4070/2338
f 3816/4088/2353 4109/4381/2580 4102/4374/2574
f 4102/4374/2574 3815/4087/2352 3816/4088/2353
f 3818/4090/2355 3802/4074/2342 4013/4285/2501
f 4013/4285/2501 4018/4290/2506 3818/4090/2355
f 4109/4381/2580 4110/4382/2581 4103/4375/2575
f 4103/4375/2575 4102/4374/2574 4109/4381/2580
f 4110/4382/2581 4111/4383/2582 4105/4377/2577
f 4105/4377/2577 4103/4375/2575 4110/4382/2581
f 4105/4377/2577 4111/4383/2582 4019/4291/2507
f 4019/4291/2507 4022/4294/2510 4105/4377/2577
f 4019/4291/2507 4111/4383/2582 4015/4287/2503
f 4015/4287/2503 4016/4288/2504 4019/4291/2507
f 4009/4281/2497 4008/4280/2496 4112/4384/2583
f 4112/4384/2583 4008/4280/2496 4012/4284/2500
f 4012/4284/2500 4113/4385/2584 4112/4384/2583
f 4113/4385/2584 4012/4284/2500 4014/4286/2502
f 4014/4286/2502 4114/4386/2585 4113/4385/2584
f 4014/4286/2502 3801/4073/2341 3825/4097/2361
f 3825/4097/2361 4114/4386/2585 4014/4286/2502
f 4115/4387/2583 4116/4388/1206 4056/4328/2497
f 4116/4388/1206 4053/4325/1181 4056/4328/2497
f 4117/4389/2586 4118/4390/2587 4079/4351/2552
f 4079/4351/2552 4078/4350/2551 4117/4389/2586
f 3830/4102/2365 3831/4103/2366 4118/4390/2587
f 4118/4390/2587 4117/4389/2586 3830/4102/2365
f 4079/4351/2552 4118/4390/2587 4119/4391/2588
f 4119/4391/2588 4095/4367/2567 4079/4351/2552
f 4118/4390/2587 3831/4103/2366 3833/4105/2368
f 3833/4105/2368 4119/4391/2588 4118/4390/2587
f 4119/4391/2588 3833/4105/2368 3835/4107/2370
f 3835/4107/2370 4120/4392/2589 4119/4391/2588
f 4121/4393/2590 4092/4364/2564 4073/4345/2548
f 4092/4364/2564 4121/4393/2590 4122/4394/2591
f 4122/4394/2591 4123/4395/2592 4092/4364/2564
f 4123/4395/2592 4124/4396/2593 4092/4364/2564
f 4124/4396/2593 4080/4352/2553 4093/4365/2565
f 4093/4365/2565 4092/4364/2564 4124/4396/2593
f 4080/4352/2553 4079/4351/2552 4095/4367/2567
f 4095/4367/2567 4093/4365/2565 4080/4352/2553
f 4074/4346/2549 4091/4363/2563 4089/4361/2561
f 4089/4361/2561 4071/4343/2547 4074/4346/2549
f 4091/4363/2563 4094/4366/2566 4090/4362/2562
f 4090/4362/2562 4089/4361/2561 4091/4363/2563
f 4120/4392/2589 3835/4107/2370 3841/4113/2376
f 3841/4113/2376 4125/4397/2594 4120/4392/2589
f 4119/4391/2588 4120/4392/2589 4095/4367/2567
f 4120/4392/2589 4094/4366/2566 4095/4367/2567
f 4094/4366/2566 4120/4392/2589 4125/4397/2594
f 4125/4397/2594 4090/4362/2562 4094/4366/2566
f 4090/4362/2562 4125/4397/2594 4126/4398/2595
f 4126/4398/2595 4088/4360/2560 4090/4362/2562
f 4088/4360/2560 4126/4398/2595 4127/4399/2596
f 4127/4399/2596 4085/4357/2557 4088/4360/2560
f 4126/4398/2595 4125/4397/2594 3841/4113/2376
f 3841/4113/2376 3844/4116/2379 4126/4398/2595
f 4126/4398/2595 3844/4116/2379 3845/4117/2380
f 3845/4117/2380 4127/4399/2596 4126/4398/2595
f 4127/4399/2596 4128/4400/2597 4086/4358/2558
f 4086/4358/2558 4085/4357/2557 4127/4399/2596
f 4128/4400/2597 4127/4399/2596 3845/4117/2380
f 3845/4117/2380 3847/4119/2382 4128/4400/2597
f 3848/4120/2382 3851/4123/2384 4129/4401/2598
f 4129/4401/2598 4130/4402/2597 3848/4120/2382
f 3851/4123/2384 3853/4125/2386 4131/4403/2599
f 4131/4403/2599 4129/4401/2598 3851/4123/2384
f 3853/4125/2386 3855/4127/2388 4132/4404/2600
f 4132/4404/2600 4131/4403/2599 3853/4125/2386
f 3855/4127/2388 3857/4129/2390 4133/4405/2601
f 4133/4405/2601 4132/4404/2600 3855/4127/2388
f 4134/4406/2602 4130/4402/2597 4129/4401/2598
f 4129/4401/2598 4135/4407/2603 4134/4406/2602
f 4135/4407/2603 4129/4401/2598 4131/4403/2599
f 4131/4403/2599 4136/4408/2604 4135/4407/2603
f 4137/4409/2605 4132/4404/2600 4138/4410/2606
f 4132/4404/2600 4133/4405/2601 4138/4410/2606
f 4138/4410/2606 4133/4405/2601 4139/4411/2607
f 4139/4411/2607 4140/4412/1728 4138/4410/2606
f 4133/4405/2601 3857/4129/2390 3865/4137/625
f 3865/4137/625 4139/4411/2607 4133/4405/2601
f 4137/4409/2605 4138/4410/2606 4096/4368/2568
f 4096/4368/2568 4138/4410/2606 4099/4371/2571
f 4099/4371/2571 4057/4329/2537 4097/4369/2569
f 4099/4371/2571 4141/4413/1729 4057/4329/2537
f 4141/4413/1729 4058/4330/2538 4057/4329/2537
f 4141/4413/1729 4099/4371/2571 4138/4410/2606
f 4138/4410/2606 4140/4412/1728 4141/4413/1729
f 4142/4414/2608 4135/4407/2603 4136/4408/2604
f 4136/4408/2604 4143/4415/2609 4142/4414/2608
f 4135/4407/2603 4142/4414/2608 4144/4416/2555
f 4144/4416/2555 4134/4406/2602 4135/4407/2603
f 4145/4417/2610 4142/4414/2608 4143/4415/2609
f 4143/4415/2609 4146/4418/2611 4145/4417/2610
f 4064/4336/2542 4147/4419/2556 4148/4420/2555
f 4148/4420/2555 4063/4335/2541 4064/4336/2542
f 4149/4421/2541 4144/4416/2555 4142/4414/2608
f 4142/4414/2608 4145/4417/2610 4149/4421/2541
f 4150/4422/1211 4151/4423/1209 4145/4417/2610
f 4145/4417/2610 4146/4418/2611 4150/4422/1211
f 4150/4422/1211 4146/4418/2611 4152/4424/2612
f 4152/4424/2612 4153/4425/2613 4150/4422/1211
f 4071/4343/2547 4072/4344/1201 4075/4347/2550
f 4075/4347/2550 4074/4346/2549 4071/4343/2547
f 4077/4349/1218 4123/4395/2592 4122/4394/2591
f 4122/4394/2591 4121/4393/2590 4077/4349/1218
f 4121/4393/2590 4073/4345/2548 4077/4349/1218
f 4152/4424/2612 4146/4418/2611 4143/4415/2609
f 4152/4424/2612 4143/4415/2609 4096/4368/2568
f 4143/4415/2609 4136/4408/2604 4137/4409/2605
f 4137/4409/2605 4096/4368/2568 4143/4415/2609
f 4136/4408/2604 4131/4403/2599 4132/4404/2600
f 4132/4404/2600 4137/4409/2605 4136/4408/2604
f 4096/4368/2568 4098/4370/2570 4152/4424/2612
f 4154/4426/2614 4123/4395/2592 4077/4349/1218
f 4123/4395/2592 4154/4426/2614 4124/4396/2593
f 4124/4396/2593 4154/4426/2614 4081/4353/2554
f 4081/4353/2554 4080/4352/2553 4124/4396/2593
f 4155/4427/1234 4154/4426/2614 4077/4349/1218
f 4156/4428/1229 4155/4427/1234 4077/4349/1218
f 4157/4429/2615 4145/4417/2610 4151/4423/1209
f 4145/4417/2610 4157/4429/2615 4149/4421/2541
f 4158/4430/2616 4159/4431/2617 4052/4324/2536
f 4052/4324/2536 4051/4323/2535 4158/4430/2616
f 4160/4432/2618 4158/4430/2616 4051/4323/2535
f 4161/4433/2535 4162/4434/2619 4163/4435/2620
f 4164/4436/2534 4165/4437/1204 4166/4438/2621
f 4167/4439/2622 4168/4440/2623 4169/4441/2624
f 4169/4441/2624 4170/4442/2625 4167/4439/2622
f 4170/4442/2625 4169/4441/2624 3901/4173/2418
f 3901/4173/2418 3900/4172/2417 4170/4442/2625
f 4171/4443/2626 4172/4444/2627 4168/4440/2623
f 4168/4440/2623 4167/4439/2622 4171/4443/2626
f 4173/4445/2628 4174/4446/2629 4175/4447/2627
f 4175/4447/2627 4176/4448/2626 4173/4445/2628
f 4177/4449/2630 4178/4450/2631 4174/4446/2629
f 4174/4446/2629 4173/4445/2628 4177/4449/2630
f 4179/4451/2632 4180/4452/2633 4181/4453/1238
f 4181/4453/1238 4182/4454/1240 4179/4451/2632
f 4183/4455/2534 4184/4456/1242 4185/4457/2634
f 4186/4458/2634 4163/4435/2620 4162/4434/2619
f 4162/4434/2619 4187/4459/2534 4186/4458/2634
f 3796/4068/2336 4052/4324/2536 4159/4431/2617
f 4159/4431/2617 3918/4190/2428 3796/4068/2336
f 4180/4452/2633 4179/4451/2632 4188/4460/2631
f 4188/4460/2631 4189/4461/2630 4180/4452/2633
f 3901/4173/2418 4169/4441/2624 4190/4462/2635
f 4190/4462/2635 3921/4193/2430 3901/4173/2418
f 4169/4441/2624 4168/4440/2623 4191/4463/2636
f 4191/4463/2636 4190/4462/2635 4169/4441/2624
f 4168/4440/2623 4172/4444/2627 4192/4464/2637
f 4192/4464/2637 4191/4463/2636 4168/4440/2623
f 4193/4465/2629 4194/4466/2631 4195/4467/2638
f 4195/4467/2638 4196/4468/2639 4193/4465/2629
f 4194/4466/2631 4197/4469/2632 4198/4470/2640
f 4198/4470/2640 4195/4467/2638 4194/4466/2631
f 4197/4469/2632 4199/4471/1240 4200/4472/1244
f 4200/4472/1244 4198/4470/2640 4197/4469/2632
f 4192/4464/2637 4172/4444/2627 4193/4465/2629
f 4193/4465/2629 4196/4468/2639 4192/4464/2637
f 4201/4473/2641 4202/4474/2642 4203/4475/2643
f 4203/4475/2643 4204/4476/2644 4201/4473/2641
f 4204/4476/2644 4203/4475/2643 4205/4477/2645
f 4205/4477/2645 4206/4478/2646 4204/4476/2644
f 4206/4478/2646 4205/4477/2645 4207/4479/2647
f 4207/4479/2647 4208/4480/2648 4206/4478/2646
f 4202/4474/2642 4209/4481/1314 4210/4482/1316
f 4211/4483/2649 4212/4484/2650 4213/4485/2642
f 4214/4486/2651 4215/4487/2650 4216/4488/2652
f 4217/4489/2652 4218/4490/2643 4213/4485/2651
f 4203/4475/2643 4219/4491/2652 4220/4492/2653
f 4220/4492/2653 4205/4477/2645 4203/4475/2643
f 4205/4477/2645 4220/4492/2653 4221/4493/2654
f 4221/4493/2654 4207/4479/2647 4205/4477/2645
f 4222/4494/2650 4223/4495/1367 4224/4496/1320
f 4224/4496/1320 4225/4497/2655 4222/4494/2650
f 4222/4494/2650 4225/4497/2655 4226/4498/2656
f 4226/4498/2656 4227/4499/2652 4222/4494/2650
f 4227/4499/2652 4226/4498/2656 4228/4500/2657
f 4228/4500/2657 4229/4501/2653 4227/4499/2652
f 4229/4501/2653 4228/4500/2657 4230/4502/2658
f 4230/4502/2658 4231/4503/2659 4229/4501/2653
f 4225/4497/2655 4232/4504/2660 4233/4505/2661
f 4233/4505/2661 4226/4498/2656 4225/4497/2655
f 4226/4498/2656 4233/4505/2661 4234/4506/2662
f 4234/4506/2662 4228/4500/2657 4226/4498/2656
f 4228/4500/2657 4234/4506/2662 4235/4507/2663
f 4235/4507/2663 4230/4502/2658 4228/4500/2657
f 4201/4473/2641 4236/4508/1315 4209/4481/1314
f 4209/4481/1314 4202/4474/2642 4201/4473/2641
f 4212/4484/2650 4211/4483/2649 4237/4509/1367
f 4225/4497/2655 4224/4496/1320 4238/4510/1318
f 4238/4510/1318 4232/4504/2660 4225/4497/2655
f 4239/4511/2664 4240/4512/2665 4241/4513/2666
f 4241/4513/2666 4242/4514/2667 4239/4511/2664
f 4206/4478/2646 4208/4480/2648 4243/4515/2668
f 4243/4515/2668 4244/4516/2669 4206/4478/2646
f 4245/4517/2670 4246/4518/2671 4247/4519/1290
f 4247/4519/1290 4248/4520/2672 4245/4517/2670
f 4236/4508/1315 4201/4473/2641 4249/4521/2673
f 4249/4521/2673 4250/4522/2674 4236/4508/1315
f 4251/4523/2675 4252/4524/2676 4253/4525/2677
f 4253/4525/2677 4254/4526/2678 4251/4523/2675
f 4252/4524/2676 4255/4527/2679 4256/4528/2680
f 4256/4528/2680 4253/4525/2677 4252/4524/2676
f 4255/4527/2679 4257/4529/2681 4258/4530/2682
f 4259/4531/2682 4260/4532/2680 4261/4533/2679
f 4262/4534/1280 4251/4523/2675 4263/4535/2678
f 4263/4535/2678 4264/4536/1265 4262/4534/1280
f 4200/4472/1244 4264/4536/1265 4198/4470/2640
f 4256/4528/2683 4258/4530/2682 4190/4462/2635
f 4190/4462/2635 4191/4463/2636 4256/4528/2683
f 4256/4528/2680 4265/4537/2637 4253/4525/2677
f 4192/4464/2637 4256/4528/2683 4191/4463/2636
f 4253/4525/2677 4192/4464/2637 4196/4468/2639
f 4254/4526/2678 4196/4468/2639 4195/4467/2638
f 4196/4468/2639 4254/4526/2678 4253/4525/2677
f 4254/4526/2678 4195/4467/2638 4198/4470/2640
f 4198/4470/2640 4264/4536/1265 4254/4526/2678
f 4249/4521/2673 4266/4538/2684 4267/4539/2685
f 4267/4539/2685 4245/4517/2670 4249/4521/2673
f 4245/4517/2670 4267/4539/2685 4268/4540/2686
f 4268/4540/2686 4246/4518/2671 4245/4517/2670
f 4267/4539/2685 4239/4511/2664 4242/4514/2667
f 4242/4514/2667 4268/4540/2686 4267/4539/2685
f 4266/4538/2684 4244/4516/2669 4239/4511/2664
f 4239/4511/2664 4267/4539/2685 4266/4538/2684
f 4246/4518/2671 4251/4523/2675 4262/4534/1280
f 4262/4534/1280 4247/4519/1290 4246/4518/2671
f 4251/4523/2675 4246/4518/2671 4268/4540/2686
f 4268/4540/2686 4252/4524/2676 4251/4523/2675
f 4268/4540/2686 4242/4514/2667 4255/4527/2679
f 4255/4527/2679 4252/4524/2676 4268/4540/2686
f 4242/4514/2667 4241/4513/2666 4257/4529/2681
f 4257/4529/2681 4255/4527/2679 4242/4514/2667
f 4152/4424/2612 4098/4370/2570 4153/4425/2613
f 4098/4370/2570 4097/4369/2569 4057/4329/2537
f 4057/4329/2537 4153/4425/2613 4098/4370/2570
f 4153/4425/2613 4057/4329/2537 4060/4332/2539
f 3816/4088/2353 3818/4090/2355 4018/4290/2506
f 4018/4290/2506 4109/4381/2580 3816/4088/2353
f 4018/4290/2506 4017/4289/2505 4110/4382/2581
f 4110/4382/2581 4109/4381/2580 4018/4290/2506
f 4017/4289/2505 4015/4287/2503 4111/4383/2582
f 4111/4383/2582 4110/4382/2581 4017/4289/2505
f 4244/4516/2669 4243/4515/2668 4240/4512/2665
f 4240/4512/2665 4239/4511/2664 4244/4516/2669
f 4250/4522/2674 4249/4521/2673 4245/4517/2670
f 4245/4517/2670 4248/4520/2672 4250/4522/2674
f 4266/4538/2684 4249/4521/2673 4201/4473/2641
f 4201/4473/2641 4204/4476/2644 4266/4538/2684
f 4244/4516/2669 4266/4538/2684 4204/4476/2644
f 4204/4476/2644 4206/4478/2646 4244/4516/2669
f 4208/4480/2648 4207/4479/2647 3997/4269/2486
f 3997/4269/2486 3996/4268/2485 4208/4480/2648
f 4207/4479/2647 4221/4493/2654 3998/4270/2487
f 3998/4270/2487 3997/4269/2486 4207/4479/2647
f 4231/4503/2659 4230/4502/2658 4000/4272/2488
f 4000/4272/2488 3999/4271/2487 4231/4503/2659
f 4230/4502/2658 4235/4507/2663 4001/4273/2489
f 4001/4273/2489 4000/4272/2488 4230/4502/2658
f 4240/4512/2665 4003/4275/2491 4002/4274/2490
f 4002/4274/2490 4241/4513/2666 4240/4512/2665
f 4208/4480/2648 3996/4268/2485 4004/4276/2492
f 4004/4276/2492 4243/4515/2668 4208/4480/2648
f 4257/4529/2681 4006/4278/2494 4005/4277/2493
f 4005/4277/2493 4258/4530/2682 4257/4529/2681
f 4258/4530/2682 4005/4277/2493 3921/4193/2430
f 3921/4193/2430 4190/4462/2635 4258/4530/2682
f 4241/4513/2666 4002/4274/2490 4006/4278/2494
f 4006/4278/2494 4257/4529/2681 4241/4513/2666
f 4243/4515/2668 4004/4276/2492 4003/4275/2491
f 4003/4275/2491 4240/4512/2665 4243/4515/2668
f 4269/4541/2687 4270/4542/2688 4271/4543/2688
f 4271/4543/2688 4272/4544/2687 4269/4541/2687
f 4273/4545/2688 4274/4546/2689 4275/4547/2689
f 4275/4547/2689 4276/4548/2688 4273/4545/2688
f 4274/4546/2689 4277/4549/2690 4278/4550/2690
f 4278/4550/2690 4275/4547/2689 4274/4546/2689
f 4277/4549/2690 4279/4551/2691 4280/4552/2691
f 4280/4552/2691 4278/4550/2690 4277/4549/2690
f 4281/4553/2691 4282/4554/2692 4283/4555/2692
f 4283/4555/2692 4284/4556/2691 4281/4553/2691
f 4282/4554/2692 4285/4557/2693 4286/4558/2693
f 4286/4558/2693 4283/4555/2692 4282/4554/2692
f 4287/4559/2693 4288/4560/2694 4289/4561/2694
f 4289/4561/2694 4290/4562/2693 4287/4559/2693
f 4288/4560/2694 4291/4563/2695 4292/4564/2695
f 4292/4564/2695 4289/4561/2694 4288/4560/2694
f 4291/4563/2695 4293/4565/2696 4294/4566/2696
f 4294/4566/2696 4292/4564/2695 4291/4563/2695
f 4295/4567/2696 4269/4541/2687 4272/4544/2687
f 4272/4544/2687 4296/4568/2696 4295/4567/2696
f 4337/4569/2697 4338/4570/2698 4339/4571/2699
f 4339/4571/2699 4340/4572/2700 4337/4569/2697
f 4341/4573/2698 4342/4574/2701 4343/4575/2702
f 4343/4575/2702 4344/4576/2699 4341/4573/2698
f 4345/4577/2701 4346/4578/2703 4347/4579/2704
f 4347/4579/2704 4348/4580/2702 4345/4577/2701
f 4349/4581/2703 4350/4582/2705 4351/4583/2706
f 4351/4583/2706 4352/4584/2704 4349/4581/2703
f 4353/4585/2705 4354/4586/2707 4355/4587/2708
f 4355/4587/2708 4356/4588/2706 4353/4585/2705
f 4357/4589/2707 4358/4590/2709 4359/4591/2710
f 4359/4591/2710 4360/4592/2708 4357/4589/2707
f 4361/4593/2709 4362/4594/2711 4363/4595/2712
f 4363/4595/2712 4364/4596/2710 4361/4593/2709
f 4365/4597/2711 4366/4598/2713 4367/4599/2714
f 4367/4599/2714 4368/4600/2712 4365/4597/2711
f 4369/4601/2713 4370/4602/2715 4371/4603/2716
f 4371/4603/2716 4372/4604/2714 4369/4601/2713
f 4373/4605/2715 4374/4606/2697 4375/4607/2700
f 4375/4607/2700 4376/4608/2716 4373/4605/2715
f 4377/4609/2717 4378/4610/2718 4379/4611/2717
f 4380/4612/2718 4379/4611/2717 4378/4610/2718
f 4381/4613/2719 4382/4614/2717 4383/4615/2719
f 4384/4616/2717 4383/4615/2719 4382/4614/2717
f 4385/4617/2720 4381/4613/2719 4386/4618/2720
f 4383/4615/2719 4386/4618/2720 4381/4613/2719
f 4387/4619/2721 4385/4617/2720 4388/4620/2721
f 4386/4618/2720 4388/4620/2721 4385/4617/2720
f 4389/4621/2722 4390/4622/2721 4391/4623/2722
f 4392/4624/2721 4391/4623/2722 4390/4622/2721
f 4393/4625/2723 4389/4621/2722 4394/4626/2723
f 4391/4623/2722 4394/4626/2723 4389/4621/2722
f 4395/4627/2724 4396/4628/2723 4397/4629/2724
f 4398/4630/2723 4397/4629/2724 4396/4628/2723
f 4399/4631/2725 4395/4627/2724 4400/4632/2725
f 4397/4629/2724 4400/4632/2725 4395/4627/2724
f 4401/4633/2726 4399/4631/2725 4402/4634/2726
f 4400/4632/2725 4402/4634/2726 4399/4631/2725
f 4378/4610/2718 4403/4635/2726 4380/4612/2718
f 4404/4636/2726 4380/4612/2718 4403/4635/2726
f 4445/4637/2727 4446/4638/2728 4447/4639/2729
f 4448/4640/2730 4447/4639/2729 4446/4638/2728
f 4449/4641/2731 4450/4642/2727 4451/4643/2732
f 4452/4644/2729 4451/4643/2732 4450/4642/2727
f 4453/4645/2733 4454/4646/2731 4455/4647/2734
f 4456/4648/2732 4455/4647/2734 4454/4646/2731
f 4457/4649/2735 4458/4650/2733 4459/4651/2736
f 4460/4652/2734 4459/4651/2736 4458/4650/2733
f 4461/4653/2737 4462/4654/2735 4463/4655/2738
f 4464/4656/2736 4463/4655/2738 4462/4654/2735
f 4465/4657/2739 4466/4658/2737 4467/4659/2740
f 4468/4660/2738 4467/4659/2740 4466/4658/2737
f 4469/4661/2741 4470/4662/2739 4471/4663/2742
f 4472/4664/2740 4471/4663/2742 4470/4662/2739
f 4473/4665/2743 4474/4666/2741 4475/4667/2744
f 4476/4668/2742 4475/4667/2744 4474/4666/2741
f 4477/4669/2745 4478/4670/2743 4479/4671/2746
f 4480/4672/2744 4479/4671/2746 4478/4670/2743
f 4481/4673/2728 4482/4674/2745 4483/4675/2730
f 4484/4676/2746 4483/4675/2730 4482/4674/2745
f 4485/4677/2722 4486/4678/2721 4487/4679/2721
f 4487/4679/2721 4488/4680/2722 4485/4677/2722
f 4489/4681/2721 4490/4682/2720 4491/4683/2720
f 4491/4683/2720 4492/4684/2721 4489/4681/2721
f 4490/4682/2720 4493/4685/2719 4494/4686/2719
f 4494/4686/2719 4491/4683/2720 4490/4682/2720
f 4493/4685/2719 4495/4687/2717 4496/4688/2717
f 4496/4688/2717 4494/4686/2719 4493/4685/2719
f 4497/4689/2717 4498/4690/2718 4499/4691/2718
f 4499/4691/2718 4500/4692/2717 4497/4689/2717
f 4498/4690/2718 4501/4693/2726 4502/4694/2726
f 4502/4694/2726 4499/4691/2718 4498/4690/2718
f 4503/4695/2726 4504/4696/2725 4505/4697/2725
f 4505/4697/2725 4506/4698/2726 4503/4695/2726
f 4504/4696/2725 4507/4699/2724 4508/4700/2724
f 4508/4700/2724 4505/4697/2725 4504/4696/2725
f 4507/4699/2724 4509/4701/2723 4510/4702/2723
f 4510/4702/2723 4508/4700/2724 4507/4699/2724
f 4511/4703/2723 4485/4677/2722 4488/4680/2722
f 4488/4680/2722 4512/4704/2723 4511/4703/2723
f 4553/4705/2737 4554/4706/2735 4555/4707/2736
f 4555/4707/2736 4556/4708/2738 4553/4705/2737
f 4557/4709/2735 4558/4710/2733 4559/4711/2734
f 4559/4711/2734 4560/4712/2736 4557/4709/2735
f 4561/4713/2733 4562/4714/2731 4563/4715/2732
f 4563/4715/2732 4564/4716/2734 4561/4713/2733
f 4565/4717/2731 4566/4718/2727 4567/4719/2729
f 4567/4719/2729 4568/4720/2732 4565/4717/2731
f 4569/4721/2727 4570/4722/2728 4571/4723/2730
f 4571/4723/2730 4572/4724/2729 4569/4721/2727
f 4573/4725/2728 4574/4726/2745 4575/4727/2746
f 4575/4727/2746 4576/4728/2730 4573/4725/2728
f 4577/4729/2745 4578/4730/2743 4579/4731/2744
f 4579/4731/2744 4580/4732/2746 4577/4729/2745
f 4581/4733/2743 4582/4734/2741 4583/4735/2742
f 4583/4735/2742 4584/4736/2744 4581/4733/2743
f 4585/4737/2741 4586/4738/2739 4587/4739/2740
f 4587/4739/2740 4588/4740/2742 4585/4737/2741
f 4589/4741/2739 4590/4742/2737 4591/4743/2738
f 4591/4743/2738 4592/4744/2740 4589/4741/2739
f 4593/4745/2691 4594/4746/2692 4595/4747/2691
f 4596/4748/2692 4595/4747/2691 4594/4746/2692
f 4597/4749/2690 4598/4750/2691 4599/4751/2690
f 4600/4752/2691 4599/4751/2690 4598/4750/2691
f 4601/4753/2689 4597/4749/2690 4602/4754/2689
f 4599/4751/2690 4602/4754/2689 4597/4749/2690
f 4603/4755/2688 4601/4753/2689 4604/4756/2688
f 4602/4754/2689 4604/4756/2688 4601/4753/2689
f 4605/4757/2687 4606/4758/2688 4607/4759/2687
f 4608/4760/2688 4607/4759/2687 4606/4758/2688
f 4609/4761/2696 4605/4757/2687 4610/4762/2696
f 4607/4759/2687 4610/4762/2696 4605/4757/2687
f 4611/4763/2695 4612/4764/2696 4613/4765/2695
f 4614/4766/2696 4613/4765/2695 4612/4764/2696
f 4615/4767/2694 4611/4763/2695 4616/4768/2694
f 4613/4765/2695 4616/4768/2694 4611/4763/2695
f 4617/4769/2693 4615/4767/2694 4618/4770/2693
f 4616/4768/2694 4618/4770/2693 4615/4767/2694
f 4594/4746/2692 4619/4771/2693 4596/4748/2692
f 4620/4772/2693 4596/4748/2692 4619/4771/2693
f 4661/4773/2705 4662/4774/2707 4663/4775/2706
f 4664/4776/2708 4663/4775/2706 4662/4774/2707
f 4665/4777/2703 4666/4778/2705 4667/4779/2704
f 4668/4780/2706 4667/4779/2704 4666/4778/2705
f 4669/4781/2701 4670/4782/2703 4671/4783/2702
f 4672/4784/2704 4671/4783/2702 4670/4782/2703
f 4673/4785/2698 4674/4786/2701 4675/4787/2699
f 4676/4788/2702 4675/4787/2699 4674/4786/2701
f 4677/4789/2697 4678/4790/2698 4679/4791/2700
f 4680/4792/2699 4679/4791/2700 4678/4790/2698
f 4681/4793/2715 4682/4794/2697 4683/4795/2716
f 4684/4796/2700 4683/4795/2716 4682/4794/2697
f 4685/4797/2713 4686/4798/2715 4687/4799/2714
f 4688/4800/2716 4687/4799/2714 4686/4798/2715
f 4689/4801/2711 4690/4802/2713 4691/4803/2712
f 4692/4804/2714 4691/4803/2712 4690/4802/2713
f 4693/4805/2709 4694/4806/2711 4695/4807/2710
f 4696/4808/2712 4695/4807/2710 4694/4806/2711
f 4697/4809/2707 4698/4810/2709 4699/4811/2708
f 4700/4812/2710 4699/4811/2708 4698/4810/2709
f 4705/4813/2747 4706/4814/2747 4707/4815/2748
f 4707/4815/2748 4708/4816/2748 4705/4813/2747
f 4713/4817/2749 4714/4818/2749 4715/4819/2750
f 4715/4819/2750 4716/4820/2750 4713/4817/2749
f 4721/4821/2747 4722/4822/2747 4723/4823/2748
f 4723/4823/2748 4724/4824/2748 4721/4821/2747
f 4729/4825/2749 4730/4826/2749 4731/4827/2750
f 4731/4827/2750 4732/4828/2750 4729/4825/2749
f 4741/4829/2747 4742/4830/2747 4743/4831/10
f 4744/4832/10 4743/4831/10 4742/4830/2747
f 4749/4833/2749 4750/4834/2749 4751/4835/11
f 4752/4836/11 4751/4835/11 4750/4834/2749
f 4757/4837/2747 4758/4838/2747 4759/4839/10
f 4760/4840/10 4759/4839/10 4758/4838/2747
f 4765/4841/2749 4766/4842/2749 4767/4843/11
f 4768/4844/11 4767/4843/11 4766/4842/2749
